Year,Agency,Component,Number of Backlogged Appeals as of End of Fiscal Year from Previous Annual Report,Number of Backlogged Appeals as of End of Fiscal Year from Current Annual Report
2008,CEQ,CEQ,0,0
2008,CFTC,CFTC,0,0
2008,CO,CO,1,0
2008,CPPBSD,CPPBSD,0,0
2008,CSB,CSB,0,0
2008,DHS,CBP,0,100
2008,DHS,FLETC,0,0
2008,DHS,OGC,0,323
2008,DHS,TSA,0,4
2008,DHS,USCG,0,33
2008,DHS,USCIS,0,1913
2008,DHS,USSS,0,28
2008,DNFSB,OGC,0,0
2008,DNFSB,OGM,0,0
2008,DOC,BIS,6,6
2008,DOC,Census,5,5
2008,DOC,EDA,0,0
2008,DOC,ESA,0,1
2008,DOC,ITA,8,7
2008,DOC,MBDA,0,0
2008,DOC,NIST,7,9
2008,DOC,NOAA,40,42
2008,DOC,NTIA,2,2
2008,DOC,NTIS,0,0
2008,DOC,OIG,0,0
2008,DOC,OS,12,15
2008,DOC,PTO,0,0
2008,DoD,AF,0,13
2008,DoD,ARMY,0,55
2008,DoD,ASBCA,0,0
2008,DoD,CENTCOM,0,0
2008,DoD,DCAA,0,0
2008,DoD,DCMA,0,0
2008,DoD,DeCA,0,0
2008,DoD,DFAS,0,0
2008,DoD,DIA,0,191
2008,DoD,DISA,0,0
2008,DoD,DLA,0,6
2008,DoD,DoDEA,0,0
2008,DoD,DoDIG,0,7
2008,DoD,DSS,0,0
2008,DoD,DTIC,0,0
2008,DoD,DTRA,0,0
2008,DoD,EUCOM,0,1
2008,DoD,JFCOM,0,0
2008,DoD,NAVY,0,45
2008,DoD,NGA,0,7
2008,DoD,NORTHCOM,0,0
2008,DoD,NRO,0,0
2008,DoD,NSA,0,7
2008,DoD,OSD/JS,0,339
2008,DoD,PACOM,0,0
2008,DoD,SOCOM,0,1
2008,DoD,SOUTHCOM,0,0
2008,DoD,STRATCOM,0,0
2008,DoD,TRANSCOM,0,3
2008,DoD,TRICARE,0,0
2008,DOE,HQ,2,6
2008,DOI,Appeals,0,537
2008,DOJ,OIP,1316,527
2008,DOJ,USPC,0,0
2008,DOT,FAA,0,67
2008,DOT,FHWA,0,11
2008,DOT,FMCSA,0,6
2008,DOT,FRA,0,0
2008,DOT,FTA,0,2
2008,DOT,MARAD,0,0
2008,DOT,NHTSA,0,0
2008,DOT,OIG,0,1
2008,DOT,OST,0,0
2008,DOT,PHMSA,0,2
2008,DOT,RITA,0,0
2008,DOT,SLSDC,0,0
2008,ED,FSA,0,0
2008,ED,IES,0,0
2008,ED,OCFO,0,0
2008,ED,OCFO-CAM,0,0
2008,ED,OCFO-FSS,0,0
2008,ED,OCIO,0,0
2008,ED,OCO,0,0
2008,ED,OCR,0,0
2008,ED,OCR-Atlanta,0,0
2008,ED,OCR-Boston,0,0
2008,ED,OCR-Chicago,0,0
2008,ED,OCR-Cleveland,0,0
2008,ED,OCR-Dallas,0,0
2008,ED,OCR-Denver,0,0
2008,ED,OCR-Kansas City,0,0
2008,ED,OCR-Metro,0,0
2008,ED,OCR-New York,0,0
2008,ED,OCR-Philadelphia,0,0
2008,ED,OCR-San Francisco,0,0
2008,ED,OCR-Seattle,0,0
2008,ED,OELA,0,0
2008,ED,OESE,0,0
2008,ED,OGC,0,0
2008,ED,OIG,0,17
2008,ED,OII,0,1
2008,ED,OLCA,0,0
2008,ED,OM,0,0
2008,ED,OM-RIMS,24,2
2008,ED,OPE,0,0
2008,ED,OPEPD,0,0
2008,ED,OS,0,0
2008,ED,OSDFS,0,0
2008,ED,OSERS,0,0
2008,ED,OUS,0,0
2008,ED,OVAE,0,0
2008,EPA,HQ,178,151
2008,Ex-Im Bank,Ex-Im Bank,1,0
2008,FCA,FCA,0,0
2008,FCC,FCC,21,23
2008,FCSIC,FCSIC,0,0
2008,FDIC,FDIC,0,0
2008,FEC,FEC,0,1
2008,FERC,FERC,0,0
2008,FFIEC,FFIEC,0,0
2008,FLRA,FLRA,0,0
2008,FMCS,FMCS,0,0
2008,FMSHRC,FMSHRC,0,0
2008,FOMC,FOMC,0,0
2008,FRB,FRB,0,0
2008,FTC,FTC,0,0
2008,GSA,GSA,0,0
2008,HHS,CMS,0,147
2008,HHS,OS,0,316
2008,HUD,Agency,0,0
2008,IAF,IAF,0,0
2008,MSPB,MSPB,0,0
2008,NARA,NARA,8,29
2008,NASA,HQS,0,8
2008,NCUA,NCUA,0,0
2008,NEH,NEH,0,0
2008,NIGC,NIGC,0,0
2008,NMB,NMB,0,0
2008,NRPC,NRPC,0,1
2008,NSF,Foundation,0,0
2008,NSF,OIG,0,0
2008,OGE,OGE,0,0
2008,OMB,OMB,0,0
2008,ONDCP,OLC,0,0
2008,OPIC,OPIC,0,1
2008,OPM,OPM,0,3
2008,OSHRC,OSHRC,0,0
2008,OSTP,OSTP,0,2
2008,PC,FOIA Office,0,3
2008,PC,OIG,0,1
2008,SBA,SBA,0,1
2008,SEC,HQ,36,45
2008,SSA,SSA,23,1
2008,SSS,SSS,0,0
2008,State,DoS,0,480
2008,STB,STB,0,0
2008,Treasury,BEP,0,0
2008,Treasury,BPD,0,0
2008,Treasury,DO,1,12
2008,Treasury,FinCEN,8,0
2008,Treasury,FMS,0,0
2008,Treasury,IRS,0,28
2008,Treasury,MINT,0,0
2008,Treasury,OCC,0,5
2008,Treasury,OTS,0,0
2008,Treasury,TIGTA,5,3
2008,Treasury,TTB,2,5
2008,TVA,TVA,0,0
2008,U.S. CPSC,U.S. CPSC,0,0
2008,US RRB,OIG,0,0
2008,US RRB,RRB,0,0
2008,USIBWC,USIBWC,0,0
2008,USITC,USITC,0,0
2008,USNRC,USNRC,0,0
2008,VA,GC (02),0,68
2009,CEQ,CEQ,0,0
2009,CFTC,CFTC,0,0
2009,CIA,CIA,152,183
2009,CO,CO,0,0
2009,CPPBSD,CPPBSD,0,0
2009,CSB,CSB,0,0
2009,DHS,CBP,100,331
2009,DHS,FLETC,0,0
2009,DHS,OGC,323,520
2009,DHS,TSA,4,2
2009,DHS,USCG,33,69
2009,DHS,USCIS,1913,1821
2009,DHS,USSS,28,4
2009,DNFSB,OGC,0,0
2009,DNFSB,OGM,0,0
2009,DOC,BIS,6,4
2009,DOC,Census,5,2
2009,DOC,EDA,0,0
2009,DOC,ESA,1,1
2009,DOC,ITA,7,2
2009,DOC,MBDA,0,0
2009,DOC,NIST,9,9
2009,DOC,NOAA,42,32
2009,DOC,NTIA,2,1
2009,DOC,NTIS,0,0
2009,DOC,OIG,0,0
2009,DOC,OS,15,9
2009,DOC,PTO,0,0
2009,DoD,AF,25,33
2009,DoD,AFRICOM,0,0
2009,DoD,ARMY,55,0
2009,DoD,ASBCA,0,0
2009,DoD,CENTCOM,0,0
2009,DoD,DCAA,0,0
2009,DoD,DCMA,0,0
2009,DoD,DeCA,0,0
2009,DoD,DFAS,0,1
2009,DoD,DIA,191,200
2009,DoD,DISA,0,2
2009,DoD,DLA,6,6
2009,DoD,DoDEA,0,0
2009,DoD,DoDIG,7,13
2009,DoD,DSS,0,0
2009,DoD,DTIC,0,0
2009,DoD,DTRA,0,0
2009,DoD,EUCOM,0,0
2009,DoD,JFCOM,0,0
2009,DoD,NAVY,45,7
2009,DoD,NGA,7,11
2009,DoD,NGB,0,0
2009,DoD,NORTHCOM,0,0
2009,DoD,NRO,4,7
2009,DoD,NSA,7,23
2009,DoD,OSD/JS,339,272
2009,DoD,PACOM,0,0
2009,DoD,SOCOM,0,0
2009,DoD,SOUTHCOM,0,0
2009,DoD,STRATCOM,0,0
2009,DoD,TRANSCOM,0,0
2009,DoD,TRICARE,0,0
2009,DOE,HQ,6,2
2009,DOI,Appeals,537,437
2009,DOJ,OIP,527,444
2009,DOJ,USPC,0,0
2009,DOT,FAA,67,77
2009,DOT,FHWA,11,10
2009,DOT,FMCSA,6,0
2009,DOT,FRA,0,3
2009,DOT,FTA,2,0
2009,DOT,MARAD,0,2
2009,DOT,NHTSA,0,0
2009,DOT,OIG,1,3
2009,DOT,OST,0,1
2009,DOT,PHMSA,2,0
2009,DOT,RITA,0,0
2009,DOT,SLSDC,0,0
2009,ED,FSA,0,0
2009,ED,IES,0,0
2009,ED,IES-NAGB,0,0
2009,ED,OCFO,0,0
2009,ED,OCFO-CAM,0,0
2009,ED,OCFO-FSS,0,0
2009,ED,OCIO,0,0
2009,ED,OCO,0,0
2009,ED,OCR,0,0
2009,ED,OCR-Atlanta,0,0
2009,ED,OCR-Boston,0,0
2009,ED,OCR-Chicago,0,0
2009,ED,OCR-Cleveland,0,0
2009,ED,OCR-Dallas,0,0
2009,ED,OCR-Denver,0,0
2009,ED,OCR-Kansas City,0,0
2009,ED,OCR-Metro,0,0
2009,ED,OCR-New York,0,0
2009,ED,OCR-Philadelphia,0,0
2009,ED,OCR-San Francisco,0,0
2009,ED,OCR-Seattle,0,0
2009,ED,OELA,0,0
2009,ED,OESE,0,0
2009,ED,OGC,0,0
2009,ED,OIG,0,0
2009,ED,OII,0,0
2009,ED,OLCA,0,0
2009,ED,OM,0,0
2009,ED,OM-RIMS,37,28
2009,ED,OPE,0,0
2009,ED,OPEPD,0,0
2009,ED,OS,0,0
2009,ED,OSDFS,0,0
2009,ED,OSERS,0,0
2009,ED,OUS,0,0
2009,ED,OVAE,0,0
2009,EPA,HQ,149,79
2009,Ex-Im Bank,AGENCY,0,0
2009,FCA,FCA,0,0
2009,FCC,FCC,23,5
2009,FCSIC,FCSIC,0,0
2009,FDIC,FDIC,0,2
2009,FEC,FEC,1,1
2009,FERC,FERC,0,0
2009,FFIEC,FFIEC,0,0
2009,FHFA,FHFA,0,0
2009,FLRA,FSIP,0,0
2009,FLRA,Authority,0,0
2009,FLRA,OGC,0,0
2009,FMCS,FMCS,0,0
2009,FMSHRC,FMSHRC,0,0
2009,FOMC,FOMC,0,0
2009,FRB,FRB,0,0
2009,FTC,FTC,0,0
2009,GSA,GSA,0,0
2009,HHS,CMS,147,150
2009,HHS,OS,316,299
2009,HUD,Agency,0,0
2009,IAF,IAF,0,0
2009,IMLS,IMLS,0,0
2009,MSPB,MSPB,0,0
2009,NARA,NARA,29,6
2009,NASA,HQS,0,8
2009,NCUA,NCUA,0,0
2009,NEH,NEH,0,0
2009,NIGC,NIGC,0,0
2009,NMB,NMB,0,0
2009,NRPC,NRPC,0,1
2009,NSF,Foundation,0,0
2009,NSF,OIG,0,0
2009,OGE,OGE,0,0
2009,OMB,OMB,0,0
2009,ONDCP,OLC,0,0
2009,OPIC,OPIC,1,0
2009,OPM,OPM,3,2
2009,OSHRC,OSHRC,0,0
2009,OSTP,OSTP,0,0
2009,PC,FOIA Office,3,0
2009,PC,OIG,1,0
2009,PRC,PRC,0,0
2009,SBA,SBA,1,0
2009,SEC,HQ,40,21
2009,SIGIR,SIGIR,0,0
2009,SSA,SSA,1,9
2009,SSS,SSS,0,0
2009,State,DoS,480,458
2009,STB,STB,0,0
2009,Treasury,BEP,0,0
2009,Treasury,BPD,0,0
2009,Treasury,DO,12,13
2009,Treasury,FinCEN,0,0
2009,Treasury,FMS,0,0
2009,Treasury,IRS,28,60
2009,Treasury,MINT,0,0
2009,Treasury,OCC,5,0
2009,Treasury,OTS,0,0
2009,Treasury,TIGTA,3,0
2009,Treasury,TTB,6,5
2009,TVA,TVA,0,0
2009,U.S. CPSC,U.S. CPSC,0,0
2009,U.S. DOL,ADJ BDS,0,1
2009,U.S. DOL,ALJ,1,1
2009,U.S. DOL,ASP,0,0
2009,U.S. DOL,BLS,2,0
2009,U.S. DOL,CFO,1,1
2009,U.S. DOL,EBSA,6,2
2009,U.S. DOL,ESA - OFCCP,7,3
2009,U.S. DOL,ESA - OLMS,3,0
2009,U.S. DOL,ESA - OMAP,6,3
2009,U.S. DOL,ESA - OWCP,14,19
2009,U.S. DOL,ESA - WHD,13,13
2009,U.S. DOL,ETA,22,31
2009,U.S. DOL,ILAB,0,0
2009,U.S. DOL,JOB CORP,0,1
2009,U.S. DOL,MSHA,4,4
2009,U.S. DOL,OASAM,5,4
2009,U.S. DOL,OCIA,0,0
2009,U.S. DOL,ODEP,0,0
2009,U.S. DOL,OIG,0,4
2009,U.S. DOL,OPA,0,0
2009,U.S. DOL,OSBP,0,0
2009,U.S. DOL,OSHA,117,84
2009,U.S. DOL,SOL,2,2
2009,U.S. DOL,VETS,5,5
2009,U.S. DOL,WB,0,0
2009,US RRB,OIG,0,0
2009,US RRB,RRB,0,0
2009,USITC,USITC,0,0
2009,USNRC,USNRC,0,3
2009,VA,GC,68,72
2010,ABMC,ABMC,0,0
2010,ACUS,ACUS,0,0
2010,BBG,BBG,0,0
2010,CEQ,CEQ,0,0
2010,CFTC,CFTC,0,0
2010,CIA,CIA,183,220
2010,CIGIE,CIGIE,0,0
2010,CNCS,CNCS,0,0
2010,CO,CO,0,0
2010,CPPBSD,CPPBSD,0,0
2010,CSB,CSB,0,0
2010,CSOSA,HQ,0,0
2010,DHS,CBP,331,0
2010,DHS,FLETC,0,0
2010,DHS,ICE,0,19
2010,DHS,OGC,520,522
2010,DHS,TSA,2,7
2010,DHS,USCG,69,48
2010,DHS,USCIS,1821,3
2010,DHS,USSS,4,2
2010,DNFSB,OGC,0,0
2010,DNFSB,OGM,0,0
2010,DOC,BIS,4,9
2010,DOC,Census,2,14
2010,DOC,EDA,0,0
2010,DOC,ESA,1,1
2010,DOC,ITA,2,1
2010,DOC,MBDA,0,0
2010,DOC,NIST,9,8
2010,DOC,NOAA,32,30
2010,DOC,NTIA,1,1
2010,DOC,NTIS,0,0
2010,DOC,OIG,0,1
2010,DOC,OS,9,8
2010,DOC,PTO,0,0
2010,DoD,AF,33,86
2010,DoD,ARMY,0,21
2010,DoD,ASBCA,0,0
2010,DoD,DCAA,0,0
2010,DoD,DCMA,0,3
2010,DoD,DeCA,1,0
2010,DoD,DFAS,0,0
2010,DoD,DIA,200,206
2010,DoD,DISA,2,4
2010,DoD,DLA,6,2
2010,DoD,DoDIG,13,17
2010,DoD,DSS,0,0
2010,DoD,DTRA,0,0
2010,DoD,NAVY,7,20
2010,DoD,NGA,11,6
2010,DoD,NRO,7,4
2010,DoD,NSA,23,44
2010,DoD,OSD/JS,272,244
2010,DOE,BPA,0,0
2010,DOE,CBFO,0,0
2010,DOE,CH,0,0
2010,DOE,EMCBC,0,0
2010,DOE,GFO,0,0
2010,DOE,HQ,2,3
2010,DOE,ID,0,0
2010,DOE,NETL,0,0
2010,DOE,NNSA,0,0
2010,DOE,NR,0,0
2010,DOE,NRLFO,0,0
2010,DOE,ORO,0,0
2010,DOE,OSTI,0,0
2010,DOE,ROO,0,0
2010,DOE,SEPA,0,0
2010,DOE,SPR,0,0
2010,DOE,SRO,0,0
2010,DOE,SWPA,0,0
2010,DOE,WAPA,0,0
2010,DOI,Appeals,437,274
2010,DOJ,OIP,444,348
2010,DOJ,USPC,0,5
2010,DOT,FAA,77,66
2010,DOT,FHWA,10,11
2010,DOT,FMCSA,0,4
2010,DOT,FRA,3,0
2010,DOT,FTA,0,0
2010,DOT,MARAD,2,2
2010,DOT,NHTSA,0,0
2010,DOT,OIG,3,0
2010,DOT,OST,1,1
2010,DOT,PHMSA,0,0
2010,DOT,RITA,0,0
2010,DOT,SLSDC,0,0
2010,ED,OM-RIMS,28,20
2010,EEOC,ATLANTA,0,0
2010,EEOC,BIRMINGHAM,0,0
2010,EEOC,CHARLOTTE,0,0
2010,EEOC,CHICAGO,0,0
2010,EEOC,DALLAS,0,0
2010,EEOC,HOUSTON,0,0
2010,EEOC,INDIANAPOLIS,0,0
2010,EEOC,LOS ANGELES,0,0
2010,EEOC,MEMPHIS,0,0
2010,EEOC,MIAMI,0,0
2010,EEOC,NEW YORK,0,0
2010,EEOC,OLC/HDQ,1,8
2010,EEOC,PHILADELPHIA,0,0
2010,EEOC,PHOENIX,0,0
2010,EEOC,SAN FRANCISCO,0,0
2010,EEOC,ST. LOUIS,0,0
2010,EEOC,WFO,0,0
2010,EPA,HQ,79,77
2010,Ex-Im Bank,HQ,0,0
2010,FCA,FCA,0,0
2010,FCC,FCC,5,11
2010,FCSIC,FCSIC,0,0
2010,FDIC,FDIC,2,0
2010,FEC,FEC,1,1
2010,FERC,FERC,0,0
2010,FFIEC,FFIEC,0,0
2010,FLRA,FSIP,0,0
2010,FLRA,Authority,0,2
2010,FLRA,OGC,0,0
2010,FMC,FMC,0,0
2010,FMSHRC,FMSHRC,0,0
2010,FOMC,FOMC,0,0
2010,FRB,FRB,0,0
2010,FTC,FTC,0,0
2010,GSA,GSA,0,1
2010,HHS,ACF,0,0
2010,HHS,AOA,0,0
2010,HHS,CMS,150,31
2010,HHS,OIG,0,0
2010,HHS,AHRQ,0,0
2010,HHS,CDC,0,0
2010,HHS,FDA,0,0
2010,HHS,HRSA,0,0
2010,HHS,IHS,0,0
2010,HHS,NIH,0,0
2010,HHS,SAMHSA,0,0
2010,HHS,OS,299,198
2010,HHS,OPHS/PSC,0,0
2010,HUD,HQ,0,10
2010,HUD,OIG,0,1
2010,HUD,R01,0,0
2010,HUD,R02,0,0
2010,HUD,R03,0,0
2010,HUD,R04,0,0
2010,HUD,R05,0,0
2010,HUD,R06,0,0
2010,HUD,R07,0,0
2010,HUD,R08,0,0
2010,HUD,R09,0,0
2010,HUD,R0X,0,0
2010,IMLS,IMLS,0,0
2010,LSC,LSC,0,0
2010,MCC,MCC,0,0
2010,MSPB,OCB,0,0
2010,NARA,NARA,6,8
2010,NASA,ARC,0,0
2010,NASA,DFRC,0,0
2010,NASA,GRC,0,0
2010,NASA,GSFC,0,0
2010,NASA,HQ,0,0
2010,NASA,JPL,0,0
2010,NASA,JSC,0,0
2010,NASA,KSC,0,0
2010,NASA,LaRC,0,0
2010,NASA,MSFC,0,0
2010,NASA,NSSC,0,0
2010,NASA,OGC,0,2
2010,NASA,OIG,0,0
2010,NASA,SSC,0,0
2010,NCPC,NCPC,0,0
2010,NCUA,NCUA,0,1
2010,NEA,NEA,0,0
2010,NEH,NEH,0,0
2010,NIGC,NIGC,0,0
2010,NLRB,NLRB,0,0
2010,NMB,NMB,0,0
2010,NRPC,NRPC,1,2
2010,NSF,OGC,0,0
2010,NSF,OIG,0,0
2010,NTSB,HQ,3,1
2010,ODNI,ODNI,0,3
2010,OGE,OGE,0,0
2010,OMB,OMB,0,0
2010,ONDCP,OLC,0,0
2010,OPIC,OPIC,0,0
2010,OPM,OPM,2,1
2010,OSC,OSC,8,5
2010,OSHRC,OSHRC,0,0
2010,OSTP,OSTP,0,0
2010,PBGC,PBGC,0,0
2010,PC,FOIA Office,0,0
2010,PC,OIG,0,0
2010,SBA,SBA,0,0
2010,SEC,HQ,21,6
2010,SIGAR,SIGAR,0,0
2010,SIGIR,SIGIR,0,0
2010,SSA,SSA,9,3
2010,SSS,SSS,0,0
2010,State,DoS,458,346
2010,STB,STB,0,0
2010,Treasury,BEP,0,0
2010,Treasury,BPD,0,0
2010,Treasury,DO,13,30
2010,Treasury,FinCEN,0,0
2010,Treasury,FMS,0,0
2010,Treasury,IRS,0,11
2010,Treasury,MINT,0,0
2010,Treasury,OCC,8,8
2010,Treasury,OTS,0,1
2010,Treasury,TIGTA,0,0
2010,Treasury,TTB,5,0
2010,TVA,TVA,0,0
2010,U.S. CPSC,U.S. CPSC,0,0
2010,U.S. DOL,ADJ BDS,0,1
2010,U.S. DOL,ALJ,1,2
2010,U.S. DOL,ASP,0,0
2010,U.S. DOL,BLS,0,0
2010,U.S. DOL,CFO,1,0
2010,U.S. DOL,EBSA,3,0
2010,U.S. DOL,ETA,31,14
2010,U.S. DOL,ILAB,0,0
2010,U.S. DOL,MSHA,4,12
2010,U.S. DOL,OASAM,4,3
2010,U.S. DOL,OCIA,0,0
2010,U.S. DOL,ODEP,0,0
2010,U.S. DOL,OFCCP,3,4
2010,U.S. DOL,OIG,4,0
2010,U.S. DOL,OLMS,0,2
2010,U.S. DOL,OPA,0,0
2010,U.S. DOL,OSHA,90,69
2010,U.S. DOL,OWCP,20,19
2010,U.S. DOL,SOL,2,0
2010,U.S. DOL,VETS,5,5
2010,U.S. DOL,WB,0,0
2010,U.S. DOL,WHD,15,12
2010,US ADF,US ADF,0,0
2010,US RRB,OIG,0,0
2010,US RRB,RRB,0,0
2010,USAID,USAID,9,14
2010,USCCR,USCCR,0,0
2010,USDA,AMS,6,11
2010,USDA,APHIS,72,58
2010,USDA,ASCR,0,0
2010,USDA,DM,0,1
2010,USDA,FAS,0,0
2010,USDA,FNCS,4,7
2010,USDA,FS,26,26
2010,USDA,FSA,6,2
2010,USDA,FSIS,5,5
2010,USDA,GIPSA,0,0
2010,USDA,NAD,1,1
2010,USDA,NRCS,4,0
2010,USDA,OBPA,0,0
2010,USDA,OCFO,0,0
2010,USDA,OGC,3,3
2010,USDA,OIG,1,3
2010,USDA,OSEC,0,2
2010,USDA,RD,17,15
2010,USDA,REE,2,0
2010,USDA,RMA,3,2
2010,USIBWC,USIBWC,0,0
2010,USITC,USITC,0,0
2010,USNRC,USNRC,3,1
2010,USPS,PS and PIS,2,2
2010,USPS,OIG,1,0
2010,USTDA,USTDA,0,0
2010,USTR,USTR,0,0
2010,VA,Admin,0,0
2010,VA,BVA,0,0
2010,VA,C&LA,0,0
2010,VA,CFM,0,0
2010,VA,GC,72,185
2010,VA,HRM,0,0
2010,VA,IG,0,0
2010,VA,Mgmt,0,0
2010,VA,NCA,0,0
2010,VA,OAL,0,0
2010,VA,OASHRA,0,0
2010,VA,OASP&IA,0,0
2010,VA,ODASB,0,0
2010,VA,ODASIA,0,0
2010,VA,ODI,0,0
2010,VA,OF,0,0
2010,VA,OI&T,0,0
2010,VA,ORM,0,0
2010,VA,OSDBU,0,0
2010,VA,OSP,0,0
2010,VA,P&P,0,0
2010,VA,PA,0,0
2010,VA,SEC,0,0
2010,VA,VBA,0,0
2010,VA,VHA,0,0
2011,ABMC,ABMC,0,0
2011,ACUS,ACUS,0,0
2011,AFRH,AFRH,0,0
2011,BBG,BBG,0,0
2011,CEQ,CEQ,0,0
2011,CFTC,CFTC,1,1
2011,CIA,CIA,220,199
2011,CIGIE,CIGIE,0,0
2011,CNCS,CNCS,0,0
2011,CO,CO,0,0
2011,CPPBSD,CPPBSD,0,0
2011,CSB,CSB,0,0
2011,CSOSA,CSOSA,0,0
2011,DHS,CBP,0,0
2011,DHS,FLETC,0,0
2011,DHS,ICE,19,18
2011,DHS,OGC,176,141
2011,DHS,OIG,0,12
2011,DHS,TSA,7,2
2011,DHS,USCG,48,49
2011,DHS,USCIS,3,105
2011,DHS,USSS,2,0
2011,DNFSB,OGC,0,0
2011,DNFSB,OGM,0,0
2011,DOC,PTO,0,0
2011,DOC,AGC/Admin.,73,47
2011,DoD,AF,86,142
2011,DoD,ARMY,21,29
2011,DoD,ASBCA,0,0
2011,DoD,DCAA,0,0
2011,DoD,DCMA,3,0
2011,DoD,DeCA,0,0
2011,DoD,DFAS,0,0
2011,DoD,DIA,206,197
2011,DoD,DISA,4,3
2011,DoD,DLA,2,1
2011,DoD,DoD IG,17,26
2011,DoD,DSS,0,0
2011,DoD,DTRA,0,0
2011,DoD,NAVY,20,1
2011,DoD,NGA,6,0
2011,DoD,NRO,4,2
2011,DoD,NSA,44,67
2011,DoD,OSD/JS,244,269
2011,DOE,BPA,0,0
2011,DOE,CBFO,0,0
2011,DOE,CH,0,0
2011,DOE,EMCBC,0,0
2011,DOE,GFO,0,0
2011,DOE,HQ,3,8
2011,DOE,ID,0,0
2011,DOE,NETL,0,0
2011,DOE,NNSA,0,0
2011,DOE,NR,0,0
2011,DOE,NRLFO,0,0
2011,DOE,ORO,0,0
2011,DOE,OSTI,0,0
2011,DOE,ROO,0,0
2011,DOE,SEPA,0,0
2011,DOE,SPR,0,0
2011,DOE,SRO,0,0
2011,DOE,SWPA,0,0
2011,DOE,WAPA,0,0
2011,DOI,Appeals,274,222
2011,DOJ,OIP,348,204
2011,DOJ,USPC,5,4
2011,DOT,FAA,66,42
2011,DOT,FHWA,11,14
2011,DOT,FMCSA,4,5
2011,DOT,FRA,0,0
2011,DOT,FTA,0,4
2011,DOT,MARAD,2,0
2011,DOT,NHTSA,0,0
2011,DOT,OIG,0,0
2011,DOT,OST,1,0
2011,DOT,PHMSA,0,0
2011,DOT,RITA,0,0
2011,DOT,SLSDC,0,0
2011,ED,OM-PIRMS,20,39
2011,EEOC,ATLANTA,0,0
2011,EEOC,BIRMINGHAM,0,0
2011,EEOC,CHARLOTTE,0,0
2011,EEOC,CHICAGO,0,0
2011,EEOC,DALLAS,0,0
2011,EEOC,HOUSTON,0,0
2011,EEOC,INDIANAPOLIS,0,0
2011,EEOC,LOS ANGELES,0,0
2011,EEOC,MEMPHIS,0,0
2011,EEOC,MIAMI,0,0
2011,EEOC,NEW YORK,0,0
2011,EEOC,OLC/HDQ,8,2
2011,EEOC,PHILADELPHIA,0,0
2011,EEOC,PHOENIX,0,0
2011,EEOC,SAN FRANCISCO,0,0
2011,EEOC,ST. LOUIS,0,0
2011,EEOC,WFO,0,0
2011,EPA,HQ,77,64
2011,EPA,Region 1,0,0
2011,EPA,Region 2,0,0
2011,EPA,Region 3,0,0
2011,EPA,Region 4,0,0
2011,EPA,Region 5,0,0
2011,EPA,Region 6,0,0
2011,EPA,Region 7,0,0
2011,EPA,Region 8,0,0
2011,EPA,Region 9,0,0
2011,EPA,Region 10,0,0
2011,Ex-Im Bank,HQ,0,1
2011,FCA,FCA,0,0
2011,FCC,FCC,11,9
2011,FCSIC,FCSIC,0,0
2011,FDIC,FDIC,0,0
2011,FEC,FEC,1,1
2011,FERC,FERC,0,0
2011,FFIEC,FFIEC,0,0
2011,FHFA,FHFA FOIA,0,0
2011,FHFA,FHFA-OIG,0,0
2011,FLRA,FSIP,0,0
2011,FLRA,Authority,2,0
2011,FLRA,OGC,0,0
2011,FMC,FMC,0,0
2011,FMCS,FMCS,0,0
2011,FMSHRC,FMSHRC,0,0
2011,FOMC,FOMC,0,0
2011,FRB,FRB,0,1
2011,FRTIB,FRTIB,0,0
2011,FTC,FTC,0,3
2011,GSA,GSA,2,3
2011,HHS,CMS,31,36
2011,HHS,OS,198,68
2011,HUD,HQ,10,2
2011,HUD,OIG,1,0
2011,HUD,R01,0,0
2011,HUD,R02,1,0
2011,HUD,R03,0,0
2011,HUD,R04,0,0
2011,HUD,R05,0,0
2011,HUD,R06,0,0
2011,HUD,R07,0,0
2011,HUD,R08,1,0
2011,HUD,R09,0,0
2011,HUD,R0X,0,0
2011,IAF,IAF,0,0
2011,IMLS,IMLS,0,0
2011,LSC,LSC,0,0
2011,MCC,MCC,0,0
2011,MSPB,MSPB,0,0
2011,NARA,NARA,6,8
2011,NASA,ARC,0,0
2011,NASA,DFRC,0,0
2011,NASA,GRC,0,0
2011,NASA,GSFC,0,0
2011,NASA,HQ,0,0
2011,NASA,JPL,0,0
2011,NASA,JSC,0,0
2011,NASA,KSC,0,0
2011,NASA,LaRC,0,0
2011,NASA,MSFC,0,0
2011,NASA,NSSC,0,0
2011,NASA,OGC,2,0
2011,NASA,OIG,0,0
2011,NASA,SSC,0,0
2011,NCPC,NCPC,0,0
2011,NCUA,NCUA,1,0
2011,NEA,NEA,0,0
2011,NEH,NEH,0,1
2011,NIGC,NIGC,4,0
2011,NLRB,NLRB,0,1
2011,NMB,NMB,0,0
2011,NRPC,NRPC,2,2
2011,NSF,OGC,0,0
2011,NSF,OIG,0,0
2011,NTSB,NTSB,1,0
2011,ODNI,ODNI,3,14
2011,OGE,OGE,0,0
2011,OMB,OMB,0,0
2011,ONDCP,ONDCP,0,0
2011,ONHIR,ONHIR,0,0
2011,OPIC,OPIC,0,0
2011,OPM,OPM,1,8
2011,OSC,OSC,5,8
2011,OSHRC,OSHRC,0,0
2011,OSTP,OSTP,0,0
2011,PBGC,PBGC,0,2
2011,PC,FOIA Office,0,2
2011,PC,OIG,0,0
2011,PRC,PRC,0,0
2011,SBA,SBA,0,0
2011,SEC,SEC,6,19
2011,SIGAR,SIGAR,0,0
2011,SIGIR,SIGIR,0,0
2011,SSA,SSA,3,7
2011,SSS,SSS,0,0
2011,State,DoS,346,294
2011,STB,STB,0,0
2011,Treasury,BEP,0,0
2011,Treasury,BPD,0,0
2011,Treasury,CFPB,0,0
2011,Treasury,DO,32,34
2011,Treasury,FinCEN,0,0
2011,Treasury,FMS,0,0
2011,Treasury,IRS,11,4
2011,Treasury,MINT,0,0
2011,Treasury,OCC,9,13
2011,Treasury,OTS,1,0
2011,Treasury,TIGTA,0,0
2011,TVA,TVA,0,0
2011,U.S. CPSC,U.S. CPSC,0,0
2011,U.S. DOL,ADJ BDS,1,1
2011,U.S. DOL,ALJ,2,1
2011,U.S. DOL,ASP,0,0
2011,U.S. DOL,BLS,0,0
2011,U.S. DOL,CFO,0,0
2011,U.S. DOL,EBSA,0,3
2011,U.S. DOL,ETA,14,8
2011,U.S. DOL,EXEC SEC,0,0
2011,U.S. DOL,ILAB,0,0
2011,U.S. DOL,MSHA,12,12
2011,U.S. DOL,OASAM,3,7
2011,U.S. DOL,OCIA,0,0
2011,U.S. DOL,ODEP,0,0
2011,U.S. DOL,OFCCP,4,1
2011,U.S. DOL,OIG,0,2
2011,U.S. DOL,OLMS,2,3
2011,U.S. DOL,OPA,0,0
2011,U.S. DOL,OSEC,0,0
2011,U.S. DOL,OSHA,69,19
2011,U.S. DOL,OWCP,19,19
2011,U.S. DOL,SOL,0,0
2011,U.S. DOL,VETS,5,3
2011,U.S. DOL,WB,0,0
2011,U.S. DOL,WHD,12,8
2011,US ADF,US ADF,0,0
2011,US RRB,OIG,0,0
2011,US RRB,RRB,0,0
2011,USAID,USAID,12,22
2011,USCCR,USCCR,0,0
2011,USDA,AMS,7,8
2011,USDA,APHIS,57,68
2011,USDA,ASCR,0,0
2011,USDA,DM,1,0
2011,USDA,FAS,0,0
2011,USDA,FNCS,7,7
2011,USDA,FS,25,14
2011,USDA,FSA,2,2
2011,USDA,FSIS,5,5
2011,USDA,GIPSA,0,1
2011,USDA,NAD,1,1
2011,USDA,NRCS,0,0
2011,USDA,OBPA,0,0
2011,USDA,OCFO,0,0
2011,USDA,OGC,3,1
2011,USDA,OIG,6,7
2011,USDA,OSEC/OCIO,2,2
2011,USDA,RD,15,18
2011,USDA,REE,0,0
2011,USDA,RMA,2,13
2011,USIBWC,USIBWC,0,0
2011,USITC,USITC,0,0
2011,USNRC,USNRC,1,0
2011,USPS,OIG,0,0
2011,USPS,PS & PIS,2,1
2011,USTDA,USTDA,0,0
2011,USTR,USTR,0,0
2011,VA,GC,185,294
2012,ABMC,ABMC,0,0
2012,ACUS,ACUS,0,0
2012,AFRH,AFRH,0,0
2012,BBG,BBG,0,0
2012,CEQ,CEQ,0,0
2012,CFTC,CFTC,1,4
2012,CIA,CIA,199,206
2012,CIGIE,CIGIE,0,2
2012,CNCS,CNCS,0,1
2012,CO,CO,0,0
2012,CPPBSD,CPPBSD,0,0
2012,CSB,CSB,0,0
2012,CSOSA,CSOSA,0,0
2012,DHS,CBP,0,0
2012,DHS,FLETC,0,0
2012,DHS,ICE,18,0
2012,DHS,OGC,141,99
2012,DHS,OIG,12,13
2012,DHS,TSA,2,10
2012,DHS,USCG,49,33
2012,DHS,USCIS,105,10
2012,DHS,USSS,0,0
2012,DNFSB,OGC,0,0
2012,DNFSB,OGM,0,0
2012,DOC,BIS,6,7
2012,DOC,Census,14,3
2012,DOC,EDA,0,0
2012,DOC,ESA,0,1
2012,DOC,ITA,1,1
2012,DOC,MBDA,0,0
2012,DOC,NIST,6,5
2012,DOC,NOAA,10,8
2012,DOC,NTIA,2,1
2012,DOC,NTIS,0,0
2012,DOC,OIG,3,2
2012,DOC,OS,5,5
2012,DOC,PTO,0,0
2012,DoD,AF,142,119
2012,DoD,ARMY,29,26
2012,DoD,ASBCA,0,0
2012,DoD,DCAA,0,0
2012,DoD,DCMA,0,3
2012,DoD,DeCA,0,0
2012,DoD,DFAS,0,0
2012,DoD,DIA,197,147
2012,DoD,DISA,3,3
2012,DoD,DLA,1,4
2012,DoD,DoD IG,26,29
2012,DoD,DSS,0,1
2012,DoD,DTRA,0,1
2012,DoD,NAVY,1,1
2012,DoD,NGA,0,1
2012,DoD,NRO,2,1
2012,DoD,NSA,67,79
2012,DoD,OSD/JS,269,354
2012,DOE,BPA,0,0
2012,DOE,CBFO,0,0
2012,DOE,CH,0,0
2012,DOE,EMCBC,0,0
2012,DOE,GFO,0,0
2012,DOE,HQ,8,4
2012,DOE,ID,0,0
2012,DOE,NETL,0,0
2012,DOE,NNSA,0,0
2012,DOE,NR,0,0
2012,DOE,NRLFO,0,0
2012,DOE,ORO,0,0
2012,DOE,OSTI,0,0
2012,DOE,ROO,0,0
2012,DOE,SEPA,0,0
2012,DOE,SPR,0,0
2012,DOE,SRO,0,0
2012,DOE,SWPA,0,0
2012,DOE,WAPA,0,0
2012,DOI,FOIA/PA Appeals,222,186
2012,DOJ,OIP,204,353
2012,DOJ,USPC,4,0
2012,DOT,FAA,42,29
2012,DOT,FHWA,14,13
2012,DOT,FMCSA,5,2
2012,DOT,FRA,0,0
2012,DOT,FTA,4,0
2012,DOT,MARAD,0,1
2012,DOT,NHTSA,0,0
2012,DOT,OIG,0,2
2012,DOT,OST,0,0
2012,DOT,PHMSA,0,0
2012,DOT,RITA,0,0
2012,DOT,SLSDC,0,0
2012,ED,OM-PIRMS,39,27
2012,EEOC,OLC/HDQ,2,0
2012,EPA,HQ,64,57
2012,Ex-Im Bank,HQ,1,2
2012,FCA,FCA,0,0
2012,FCC,FCC,9,9
2012,FCSIC,FCSIC,0,0
2012,FDIC,FDIC,0,1
2012,FEC,FEC,1,1
2012,FERC,FERC,0,1
2012,FFIEC,FFIEC,0,0
2012,FHFA,FHFA FOIA,0,0
2012,FHFA,FHFA-OIG,0,0
2012,FLRA,FSIP,0,0
2012,FLRA,Authority,0,0
2012,FLRA,OGC,0,0
2012,FMC,FMC,0,0
2012,FMCS,FMCS,0,0
2012,FMSHRC,FMSHRC,0,0
2012,FOMC,FOMC,0,0
2012,FRB,FRB,1,5
2012,FRTIB,FRTIB,0,0
2012,FTC,FTC,3,0
2012,GSA,GSA,3,4
2012,HHS,CMS,36,87
2012,HHS,OS,68,187
2012,HUD,HQ,2,3
2012,HUD,OIG,0,0
2012,HUD,R01,0,0
2012,HUD,R02,0,0
2012,HUD,R03,0,1
2012,HUD,R04,0,0
2012,HUD,R05,0,0
2012,HUD,R06,0,0
2012,HUD,R07,0,0
2012,HUD,R08,0,0
2012,HUD,R09,0,0
2012,HUD,R0X,0,1
2012,IAF,IAF,0,0
2012,IMLS,IMLS,0,0
2012,LSC,OLA,0,0
2012,LSC,OIG,0,0
2012,MCC,MCC,0,0
2012,MSPB,MSPB,0,1
2012,NARA,NARA,6,5
2012,NASA,ARC,0,0
2012,NASA,DFRC,0,0
2012,NASA,GRC,0,0
2012,NASA,GSFC,0,0
2012,NASA,HQ,0,0
2012,NASA,JPL,0,0
2012,NASA,JSC,0,0
2012,NASA,KSC,0,0
2012,NASA,LaRC,0,0
2012,NASA,MSFC,0,0
2012,NASA,NSSC,0,0
2012,NASA,OGC,0,0
2012,NASA,OIG,0,0
2012,NASA,SSC,0,0
2012,NCPC,NCPC,0,0
2012,NCUA,NCUA,0,0
2012,NEA,NEA,0,0
2012,NEH,NEH,1,0
2012,NIGC,NIGC,0,0
2012,NLRB,NLRB,1,1
2012,NMB,NMB,0,0
2012,NRPC,NRPC,2,1
2012,NSF,OGC,0,0
2012,NSF,OIG,0,0
2012,NTSB,NTSB,0,0
2012,ODNI,ODNI,14,18
2012,OGE,OGE,0,0
2012,OMB,OMB,0,0
2012,ONDCP,ONDCP,0,0
2012,ONHIR,ONHIR,0,0
2012,OPIC,OPIC,0,0
2012,OPM,OPM,8,4
2012,OSC,OSC,8,8
2012,OSHRC,OSHRC,0,0
2012,OSTP,OSTP,0,0
2012,PBGC,PBGC,2,0
2012,PC,FOIA Office,2,0
2012,PC,OIG,0,0
2012,PRC,PRC,0,0
2012,RATB,RATB,0,0
2012,SBA,SBA,0,0
2012,SEC,SEC,19,11
2012,SIGAR,SIGAR,0,0
2012,SIGIR,SIGIR,0,0
2012,SSA,SSA,7,15
2012,SSS,SSS,0,0
2012,State,DoS,294,352
2012,State,OIG,0,0
2012,STB,STB,0,0
2012,Treasury,BEP,0,0
2012,Treasury,BPD,0,0
2012,Treasury,CFPB,0,0
2012,Treasury,DO,34,27
2012,Treasury,FinCEN,0,0
2012,Treasury,FMS,0,1
2012,Treasury,IRS,4,0
2012,Treasury,MINT,0,0
2012,Treasury,OCC,13,4
2012,Treasury,TIGTA,0,0
2012,Treasury,TTB,0,0
2012,TVA,TVA,0,0
2012,U.S. CPSC,U.S. CPSC,0,0
2012,U.S. DOL,ADJ BDS,1,0
2012,U.S. DOL,ALJ,1,1
2012,U.S. DOL,ASP,0,0
2012,U.S. DOL,BLS,0,1
2012,U.S. DOL,CFO,0,0
2012,U.S. DOL,EBSA,3,2
2012,U.S. DOL,ETA,8,13
2012,U.S. DOL,EXEC SEC,0,0
2012,U.S. DOL,ILAB,0,0
2012,U.S. DOL,MSHA,12,11
2012,U.S. DOL,OASAM,7,8
2012,U.S. DOL,OCIA,0,0
2012,U.S. DOL,ODEP,0,0
2012,U.S. DOL,OFCCP,1,4
2012,U.S. DOL,OIG,2,2
2012,U.S. DOL,OLMS,3,6
2012,U.S. DOL,OPA,0,0
2012,U.S. DOL,OSEC,0,0
2012,U.S. DOL,OSHA,19,45
2012,U.S. DOL,OWCP,19,27
2012,U.S. DOL,SOL,0,1
2012,U.S. DOL,VETS,3,4
2012,U.S. DOL,WB,0,0
2012,U.S. DOL,WHD,8,14
2012,US ADF,US ADF,0,0
2012,US RRB,OIG,0,0
2012,US RRB,RRB,0,0
2012,USAID,USAID,22,35
2012,USCCR,USCCR,0,0
2012,USDA,AMS,7,4
2012,USDA,APHIS,68,80
2012,USDA,ASCR,0,0
2012,USDA,DM,0,1
2012,USDA,FAS,0,0
2012,USDA,FNCS,7,18
2012,USDA,FS,14,29
2012,USDA,FSA,2,0
2012,USDA,FSIS,5,0
2012,USDA,GIPSA,1,0
2012,USDA,NAD,1,1
2012,USDA,NRCS,0,0
2012,USDA,OBPA,0,0
2012,USDA,OCFO,0,2
2012,USDA,OGC,1,0
2012,USDA,OIG,7,4
2012,USDA,OSEC/OCIO,2,1
2012,USDA,RD,18,10
2012,USDA,REE,0,0
2012,USDA,RMA,13,13
2012,USIBWC,USIBWC,0,0
2012,USITC,USITC,0,0
2012,USNRC,USNRC,0,0
2012,USPS,OIG,0,0
2012,USPS,PS & PIS,1,5
2012,USTDA,USTDA,0,0
2012,USTR,USTR,0,0
2012,VA,GC,294,173
2013,ABMC,ABMC,0,0
2013,ACUS,ACUS,0,0
2013,AFRH,AFRH,0,0
2013,BBG,BBG,0,0
2013,CEQ,CEQ,0,0
2013,CFPB,CFPB,0,0
2013,CFTC,CFTC,4,4
2013,CIA,CIA,206,163
2013,CIGIE,CIGIE,2,2
2013,CNCS,CNCS,1,0
2013,CO,CO,0,1
2013,CPPBSD,CPPBSD,0,0
2013,CSOSA,CSOSA,0,0
2013,DHS,CBP,0,0
2013,DHS,FEMA,60,31
2013,DHS,FLETC,0,1
2013,DHS,ICE,0,32
2013,DHS,OGC,99,13
2013,DHS,OIG,13,28
2013,DHS,TSA,10,7
2013,DHS,USCG,33,29
2013,DHS,USCIS,10,3
2013,DHS,USSS,0,1
2013,DNFSB,DNFSB,0,0
2013,DOC,BIS,7,3
2013,DOC,Census,3,4
2013,DOC,EDA,0,1
2013,DOC,ESA,1,0
2013,DOC,ITA,1,1
2013,DOC,MBDA,0,0
2013,DOC,NIST,5,4
2013,DOC,NOAA,8,16
2013,DOC,NTIA,1,3
2013,DOC,NTIS,0,0
2013,DOC,OIG,2,0
2013,DOC,OS,5,2
2013,DOC,PTO,0,0
2013,DoD,AF,119,141
2013,DoD,ARMY,26,27
2013,DoD,ASBCA,0,0
2013,DoD,DCAA,0,0
2013,DoD,DCMA,3,0
2013,DoD,DeCA,0,0
2013,DoD,DFAS,0,0
2013,DoD,DIA,147,92
2013,DoD,DISA,3,4
2013,DoD,DLA,4,0
2013,DoD,DoD IG,29,27
2013,DoD,DSS,1,0
2013,DoD,DTRA,1,2
2013,DoD,NAVY,1,3
2013,DoD,NGA,1,13
2013,DoD,NRO,1,6
2013,DoD,NSA,79,56
2013,DoD,OSD/JS,354,302
2013,DOE,BPA,0,0
2013,DOE,CBFO,0,0
2013,DOE,CH,0,0
2013,DOE,EMCBC,0,0
2013,DOE,GFO,0,0
2013,DOE,HQ,4,3
2013,DOE,ID,0,0
2013,DOE,NETL,0,0
2013,DOE,NNSA,0,0
2013,DOE,NR,0,0
2013,DOE,NRLFO,0,0
2013,DOE,ORO,0,0
2013,DOE,OSTI,0,0
2013,DOE,ROO,0,0
2013,DOE,SEPA,0,0
2013,DOE,SPR,0,0
2013,DOE,SRO,0,0
2013,DOE,SWPA,0,0
2013,DOE,WAPA,0,0
2013,DOI,FOIA/PA Appeals,186,164
2013,DOJ,OIP,353,331
2013,DOJ,USPC,0,0
2013,DOT,FAA,29,26
2013,DOT,FHWA,13,10
2013,DOT,FMCSA,2,1
2013,DOT,FRA,0,1
2013,DOT,FTA,0,3
2013,DOT,MARAD,1,0
2013,DOT,NHTSA,0,0
2013,DOT,OIG,2,3
2013,DOT,OST,0,0
2013,DOT,PHMSA,0,0
2013,DOT,RITA,0,1
2013,DOT,SLSDC,0,0
2013,ED,OM-PIRMS,22,46
2013,EEOC,OLC/HDQ,0,0
2013,EPA,HQ,57,157
2013,EPA,Region 1,0,0
2013,EPA,Region 2,0,0
2013,EPA,Region 3,0,0
2013,EPA,Region 4,0,0
2013,EPA,Region 5,0,0
2013,EPA,Region 6,0,0
2013,EPA,Region 7,0,0
2013,EPA,Region 8,0,0
2013,EPA,Region 9,0,0
2013,EPA,Region 10,0,0
2013,Ex-Im Bank,HQ,1,1
2013,FCA,FCA,0,0
2013,FCC,FCC,9,15
2013,FCSIC,FCSIC,0,0
2013,FDIC,FDIC,1,0
2013,FEC,FEC,1,3
2013,FERC,FERC,1,0
2013,FFIEC,FFIEC,0,0
2013,FHFA,FHFA-HQ,0,0
2013,FHFA,FHFA-OIG,0,0
2013,FLRA,FSIP,0,0
2013,FLRA,Authority,0,0
2013,FLRA,IG,0,0
2013,FLRA,OGC,0,0
2013,FLRA,ATRO,0,0
2013,FLRA,BORO,0,0
2013,FLRA,CHRO,0,0
2013,FLRA,DARO,0,0
2013,FLRA,DERO,0,0
2013,FLRA,SFRO,0,0
2013,FLRA,WARO,0,0
2013,FMC,FMC,0,0
2013,FMCS,FMCS,0,0
2013,FMSHRC,FMSHRC,0,0
2013,FOMC,FOMC,0,0
2013,FRB,FRB,5,1
2013,FRTIB,FRTIB,0,0
2013,FTC,FTC,0,0
2013,GSA,GSA,4,2
2013,HHS,CMS,87,145
2013,HHS,OS,187,177
2013,HUD,HQ,3,4
2013,HUD,OIG,0,0
2013,HUD,R01,0,0
2013,HUD,R02,0,0
2013,HUD,R03,1,0
2013,HUD,R04,0,0
2013,HUD,R05,0,0
2013,HUD,R06,0,0
2013,HUD,R07,0,0
2013,HUD,R08,0,0
2013,HUD,R09,0,0
2013,HUD,R0X,1,0
2013,IAF,IAF,0,0
2013,IMLS,IMLS,0,0
2013,LSC,OLA,0,0
2013,LSC,OIG,0,0
2013,MCC,MCC,0,0
2013,MSPB,MSPB,1,1
2013,NARA,NARA,5,9
2013,NASA,ARC,0,0
2013,NASA,DFRC,0,0
2013,NASA,GRC,0,0
2013,NASA,GSFC,0,0
2013,NASA,HQ,0,0
2013,NASA,JPL,0,0
2013,NASA,JSC,0,0
2013,NASA,KSC,0,0
2013,NASA,LaRC,0,0
2013,NASA,MSFC,0,0
2013,NASA,NSSC,0,0
2013,NASA,OGC,0,0
2013,NASA,OIG,0,0
2013,NASA,SSC,0,0
2013,NCPC,NCPC,0,0
2013,NCUA,NCUA,0,0
2013,NEA,NEA,0,0
2013,NEH,NEH,0,0
2013,NIGC,NIGC,0,0
2013,NLRB,NLRB,1,0
2013,NMB,NMB,0,0
2013,NRPC,NRPC,1,3
2013,NTSB,NTSB,0,0
2013,ODNI,ODNI,18,22
2013,OGE,OGE,0,0
2013,OMB,OMB,0,4
2013,ONDCP,ONDCP,0,0
2013,ONHIR,ONHIR,0,0
2013,OPIC,OPIC,0,0
2013,OPM,OPM,4,6
2013,OSC,OSC,8,12
2013,OSHRC,OSHRC,0,0
2013,OSTP,OSTP,0,0
2013,PBGC,PBGC,0,1
2013,PC,FOIA Office,0,3
2013,PRC,PRC,0,0
2013,RATB,RATB,0,0
2013,SBA,SBA,0,0
2013,SEC,SEC,11,7
2013,SIGAR,SIGAR,0,0
2013,SSA,SSA,15,17
2013,SSS,SSS,0,0
2013,State,DoS,352,272
2013,State,OIG,0,0
2013,STB,STB,0,0
2013,Treasury,BEP,0,0
2013,Treasury,BPD,0,0
2013,Treasury,DO,27,34
2013,Treasury,FinCEN,0,0
2013,Treasury,FMS,1,0
2013,Treasury,IRS,0,0
2013,Treasury,MINT,0,0
2013,Treasury,OCC,4,2
2013,Treasury,TIGTA,0,0
2013,Treasury,TTB,0,0
2013,TVA,TVA,0,0
2013,U.S. CPSC,U.S. CPSC,0,0
2013,U.S. DOL,ADJ BDS,0,0
2013,U.S. DOL,ALJ,1,0
2013,U.S. DOL,ASP,0,0
2013,U.S. DOL,BLS,1,0
2013,U.S. DOL,CFO,0,0
2013,U.S. DOL,EBSA,2,8
2013,U.S. DOL,ETA,13,14
2013,U.S. DOL,EXEC SEC,0,0
2013,U.S. DOL,ILAB,0,0
2013,U.S. DOL,MSHA,11,14
2013,U.S. DOL,OASAM,8,10
2013,U.S. DOL,OCIA,0,0
2013,U.S. DOL,ODEP,0,0
2013,U.S. DOL,OFCCP,4,6
2013,U.S. DOL,OIG,2,4
2013,U.S. DOL,OLMS,6,4
2013,U.S. DOL,OPA,0,0
2013,U.S. DOL,OSEC,0,0
2013,U.S. DOL,OSHA,45,48
2013,U.S. DOL,OWCP,27,57
2013,U.S. DOL,SOL,1,0
2013,U.S. DOL,VETS,4,6
2013,U.S. DOL,WB,0,0
2013,U.S. DOL,WHD,14,12
2013,US ADF,US ADF,0,0
2013,US RRB,OIG,0,0
2013,US RRB,RRB,0,0
2013,USAID,USAID,35,20
2013,USCCR,USCCR,0,0
2013,USDA,AMS,4,6
2013,USDA,APHIS,80,83
2013,USDA,ASCR,0,0
2013,USDA,FAS,0,0
2013,USDA,FNCS,18,8
2013,USDA,FS,29,40
2013,USDA,FSA,0,0
2013,USDA,FSIS,0,3
2013,USDA,GIPSA,0,0
2013,USDA,NAD,1,0
2013,USDA,NRCS,0,4
2013,USDA,OBPA,0,0
2013,USDA,OCFO,2,1
2013,USDA,OGC,0,1
2013,USDA,OIG,4,1
2013,USDA,OSEC/OCIO/DM,2,7
2013,USDA,RD,10,17
2013,USDA,REE,0,0
2013,USDA,RMA,13,0
2013,USIBWC,USIBWC,0,0
2013,USITC,USITC,0,0
2013,USNRC,USNRC,0,8
2013,USPS,OIG,0,0
2013,USPS,PS & PIS,5,6
2013,USTDA,USTDA,0,0
2013,USTR,USTR,0,1
2013,VA,Admin,0,0
2013,VA,BVA,0,0
2013,VA,C&LA,0,0
2013,VA,CFM,0,0
2013,VA,GC,173,218
2013,VA,HRM,0,0
2013,VA,IG,0,0
2013,VA,Mgmt,0,0
2013,VA,NCA,0,0
2013,VA,OAL,0,0
2013,VA,OASHRA,0,0
2013,VA,OASP&IA,0,0
2013,VA,ODASB,0,0
2013,VA,ODASIA,0,0
2013,VA,ODI,0,0
2013,VA,OF,0,0
2013,VA,OIT,0,0
2013,VA,ORM,0,0
2013,VA,OSDBU,0,0
2013,VA,OSP,0,0
2013,VA,P&P,0,0
2013,VA,PA,0,0
2013,VA,SEC,0,0
2013,VA,VBA,0,0
2013,VA,VHA,0,0
2014,ABMC,ABMC,0,0
2014,ACUS,ACUS,0,0
2014,AFRH,AFRH,0,0
2014,BBG,BBG,0,0
2014,CEQ,CEQ,0,0
2014,CFPB,CFPB,0,0
2014,CFTC,CFTC,4,4
2014,CIA,CIA,163,142
2014,CIGIE,CIGIE,2,0
2014,CNCS,CNCS,0,0
2014,CO,CO,1,0
2014,CPPBSD,CPPBSD,0,0
2014,CSB,CSB,0,0
2014,CSOSA,CSOSA,0,0
2014,DHS,CBP,0,8
2014,DHS,FEMA,31,30
2014,DHS,FLETC,1,0
2014,DHS,ICE,32,43
2014,DHS,OGC,11,11
2014,DHS,OIG,28,17
2014,DHS,TSA,7,12
2014,DHS,USCG,29,33
2014,DHS,USCIS,3,2
2014,DHS,USSS,1,4
2014,DNFSB,DNFSB,0,1
2014,DOC,BIS,3,2
2014,DOC,Census,4,4
2014,DOC,EDA,1,0
2014,DOC,ESA,0,0
2014,DOC,ITA,1,1
2014,DOC,MBDA,0,0
2014,DOC,NIST,4,2
2014,DOC,NOAA,16,18
2014,DOC,NTIA,3,0
2014,DOC,NTIS,0,0
2014,DOC,OIG,0,4
2014,DOC,OS,2,4
2014,DOC,PTO,0,0
2014,DoD,AF,141,139
2014,DoD,ARMY,27,23
2014,DoD,ASBCA,0,0
2014,DoD,DCAA,0,0
2014,DoD,DCMA,0,0
2014,DoD,DeCA,0,0
2014,DoD,DFAS,0,1
2014,DoD,DHA,0,8
2014,DoD,DIA,92,79
2014,DoD,DISA,4,0
2014,DoD,DLA,0,0
2014,DoD,DoD IG,27,19
2014,DoD,DSS,0,0
2014,DoD,DTRA,2,2
2014,DoD,NAVY,3,3
2014,DoD,NGA,13,11
2014,DoD,NRO,6,5
2014,DoD,NSA,56,109
2014,DoD,OSD/JS,302,331
2014,DOE,BPA,0,0
2014,DOE,CBFO,0,0
2014,DOE,CH,0,0
2014,DOE,EMCBC,0,0
2014,DOE,GFO,0,0
2014,DOE,HQ,3,5
2014,DOE,ID,0,0
2014,DOE,NETL,0,0
2014,DOE,NNSA,0,0
2014,DOE,NR,0,0
2014,DOE,NRLFO,0,0
2014,DOE,ORO,0,0
2014,DOE,OSTI,0,0
2014,DOE,ROO,0,0
2014,DOE,SEPA,0,0
2014,DOE,SPR,0,0
2014,DOE,SRO,0,0
2014,DOE,SWPA,0,0
2014,DOE,WAPA,0,0
2014,DOI,FOIA/PA Appeals,164,268
2014,DOJ,OIP,331,292
2014,DOJ,USPC,0,0
2014,DOT,FAA,26,21
2014,DOT,FHWA,10,2
2014,DOT,FMCSA,1,1
2014,DOT,FRA,1,0
2014,DOT,FTA,3,1
2014,DOT,MARAD,0,1
2014,DOT,NHTSA,0,0
2014,DOT,OIG,3,1
2014,DOT,OST,0,1
2014,DOT,PHMSA,0,0
2014,DOT,RITA,1,0
2014,DOT,SLSDC,0,0
2014,ED,OSHS,1,1
2014,ED,OCTAE,0,0
2014,ED,FSA,8,12
2014,ED,IES,1,1
2014,ED,IES-NAGB,0,0
2014,ED,M,4,7
2014,ED,OCFO,0,0
2014,ED,OCFO-CAM,1,1
2014,ED,OCIO,1,1
2014,ED,OCO,0,0
2014,ED,OCR,2,6
2014,ED,OCR-1 Boston,0,2
2014,ED,OCR-2 New York,1,4
2014,ED,OCR-3 Philadelphia,1,2
2014,ED,OCR-4 Atlanta,0,2
2014,ED,OCR-5 Chicago,4,5
2014,ED,OCR-6 Dallas,1,2
2014,ED,OCR-7 Kansas City,0,0
2014,ED,OCR-8 Denver,0,0
2014,ED,OCR-9 San Francisco,2,3
2014,ED,OCR-10 Seattle,1,4
2014,ED,OCR-12 Cleveland,1,3
2014,ED,OCR-Metro D.C.,3,4
2014,ED,ODS,0,0
2014,ED,OESE,0,0
2014,ED,OGC,1,1
2014,ED,OIG,2,2
2014,ED,OII,1,1
2014,ED,OLCA,0,0
2014,ED,OM,0,0
2014,ED,OM-PIRMS,8,12
2014,ED,OPE,1,1
2014,ED,OPEPD,0,0
2014,ED,OS,0,0
2014,ED,OSERS,1,1
2014,ED,OUS,0,0
2014,EEOC,OLC/HDQ,0,3
2014,EPA,HQ,157,188
2014,EPA,Region 1,0,0
2014,EPA,Region 2,0,0
2014,EPA,Region 3,0,0
2014,EPA,Region 4,0,0
2014,EPA,Region 5,0,0
2014,EPA,Region 6,0,0
2014,EPA,Region 7,0,0
2014,EPA,Region 8,0,0
2014,EPA,Region 9,0,0
2014,EPA,Region 10,0,0
2014,Ex-Im Bank,HQ,1,1
2014,FCA,FCA,0,0
2014,FCC,FCC,21,5
2014,FCSIC,FCSIC,0,0
2014,FDIC,FDIC,0,0
2014,FEC,FEC,3,4
2014,FERC,FERC,0,0
2014,FFIEC,FFIEC,0,0
2014,FHFA,FHFA-HQ,0,0
2014,FHFA,FHFA-OIG,0,0
2014,FLRA,FSIP,0,0
2014,FLRA,Authority,0,0
2014,FLRA,IG,0,0
2014,FLRA,OGC,0,0
2014,FLRA,ATRO,0,0
2014,FLRA,BORO,0,0
2014,FLRA,CHRO,0,0
2014,FLRA,DARO,0,0
2014,FLRA,DERO,0,0
2014,FLRA,SFRO,0,0
2014,FLRA,WARO,0,0
2014,FMCS,FMCS,0,0
2014,FMSHRC,FMSHRC,0,0
2014,FOMC,FOMC,0,0
2014,FRB,FRB,1,0
2014,FRTIB,FRTIB,0,0
2014,FTC,FTC,0,2
2014,GSA,GSA,2,2
2014,HHS,CMS,145,239
2014,HHS,OS,177,169
2014,HUD,HQ,4,6
2014,HUD,OIG,0,2
2014,HUD,R01,0,0
2014,HUD,R02,0,0
2014,HUD,R03,0,0
2014,HUD,R04,0,1
2014,HUD,R05,0,0
2014,HUD,R06,0,0
2014,HUD,R07,0,0
2014,HUD,R08,0,0
2014,HUD,R09,0,2
2014,HUD,R0X,0,0
2014,IAF,IAF,0,0
2014,IMLS,IMLS,0,0
2014,LSC,OLA,0,0
2014,LSC,OIG,0,0
2014,MCC,MCC,0,0
2014,MSPB,MSPB,1,1
2014,NARA,NARA,9,28
2014,NASA,AFRC,0,0
2014,NASA,ARC,0,0
2014,NASA,GRC,0,0
2014,NASA,GSFC,0,0
2014,NASA,HQ,0,0
2014,NASA,JPL,0,0
2014,NASA,JSC,0,0
2014,NASA,KSC,0,0
2014,NASA,LaRC,0,0
2014,NASA,MSFC,0,0
2014,NASA,NSSC,0,0
2014,NASA,OGC,0,0
2014,NASA,OIG,0,0
2014,NASA,SSC,0,0
2014,NCPC,NCPC,0,0
2014,NCUA,NCUA,0,0
2014,NEA,NEA,0,0
2014,NEH,NEH,0,0
2014,NIGC,NIGC,0,0
2014,NLRB,NLRB,0,0
2014,NRPC,NRPC,3,5
2014,NSF,OGC,0,1
2014,NSF,OIG,0,0
2014,NTSB,NTSB,0,2
2014,ODNI,ODNI,22,26
2014,OGE,OGE,0,0
2014,OMB,OMB,4,0
2014,ONDCP,ONDCP,0,0
2014,ONHIR,ONHIR,0,0
2014,OPIC,OPIC,0,0
2014,OPM,OPM,6,2
2014,OSC,OSC,12,10
2014,OSHRC,OSHRC,0,0
2014,OSTP,OSTP,0,0
2014,PBGC,PBGC,0,0
2014,PC,FOIA Office,0,1
2014,PC,OIG,0,0
2014,PCLOB,PCLOB,0,2
2014,PRC,PRC,0,0
2014,RATB,RATB,0,0
2014,SBA,SBA,0,0
2014,SEC,SEC,7,23
2014,SIGAR,SIGAR,0,0
2014,SSA,SSA,17,30
2014,SSS,SSS,0,0
2014,State,DoS,272,227
2014,State,OIG,0,8
2014,STB,STB,0,0
2014,Treasury,BEP,0,0
2014,Treasury,DO,34,63
2014,Treasury,FinCEN,0,3
2014,Treasury,IRS,0,4
2014,Treasury,MINT,0,0
2014,Treasury,OCC,2,2
2014,Treasury,TIGTA,0,0
2014,Treasury,TTB,0,0
2014,Treasury,Fiscal Service,0,0
2014,TVA,TVA,0,0
2014,U.S. CPSC,U.S. CPSC,0,0
2014,U.S. DOL,ADJ BDS,0,0
2014,U.S. DOL,ALJ,0,0
2014,U.S. DOL,ASP,0,0
2014,U.S. DOL,BLS,0,1
2014,U.S. DOL,CFO,0,0
2014,U.S. DOL,EBSA,8,10
2014,U.S. DOL,ETA,14,39
2014,U.S. DOL,EXEC SEC,0,0
2014,U.S. DOL,ILAB,0,0
2014,U.S. DOL,MSHA,14,20
2014,U.S. DOL,OASAM,10,13
2014,U.S. DOL,OCIA,0,0
2014,U.S. DOL,ODEP,0,0
2014,U.S. DOL,OFCCP,6,8
2014,U.S. DOL,OIG,4,1
2014,U.S. DOL,OLMS,4,3
2014,U.S. DOL,OPA,0,0
2014,U.S. DOL,OSEC,0,0
2014,U.S. DOL,OSHA,48,112
2014,U.S. DOL,OWCP,57,84
2014,U.S. DOL,SOL,3,2
2014,U.S. DOL,VETS,6,2
2014,U.S. DOL,WB,0,0
2014,U.S. DOL,WHD,12,21
2014,US ADF,US ADF,0,0
2014,US RRB,OIG,0,0
2014,US RRB,RRB,0,0
2014,USAID,USAID,20,18
2014,USCCR,USCCR,0,0
2014,USDA,AMS,6,9
2014,USDA,APHIS,83,91
2014,USDA,ASCR,0,0
2014,USDA,FAS,0,0
2014,USDA,FNCS,8,42
2014,USDA,FS,40,59
2014,USDA,FSA,0,6
2014,USDA,FSIS,3,3
2014,USDA,GIPSA,0,2
2014,USDA,NAD,0,0
2014,USDA,NRCS,4,1
2014,USDA,OBPA,0,0
2014,USDA,OCFO,1,1
2014,USDA,OGC,1,1
2014,USDA,OIG,1,0
2014,USDA,OSEC/OCIO/DM,7,5
2014,USDA,RD,17,16
2014,USDA,REE,0,0
2014,USDA,RMA,0,32
2014,USIBWC,USIBWC,0,0
2014,USITC,USITC,0,0
2014,USNRC,USNRC,8,2
2014,USPS,OIG,0,0
2014,USPS,PS & PIS,5,22
2014,USTDA,USTDA,0,0
2014,USTR,USTR,1,0
2014,VA,Admin,0,0
2014,VA,BVA,0,0
2014,VA,C&LA,0,0
2014,VA,CFM,0,0
2014,VA,GC,218,268
2014,VA,HRM,0,0
2014,VA,IG,0,0
2014,VA,Mgmt,0,0
2014,VA,NCA,0,0
2014,VA,OAL,0,0
2014,VA,OASHRA,0,0
2014,VA,OASP&IA,0,0
2014,VA,ODASB,0,0
2014,VA,ODASIA,0,0
2014,VA,ODI,0,0
2014,VA,OF,0,0
2014,VA,OIT,0,0
2014,VA,ORM,0,0
2014,VA,OSDBU,0,0
2014,VA,OSP,0,0
2014,VA,P&P,0,0
2014,VA,PA,0,0
2014,VA,SEC,0,0
2014,VA,VBA,0,0
2014,VA,VHA,0,0
2015,ABMC,ABMC,0,0
2015,ACUS,ACUS,0,0
2015,AFRH,AFRH,0,0
2015,BBG,BBG,0,0
2015,CEQ,CEQ,0,0
2015,CFPB,CFPB,0,0
2015,CFTC,CFTC,5,1
2015,CIA,CIA,142,139
2015,CIGIE,CIGIE,0,0
2015,CNCS,CNCS,0,0
2015,CO,CO,0,0
2015,CPPBSD,CPPBSD,0,0
2015,CSB,CSB,0,0
2015,CSOSA,CSOSA,0,0
2015,DHS,CBP,8,15
2015,DHS,FEMA,30,33
2015,DHS,FLETC,0,0
2015,DHS,ICE,43,83
2015,DHS,OGC,11,32
2015,DHS,OIG,17,2
2015,DHS,TSA,12,3
2015,DHS,USCG,33,20
2015,DHS,USCIS,2,0
2015,DHS,USSS,4,2
2015,DNFSB,DNFSB,0,0
2015,DOC,BIS,2,0
2015,DOC,Census,4,0
2015,DOC,EDA,0,0
2015,DOC,ESA,0,0
2015,DOC,ITA,1,0
2015,DOC,MBDA,0,0
2015,DOC,NIST,2,0
2015,DOC,NOAA,18,0
2015,DOC,NTIA,0,0
2015,DOC,NTIS,0,0
2015,DOC,OIG,4,0
2015,DOC,OS,4,0
2015,DOC,PTO,0,3
2015,DOC,AGC/Admin,0,56
2015,DoD,AF,139,93
2015,DoD,ARMY,23,114
2015,DoD,ASBCA,0,0
2015,DoD,DCAA,0,0
2015,DoD,DCMA,0,5
2015,DoD,DeCA,0,0
2015,DoD,DFAS,1,0
2015,DoD,DHA,0,0
2015,DoD,DIA,79,73
2015,DoD,DISA,3,2
2015,DoD,DLA,0,2
2015,DoD,DoD IG,19,7
2015,DoD,DSS,0,0
2015,DoD,DTRA,2,2
2015,DoD,NAVY,8,8
2015,DoD,NGA,11,9
2015,DoD,NRO,5,1
2015,DoD,NSA,109,179
2015,DoD,OSD/JS,333,302
2015,DOE,HQ,5,9
2015,DOI,FOIA/PA Appeals,268,233
2015,DOJ,OIP,292,270
2015,DOJ,USPC,0,2
2015,DOT,FAA,21,8
2015,DOT,FHWA,2,0
2015,DOT,FMCSA,1,1
2015,DOT,FRA,0,6
2015,DOT,FTA,1,4
2015,DOT,MARAD,1,1
2015,DOT,NHTSA,0,1
2015,DOT,OIG,1,1
2015,DOT,OST,1,0
2015,DOT,PHMSA,0,0
2015,DOT,RITA,0,0
2015,DOT,SLSDC,0,0
2015,ED,OCTAE,0,0
2015,ED,OM-OCPO,4,14
2015,ED,OSHS,0,0
2015,ED,FSA,11,8
2015,ED,IES,1,3
2015,ED,IES-NAGB,0,0
2015,ED,M,7,9
2015,ED,OCFO,0,0
2015,ED,OCFO-CAM,1,1
2015,ED,OCIO,0,0
2015,ED,OCO,0,0
2015,ED,OCR,5,1
2015,ED,OCR-1 Boston,2,0
2015,ED,OCR-2 New York,4,3
2015,ED,OCR-3 Philadelphia,3,2
2015,ED,OCR-4 Atlanta,1,1
2015,ED,OCR-5 Chicago,5,4
2015,ED,OCR-6 Dallas,4,1
2015,ED,OCR-7 Kansas City,0,2
2015,ED,OCR-8 Denver,0,0
2015,ED,OCR-9 San Francisco,3,3
2015,ED,OCR-10 Seattle,4,0
2015,ED,OCR-12 Cleveland,3,0
2015,ED,OCR-Metro D.C.,5,1
2015,ED,ODS,1,1
2015,ED,OESE,1,1
2015,ED,OGC,8,9
2015,ED,OIG,2,2
2015,ED,OII,1,1
2015,ED,OLCA,0,0
2015,ED,OM,0,0
2015,ED,OPE,1,1
2015,ED,OPEPD,0,0
2015,ED,OS,0,0
2015,ED,OSERS,1,1
2015,ED,OUS,0,0
2015,EEOC,OLC/HDQ,3,3
2015,EPA,HQ,188,174
2015,Ex-Im Bank,OIG,0,0
2015,Ex-Im Bank,HQ,1,0
2015,FCA,FCA,0,0
2015,FCC,FCC,5,9
2015,FCSIC,FCSIC,0,0
2015,FDIC,FDIC,0,0
2015,FEC,FEC,4,4
2015,FERC,FERC,0,0
2015,FFIEC,FFIEC,0,0
2015,FHFA,FHFA-HQ,0,0
2015,FHFA,FHFA-OIG,0,0
2015,FLRA,FSIP,0,0
2015,FLRA,Authority,0,0
2015,FLRA,IG,0,0
2015,FLRA,OGC,0,0
2015,FLRA,ATRO,0,0
2015,FLRA,BORO,0,0
2015,FLRA,CHRO,0,0
2015,FLRA,DARO,0,0
2015,FLRA,DERO,0,0
2015,FLRA,SFRO,0,0
2015,FLRA,WARO,0,0
2015,FMC,FMC,0,0
2015,FMCS,FMCS,0,0
2015,FMSHRC,FMSHRC,0,0
2015,FOMC,FOMC,0,0
2015,FRB,FRB,0,1
2015,FRTIB,FRTIB,0,0
2015,FTC,FTC,2,0
2015,GSA,GSA,2,1
2015,HHS,CMS,239,264
2015,HHS,OS,169,173
2015,HUD,HQ,6,6
2015,HUD,OIG,2,0
2015,HUD,R01,0,0
2015,HUD,R02,0,0
2015,HUD,R03,0,0
2015,HUD,R04,1,0
2015,HUD,R05,0,0
2015,HUD,R06,0,0
2015,HUD,R07,0,0
2015,HUD,R08,0,0
2015,HUD,R09,2,0
2015,HUD,R0X,0,0
2015,IAF,IAF,0,0
2015,IMLS,IMLS,0,0
2015,LSC,OLA,0,0
2015,LSC,OIG,0,0
2015,MCC,MCC,0,0
2015,MSPB,MSPB,1,0
2015,NARA,NARA,28,105
2015,NASA,OGC,0,2
2015,NASA,OIG,0,0
2015,NCPC,NCPC,0,0
2015,NCUA,NCUA,0,0
2015,NEA,NEA,0,0
2015,NEH,NEH,0,0
2015,NIGC,NIGC,0,0
2015,NLRB,NLRB,0,1
2015,NMB,NMB,0,0
2015,NRPC,NRPC,5,4
2015,NSF,OGC,1,0
2015,NSF,OIG,0,0
2015,NTSB,NTSB,2,4
2015,ODNI,ODNI,26,22
2015,OGE,OGE,0,0
2015,OMB,OMB,0,5
2015,ONDCP,ONDCP,0,0
2015,ONHIR,ONHIR,0,0
2015,OPIC,OPIC,0,0
2015,OPM,OPM,2,17
2015,OSC,OSC,10,7
2015,OSHRC,OSHRC,0,0
2015,OSTP,OSTP,0,0
2015,PBGC,PBGC,0,0
2015,PC,FOIA Office,1,0
2015,PC,OIG,0,0
2015,PCLOB,PCLOB,2,0
2015,PRC,PRC,0,0
2015,SBA,SBA,0,1
2015,SEC,SEC,21,7
2015,SIGAR,SIGAR,0,0
2015,SSA,SSA,30,32
2015,SSS,SSS,0,0
2015,State,DoS,227,367
2015,State,OIG,8,9
2015,STB,STB,0,0
2015,Treasury,BEP,0,0
2015,Treasury,DO,63,91
2015,Treasury,FinCEN,3,1
2015,Treasury,IRS,4,0
2015,Treasury,MINT,0,0
2015,Treasury,OCC,2,1
2015,Treasury,TIGTA,0,2
2015,Treasury,TTB,0,4
2015,Treasury,Fiscal Service,0,2
2015,TVA,TVA,0,0
2015,U.S. CPSC,U.S. CPSC,0,0
2015,U.S. DOL,ADJ BDS,0,0
2015,U.S. DOL,ALJ,0,0
2015,U.S. DOL,ASP,0,0
2015,U.S. DOL,BLS,1,0
2015,U.S. DOL,CFO,0,0
2015,U.S. DOL,EBSA,10,9
2015,U.S. DOL,ETA,39,53
2015,U.S. DOL,EXEC SEC,0,0
2015,U.S. DOL,ILAB,0,0
2015,U.S. DOL,MSHA,20,23
2015,U.S. DOL,OASAM,13,8
2015,U.S. DOL,OCIA,0,0
2015,U.S. DOL,ODEP,0,0
2015,U.S. DOL,OFCCP,8,7
2015,U.S. DOL,OIG,1,0
2015,U.S. DOL,OLMS,3,7
2015,U.S. DOL,OPA,0,0
2015,U.S. DOL,OSEC,0,0
2015,U.S. DOL,OSHA,112,176
2015,U.S. DOL,OWCP,84,79
2015,U.S. DOL,SOL,2,4
2015,U.S. DOL,VETS,2,11
2015,U.S. DOL,WB,0,0
2015,U.S. DOL,WHD,21,28
2015,US ADF,US ADF,0,0
2015,US RRB,OIG,0,0
2015,US RRB,RRB,0,0
2015,USAB,USAB,0,0
2015,USAID,USAID,18,6
2015,USCCR,USCCR,0,0
2015,USDA,AMS,9,13
2015,USDA,APHIS,91,87
2015,USDA,ASCR,0,1
2015,USDA,FAS,0,1
2015,USDA,FNCS,42,160
2015,USDA,FS,59,76
2015,USDA,FSA,6,1
2015,USDA,FSIS,3,4
2015,USDA,GIPSA,2,0
2015,USDA,NAD,0,0
2015,USDA,NRCS,1,3
2015,USDA,OBPA,0,0
2015,USDA,OCFO,1,0
2015,USDA,OGC,1,1
2015,USDA,OIG,0,0
2015,USDA,OSEC/OCIO/DM,5,7
2015,USDA,RD,16,5
2015,USDA,REE,0,0
2015,USDA,RMA,32,33
2015,USIBWC,USIBWC,0,0
2015,USITC,USITC,0,0
2015,USNRC,USNRC,2,0
2015,USPS,OIG,0,0
2015,USPS,PS & PIS,19,14
2015,USTDA,USTDA,0,0
2015,USTR,USTR,0,0
2015,VA,Admin,0,0
2015,VA,BVA,0,0
2015,VA,C&LA,0,0
2015,VA,CFM,0,0
2015,VA,GC,268,270
2015,VA,HRM,0,0
2015,VA,IG,0,0
2015,VA,Mgmt,0,0
2015,VA,NCA,0,0
2015,VA,OAL,0,0
2015,VA,OASHRA,0,0
2015,VA,OASP&IA,0,0
2015,VA,ODASB,0,0
2015,VA,ODASIA,0,0
2015,VA,ODI,0,0
2015,VA,OIT,0,0
2015,VA,ORM,0,0
2015,VA,OSDBU,0,0
2015,VA,OSP,0,0
2015,VA,P&P,0,0
2015,VA,PA,0,0
2015,VA,SEC,0,0
2015,VA,VBA,0,0
2015,VA,VHA,0,0
