10th,2nd,3rd,4th,5th,6th,7th,8th,9th,Agency,Component,Oldest Request,Unnamed: 1,Year
,,,,,,,,,CFTC,CFTC,2008-08-01,Date of Receipt,2008
,,,,,,,,,CFTC,CFTC,41,Number of Days Pending,2008
,2008-08-18,2008-09-03,,,,,,,DHS,CBP,2008-04-11,Date of Receipt,2008
,31,20,,,,,,,DHS,CBP,120,Number of Days Pending,2008
,2008-07-23,,,,,,,,DHS,CRCL,2007-08-01,Date of Receipt,2008
,49,,,,,,,,DHS,CRCL,294,Number of Days Pending,2008
,2008-08-14,,,,,,,,DHS,FEMA,2008-01-28,Date of Receipt,2008
,33,,,,,,,,DHS,FEMA,173,Number of Days Pending,2008
,2008-09-11,,,,,,,,DHS,ICE,2008-09-11,Date of Receipt,2008
,14,,,,,,,,DHS,ICE,14,Number of Days Pending,2008
,2008-07-09,,,,,,,,DHS,PRIV,2008-07-08,Date of Receipt,2008
,60,,,,,,,,DHS,PRIV,61,Number of Days Pending,2008
,,,,,,,,,DHS,TSA,2008-04-10,Date of Receipt,2008
,,,,,,,,,DHS,TSA,121,Number of Days Pending,2008
,2004-08-02,2004-12-01,2008-07-31,2008-08-26,2008-09-03,2008-09-16,,,DHS,USCG,2004-07-01,Date of Receipt,2008
,1050,963,43,25,20,11,,,DHS,USCG,1072,Number of Days Pending,2008
2008-08-11,2006-09-07,2006-09-07,2006-11-30,2007-11-27,2008-07-16,2008-07-21,2008-08-06,2008-08-06,DHS,USCIS,2006-06-02,Date of Receipt,2008
36,519,519,462,214,54,51,39,39,DHS,USCIS,586,Number of Days Pending,2008
,2008-07-18,2008-08-27,2008-08-27,2008-08-28,,,,,DOC,BIS,2008-07-18,Date of Receipt,2008
,55,23,23,22,,,,,DOC,BIS,55,Number of Days Pending,2008
2007-11-06,2006-09-21,2007-03-20,2007-08-27,2007-09-18,2007-10-29,2007-10-29,2007-10-29,2007-10-29,DoD,ARMY,2006-09-14,Date of Receipt,2008
226,507,387,275,260,232,232,232,232,DoD,ARMY,512,Number of Days Pending,2008
,2008-07-30,2008-07-30,2008-08-07,2008-08-22,,,,,DoD,CENTCOM,2008-07-30,Date of Receipt,2008
,44,44,38,27,,,,,DoD,CENTCOM,44,Number of Days Pending,2008
2003-03-12,2001-12-17,2002-01-24,2002-02-06,2002-05-13,2002-09-13,2002-09-27,2002-12-10,2003-01-06,DoD,DIA,2001-12-17,Date of Receipt,2008
1393,1700,1676,1667,1600,1514,1504,1455,1438,DoD,DIA,1700,Number of Days Pending,2008
,,,,,,,,,DoD,DISA,2008-05-20,Date of Receipt,2008
,,,,,,,,,DoD,DISA,93,Number of Days Pending,2008
,2008-06-27,2008-07-02,2008-08-08,,,,,,DoD,NAVY,2008-03-24,Date of Receipt,2008
,66,63,37,,,,,,DoD,NAVY,134,Number of Days Pending,2008
2006-09-14,2006-04-25,2006-06-27,2006-07-12,2006-07-31,2006-08-15,2006-08-28,2006-08-28,2006-09-01,DoD,NGA,2005-12-21,Date of Receipt,2008
512,611,567,557,544,533,524,524,520,DoD,NGA,696,Number of Days Pending,2008
,2008-09-25,,,,,,,,DoD,NRO,2008-08-13,Date of Receipt,2008
,4,,,,,,,,DoD,NRO,34,Number of Days Pending,2008
2007-03-27,2001-07-27,2001-11-21,2003-05-22,2006-02-16,2006-05-26,2006-05-30,2006-06-22,2006-12-15,DoD,NSA,1998-11-24,Date of Receipt,2008
382,1797,1717,1342,658,588,587,570,449,DoD,NSA,2468,Number of Days Pending,2008
2008-07-28,2008-07-03,2008-07-08,2008-07-08,2008-07-09,2008-07-09,2008-07-09,2008-07-16,2008-07-25,DoD,OSD/JS,2008-07-03,Date of Receipt,2008
46,62,60,60,59,59,59,54,47,DoD,OSD/JS,62,Number of Days Pending,2008
,2008-09-05,2008-09-22,2008-09-22,,,,,,DoD,PACOM,2008-07-01,Date of Receipt,2008
,18,7,7,,,,,,DoD,PACOM,64,Number of Days Pending,2008
2008-07-07,2007-02-09,2007-02-12,2007-04-16,2007-06-20,2007-06-22,2008-01-07,2008-06-18,2008-06-30,DoD,SOCOM,2006-11-03,Date of Receipt,2008
61,413,412,368,322,320,187,73,65,DoD,SOCOM,477,Number of Days Pending,2008
2000-11-28,1995-06-29,1995-06-30,1996-07-22,1997-01-31,1997-02-28,1997-06-23,1999-11-23,1999-12-01,DoD,STRATCOM,1994-12-29,Date of Receipt,2008
1964,3321,3320,3055,2923,2904,2824,2218,2213,DoD,STRATCOM,3447,Number of Days Pending,2008
1999-12-01,1995-06-29,1995-06-30,1996-07-22,1997-01-31,1997-02-28,1997-06-23,1998-11-24,1999-11-23,DoD,TRICARE,1994-12-29,Date of Receipt,2008
2213,3321,3320,3055,2923,2904,2824,2468,2218,DoD,TRICARE,3447,Number of Days Pending,2008
2004-07-20,2001-01-25,2001-01-26,2001-06-14,2001-08-29,2001-09-07,2003-06-13,2003-09-16,2004-07-20,DOE,HQ,1998-06-11,Date of Receipt,2008
1534,2806,2805,2666,2590,2581,1937,1842,1534,DOE,HQ,3765,Number of Days Pending,2008
,2008-01-11,2008-01-11,2008-02-06,2008-05-16,,,,,DOE,NNSA/AL,2007-08-30,Date of Receipt,2008
,183,183,166,95,,,,,DOE,NNSA/AL,273,Number of Days Pending,2008
,,,,,,,,,DOJ,Office of the AG,2008-03-31,Date of Receipt,2008
,,,,,,,,,DOJ,Office of the AG,128,Number of Days Pending,2008
,,,,,,,,,DOJ,Office of the DAG,2008-01-28,Date of Receipt,2008
,,,,,,,,,DOJ,Office of the DAG,172,Number of Days Pending,2008
,,,,,,,,,DOJ,ATF,2008-04-04,Date of Receipt,2008
,,,,,,,,,DOJ,ATF,144,Number of Days Pending,2008
2007-05-14,2003-02-21,2005-05-16,2005-09-27,2006-01-11,2006-05-02,2006-05-25,2006-10-12,2007-02-15,DOJ,Criminal,2001-09-28,Date of Receipt,2008
505,2048,1233,1099,993,882,859,719,593,DOJ,Criminal,2559,Number of Days Pending,2008
2007-06-13,2006-11-07,2006-11-09,2007-01-25,2007-03-07,2007-03-20,2007-03-22,2007-04-04,2007-06-06,DOJ,DEA,2006-05-02,Date of Receipt,2008
511,729,727,650,609,596,594,581,518,DOJ,DEA,918,Number of Days Pending,2008
,2008-04-01,2008-06-11,2008-07-07,2008-07-15,2008-09-23,,,,DOJ,EOUSA,2008-02-19,Date of Receipt,2008
,182,111,85,77,7,,,,DOJ,EOUSA,224,Number of Days Pending,2008
2008-03-07,2007-11-29,2007-12-04,2008-01-07,2008-01-29,2008-01-30,2008-02-26,2008-02-29,2008-03-07,DOJ,FBI,2007-10-09,Date of Receipt,2008
207,306,301,267,245,244,217,214,207,DOJ,FBI,357,Number of Days Pending,2008
,2008-09-18,,,,,,,,DOJ,NSD,2008-08-28,Date of Receipt,2008
,8,,,,,,,,DOJ,NSD,21,Number of Days Pending,2008
,,,,,,,,,DOJ,OJP,2007-12-31,Date of Receipt,2008
,,,,,,,,,DOJ,OJP,221,Number of Days Pending,2008
,,,,,,,,,DOT,OST,2007-08-28,Date of Receipt,2008
,,,,,,,,,DOT,OST,272,Number of Days Pending,2008
2008-09-16,2006-12-13,2006-12-20,2007-02-27,2007-08-28,2008-05-20,2008-05-20,2008-05-20,2008-08-15,EPA,HQ,2006-01-30,Date of Receipt,2008
10,452,447,400,274,92,92,92,32,EPA,HQ,670,Number of Days Pending,2008
,,,,,,,,,NRPC,NRPC,2008-04-01,Date of Receipt,2008
,,,,,,,,,NRPC,NRPC,182,Number of Days Pending,2008
,,,,,,,,,OPM,OPM,2008-09-04,Date of Receipt,2008
,,,,,,,,,OPM,OPM,27,Number of Days Pending,2008
2005-03-22,2003-07-11,2004-03-17,2004-04-06,2004-04-21,2004-08-13,2004-08-13,2004-08-13,2005-02-10,State,DoS,2003-05-16,Date of Receipt,2008
887,1308,1141,1127,1116,1036,1036,1036,914,State,DoS,1346,Number of Days Pending,2008
,2008-05-19,2008-05-30,2008-06-05,2008-08-06,2008-09-11,,,,Treasury,DO,2008-02-28,Date of Receipt,2008
,85,80,75,35,20,,,,Treasury,DO,125,Number of Days Pending,2008
,,,,,,,,,Treasury,FMS,2008-09-30,Date of Receipt,2008
,,,,,,,,,Treasury,FMS,1,Number of Days Pending,2008
,,,,,,,,,Treasury,TIGTA,2008-09-25,Date of Receipt,2008
,,,,,,,,,Treasury,TIGTA,3,Number of Days Pending,2008
2006-02-13,2003-11-24,2004-06-03,2004-08-03,2005-02-11,2005-03-24,2005-07-01,2005-07-14,2005-09-19,CIA,CIA,2001-07-27,Date of Receipt,2009
1326,2138,1946,1885,1693,1652,1553,1540,1473,CIA,CIA,2987,Number of Days Pending,2009
,2009-03-03,,,,,,,,DHS,CRCL,2008-08-08,Date of Receipt,2009
,149,,,,,,,,DHS,CRCL,287,Number of Days Pending,2009
2009-08-06,2008-04-23,2008-07-28,2008-09-19,2008-09-19,2008-11-25,2009-04-29,2009-06-22,2009-07-13,DHS,FEMA,2007-10-30,Date of Receipt,2009
39,362,296,258,258,213,108,71,57,DHS,FEMA,482,Number of Days Pending,2009
2009-09-23,2009-04-14,2009-04-14,2009-04-15,2009-04-28,2009-04-28,2009-05-01,2009-06-04,2009-06-25,DHS,I&A,2009-04-07,Date of Receipt,2009
6,119,119,118,109,109,106,83,68,DHS,I&A,124,Number of Days Pending,2009
,2009-09-23,2009-09-29,2009-09-30,,,,,,DHS,MGMT,2009-08-31,Date of Receipt,2009
,6,2,1,,,,,,DHS,MGMT,22,Number of Days Pending,2009
,2009-07-23,,,,,,,,DHS,NPPD,2009-03-31,Date of Receipt,2009
,49,,,,,,,,DHS,NPPD,129,Number of Days Pending,2009
,2009-04-16,2009-04-22,,,,,,,DHS,OGC,2009-03-26,Date of Receipt,2009
,117,113,,,,,,,DHS,OGC,132,Number of Days Pending,2009
,,,,,,,,,DHS,PLCY,2009-07-30,Date of Receipt,2009
,,,,,,,,,DHS,PLCY,44,Number of Days Pending,2009
,,,,,,,,,DHS,PRIV,2009-08-24,Date of Receipt,2009
,,,,,,,,,DHS,PRIV,27,Number of Days Pending,2009
,,,,,,,,,DHS,S&T,2009-05-09,Date of Receipt,2009
,,,,,,,,,DHS,S&T,100,Number of Days Pending,2009
,2008-04-10,2009-06-04,2009-09-14,2009-09-17,,,,,DHS,TSA,2007-10-18,Date of Receipt,2009
,371,83,13,10,,,,,DHS,TSA,489,Number of Days Pending,2009
,,,,,,,,,DHS,US-VISIT,2009-07-30,Date of Receipt,2009
,,,,,,,,,DHS,US-VISIT,44,Number of Days Pending,2009
,2008-12-16,2009-05-22,2009-07-28,,,,,,DHS,USCG,2008-12-11,Date of Receipt,2009
,199,91,46,,,,,,DHS,USCG,202,Number of Days Pending,2009
2009-08-06,2008-07-21,2008-08-20,2008-08-20,2009-03-19,2009-04-02,2009-06-03,2009-06-04,2009-08-06,DHS,USCIS,2007-11-27,Date of Receipt,2009
39,301,279,279,137,127,84,83,39,DHS,USCIS,464,Number of Days Pending,2009
,2009-07-28,,,,,,,,DOC,BIS,2009-06-05,Date of Receipt,2009
,45,,,,,,,,DOC,BIS,81,Number of Days Pending,2009
2009-09-17,2009-06-26,2009-07-01,2009-08-04,2009-08-11,2009-08-24,2009-08-28,2009-09-15,2009-09-17,DOC,ITA,2009-02-26,Date of Receipt,2009
10,67,64,41,36,27,23,12,10,DOC,ITA,152,Number of Days Pending,2009
2007-08-21,2006-07-27,2006-11-21,2007-02-15,2007-04-02,2007-04-11,2007-06-11,2007-06-11,2007-07-18,DoD,AF,2005-06-22,Date of Receipt,2009
530,798,718,660,629,622,580,580,554,DoD,AF,1073,Number of Days Pending,2009
2008-05-12,2003-06-23,2003-09-19,2004-01-29,2004-08-16,2007-10-19,2007-11-24,2008-01-16,2008-01-16,DoD,ARMY,2002-02-08,Date of Receipt,2009
350,1576,1514,1426,1287,489,466,430,430,DoD,ARMY,1920,Number of Days Pending,2009
2008-12-16,2008-07-30,2008-08-07,2008-10-27,2008-11-18,2008-11-20,2008-11-25,2008-12-02,2008-12-11,DoD,CENTCOM,2008-07-30,Date of Receipt,2009
200,295,289,234,219,217,214,210,203,DoD,CENTCOM,295,Number of Days Pending,2009
2004-05-14,2002-01-24,2002-03-12,2002-04-13,2002-09-27,2002-12-10,2003-09-25,2004-03-15,2004-04-01,DoD,DIA,2001-12-17,Date of Receipt,2009
1344,1923,1891,1867,1751,1702,1502,1388,1375,DoD,DIA,1947,Number of Days Pending,2009
,2009-04-13,2009-05-05,2009-09-30,2009-09-30,,,,,DoD,DISA,2009-02-19,Date of Receipt,2009
,170,148,39,39,,,,,DoD,DISA,223,Number of Days Pending,2009
,2009-03-09,,,,,,,,DoD,DoDIG,2008-08-20,Date of Receipt,2009
,144,,,,,,,,DoD,DoDIG,277,Number of Days Pending,2009
,2009-08-20,,,,,,,,DoD,DTRA,2009-07-07,Date of Receipt,2009
,28,,,,,,,,DoD,DTRA,60,Number of Days Pending,2009
2009-06-12,2008-02-06,2008-06-10,2008-08-19,2008-08-19,2009-01-15,2009-01-15,2009-03-13,2009-06-12,DoD,EUCOM,2007-12-13,Date of Receipt,2009
76,414,327,278,278,178,178,140,76,DoD,EUCOM,449,Number of Days Pending,2009
2008-11-18,2007-07-17,2007-10-09,2007-11-07,2008-07-16,2008-10-01,2008-10-03,2008-10-03,2008-10-27,DoD,JFCOM,2006-10-04,Date of Receipt,2009
237,570,515,494,323,269,267,267,252,DoD,JFCOM,800,Number of Days Pending,2009
2002-09-04,2000-04-07,2000-04-07,2001-05-15,2001-05-15,2001-05-15,2001-07-24,2002-05-30,2002-06-06,DoD,NAVY,2000-04-07,Date of Receipt,2009
1768,2372,2372,2095,2095,2095,2047,1835,1830,DoD,NAVY,2372,Number of Days Pending,2009
,2009-03-10,2009-03-24,2009-07-15,,,,,,DoD,NGA,2009-03-03,Date of Receipt,2009
,140,131,53,,,,,,DoD,NGA,145,Number of Days Pending,2009
,2009-09-22,2009-09-23,,,,,,,DoD,NRO,2009-07-31,Date of Receipt,2009
,6,5,,,,,,,DoD,NRO,42,Number of Days Pending,2009
2009-03-17,2007-04-02,2008-02-04,2008-08-12,2008-08-22,2008-09-12,2008-12-11,2009-02-26,2009-03-11,DoD,NSA,2005-12-15,Date of Receipt,2009
139,630,419,286,278,264,203,152,143,DoD,NSA,953,Number of Days Pending,2009
2008-12-02,2008-10-16,2008-10-29,2008-11-06,2008-11-06,2008-11-07,2008-11-14,2008-11-21,2008-11-26,DoD,OSD/JS,2008-10-10,Date of Receipt,2009
231,262,253,247,247,246,242,237,234,DoD,OSD/JS,265,Number of Days Pending,2009
2009-08-10,2009-01-20,2009-04-01,2009-04-14,2009-04-15,2009-06-29,2009-08-03,2009-08-03,2009-08-04,DoD,PACOM,2008-07-18,Date of Receipt,2009
36,176,127,118,117,65,41,41,40,DoD,PACOM,300,Number of Days Pending,2009
2007-06-22,2004-11-17,2005-03-08,2005-11-21,2006-01-03,2006-01-23,2007-02-09,2007-02-12,2007-06-20,DoD,SOCOM,2004-03-23,Date of Receipt,2009
568,1217,1144,965,937,924,661,660,570,DoD,SOCOM,1382,Number of Days Pending,2009
,,,,,,,,,DoD,SOUTHCOM,2007-06-11,Date of Receipt,2009
,,,,,,,,,DoD,SOUTHCOM,577,Number of Days Pending,2009
2001-12-09,1996-07-22,1997-01-31,2000-02-09,2000-02-14,2000-04-27,2000-06-30,2000-10-12,2001-12-01,DoD,TRANSCOM,1995-06-29,Date of Receipt,2009
1952,3302,3170,2413,2410,2358,2313,2242,1957,DoD,TRANSCOM,3563,Number of Days Pending,2009
2004-07-20,2001-01-25,2001-01-26,2001-06-14,2001-08-29,2002-07-03,2002-07-22,2003-06-13,2004-07-07,DOE,HQ,1998-06-11,Date of Receipt,2009
1206,2014,2013,1925,1877,1681,1669,1462,1214,DOE,HQ,2623,Number of Days Pending,2009
,,,,,,,,,DOI,OS,2009-08-28,Date of Receipt,2009
,,,,,,,,,DOI,OS,22,Number of Days Pending,2009
,2009-06-24,2009-07-07,,,,,,,DOJ,Office of the AG,2009-02-05,Date of Receipt,2009
,70,61,,,,,,,DOJ,Office of the AG,168,Number of Days Pending,2009
,2009-09-02,,,,,,,,DOJ,Office of the DAG,2009-02-05,Date of Receipt,2009
,20,,,,,,,,DOJ,Office of the DAG,168,Number of Days Pending,2009
,2009-06-26,,,,,,,,DOJ,Antitrust,2009-06-10,Date of Receipt,2009
,66,,,,,,,,DOJ,Antitrust,78,Number of Days Pending,2009
,2009-09-22,,,,,,,,DOJ,Civil,2009-03-13,Date of Receipt,2009
,6,,,,,,,,DOJ,Civil,138,Number of Days Pending,2009
,2008-07-17,2008-08-04,2008-08-11,2009-04-14,,,,,DOJ,Criminal,2008-01-15,Date of Receipt,2009
,301,289,284,118,,,,,DOJ,Criminal,429,Number of Days Pending,2009
2009-01-26,2008-03-03,2008-03-26,2008-05-16,2008-07-16,2008-09-12,2008-09-30,2008-11-10,2008-11-10,DOJ,DEA,2008-01-29,Date of Receipt,2009
173,399,382,345,304,263,251,223,223,DOJ,DEA,423,Number of Days Pending,2009
,2008-10-24,2009-02-09,2009-03-17,2009-07-14,2009-08-24,2009-09-09,2009-09-15,2009-09-22,DOJ,EOUSA,2008-02-19,Date of Receipt,2009
,341,233,197,78,37,21,15,8,DOJ,EOUSA,589,Number of Days Pending,2009
2008-08-21,2008-02-20,2008-03-21,2008-03-28,2008-04-04,2008-04-10,2008-06-25,2008-07-02,2008-07-16,DOJ,FBI,2008-01-07,Date of Receipt,2009
405,587,558,551,544,538,462,455,441,DOJ,FBI,631,Number of Days Pending,2009
,,,,,,,,,DOJ,JMD,2009-09-23,Date of Receipt,2009
,,,,,,,,,DOJ,JMD,6,Number of Days Pending,2009
,2008-12-22,2009-02-18,2009-02-19,2009-04-29,2009-06-18,2009-06-30,2009-07-20,,DOJ,NSD,2008-03-27,Date of Receipt,2009
,220,178,177,128,92,84,70,,DOJ,NSD,421,Number of Days Pending,2009
,,,,,,,,,DOJ,OJP,2007-12-31,Date of Receipt,2009
,,,,,,,,,DOJ,OJP,470,Number of Days Pending,2009
,,,,,,,,,DOT,FAA,2009-09-03,Date of Receipt,2009
,,,,,,,,,DOT,FAA,18,Number of Days Pending,2009
2009-09-29,2006-12-13,2006-12-20,2007-08-28,2008-09-23,2008-09-25,2009-01-27,2009-02-17,2009-08-19,EPA,HQ,2006-01-30,Date of Receipt,2009
1,702,697,525,255,254,169,155,29,EPA,HQ,920,Number of Days Pending,2009
,,,,,,,,,FDIC,FDIC,2009-09-25,Date of Receipt,2009
,,,,,,,,,FDIC,FDIC,3,Number of Days Pending,2009
,,,,,,,,,HHS,NIH,2009-07-16,Date of Receipt,2009
,,,,,,,,,HHS,NIH,53,Number of Days Pending,2009
,2009-09-09,2009-09-18,,,,,,,OMB,OMB,2009-09-09,Date of Receipt,2009
,15,8,,,,,,,OMB,OMB,15,Number of Days Pending,2009
2005-06-10,2004-03-17,2004-08-13,2004-08-13,2004-08-13,2005-02-10,2005-03-22,2005-04-18,2005-04-22,State,DoS,2003-05-16,Date of Receipt,2009
1081,1392,1287,1287,1287,1165,1138,1119,1115,State,DoS,1597,Number of Days Pending,2009
,2009-03-03,2009-06-18,2009-07-14,2009-09-18,2009-09-28,,,,Treasury,DO,2008-11-19,Date of Receipt,2009
,181,79,56,8,2,,,,Treasury,DO,292,Number of Days Pending,2009
,,,,,,,,,Treasury,FMS,2009-09-30,Date of Receipt,2009
,,,,,,,,,Treasury,FMS,1,Number of Days Pending,2009
,2009-08-14,,,,,,,,U.S. DOL,EBSA,2009-07-21,Date of Receipt,2009
,33,,,,,,,,U.S. DOL,EBSA,49,Number of Days Pending,2009
,2009-06-19,,,,,,,,U.S. DOL,ESA,2009-03-04,Date of Receipt,2009
,78,,,,,,,,U.S. DOL,ESA,155,Number of Days Pending,2009
,2009-06-19,,,,,,,,U.S. DOL,ESA - OLMS,2009-03-04,Date of Receipt,2009
,78,,,,,,,,U.S. DOL,ESA - OLMS,155,Number of Days Pending,2009
,,,,,,,,,U.S. DOL,ETA,2009-08-25,Date of Receipt,2009
,,,,,,,,,U.S. DOL,ETA,21,Number of Days Pending,2009
,,,,,,,,,U.S. DOL,SOL,2009-09-28,Date of Receipt,2009
,,,,,,,,,U.S. DOL,SOL,3,Number of Days Pending,2009
,,,,,,,,,VA,C&LA,2009-08-10,Date of Receipt,2009
,,,,,,,,,VA,C&LA,36,Number of Days Pending,2009
,2009-09-17,,,,,,,,VA,VBA,2009-08-10,Date of Receipt,2009
,9,,,,,,,,VA,VBA,36,Number of Days Pending,2009
,,,,,,,,,VA,VHA,2009-08-10,Date of Receipt,2009
,,,,,,,,,VA,VHA,36,Number of Days Pending,2009
,2010-09-29,2010-09-29,,,,,,,CEQ,CEQ,2010-09-02,Date of Receipt,2010
,1,1,,,,,,,CEQ,CEQ,23,Number of Days Pending,2010
2006-08-18,2004-06-03,2005-02-11,2005-07-01,2005-07-14,2005-09-19,2006-02-13,2006-06-08,2006-08-10,CIA,CIA,2003-11-24,Date of Receipt,2010
1505,2311,2058,1918,1905,1838,1691,1576,1513,CIA,CIA,2503,Number of Days Pending,2010
,2010-09-04,2010-09-09,2010-09-15,,,,,,DHS,CBP,2010-08-25,Date of Receipt,2010
,18,16,12,,,,,,DHS,CBP,26,Number of Days Pending,2010
2010-05-27,2009-04-24,2009-08-11,2009-09-08,2009-10-05,2009-10-21,2010-01-22,2010-03-19,2010-03-19,DHS,FEMA,2008-09-19,Date of Receipt,2010
88,358,283,264,245,234,172,137,137,DHS,FEMA,505,Number of Days Pending,2010
,2010-09-20,,,,,,,,DHS,I&A,2010-08-13,Date of Receipt,2010
,9,,,,,,,,DHS,I&A,35,Number of Days Pending,2010
,,,,,,,,,DHS,MGMT,2010-09-29,Date of Receipt,2010
,,,,,,,,,DHS,MGMT,1,Number of Days Pending,2010
,,,,,,,,,DHS,S&T,2010-06-25,Date of Receipt,2010
,,,,,,,,,DHS,S&T,70,Number of Days Pending,2010
2010-06-15,2009-06-04,2009-09-17,2009-10-21,2009-12-07,2009-12-16,2010-02-17,2010-02-25,2010-06-02,DHS,TSA,2008-04-10,Date of Receipt,2010
76,330,257,234,203,196,159,153,85,DHS,TSA,618,Number of Days Pending,2010
2010-07-20,2009-12-24,2009-12-24,2010-03-11,2010-04-07,2010-05-05,2010-05-06,2010-05-12,2010-07-14,DHS,USCG,2009-07-28,Date of Receipt,2010
52,190,190,143,124,104,103,99,56,DHS,USCG,293,Number of Days Pending,2010
,,,,,,,,,DHS,USCIS,2010-09-10,Date of Receipt,2010
,,,,,,,,,DHS,USCIS,15,Number of Days Pending,2010
,2010-08-16,2010-08-19,2010-09-02,2010-09-02,2010-09-02,2010-09-02,,,DHS,USSS,2010-06-20,Date of Receipt,2010
,33,30,20,20,20,20,,,DHS,USSS,72,Number of Days Pending,2010
,2010-09-15,,,,,,,,DOC,OIG,2010-09-15,Date of Receipt,2010
,13,,,,,,,,DOC,OIG,13,Number of Days Pending,2010
,,,,,,,,,DOC,OS,2010-09-27,Date of Receipt,2010
,,,,,,,,,DOC,OS,3,Number of Days Pending,2010
2008-04-25,2007-02-15,2007-04-11,2007-09-07,2007-10-05,2007-10-17,2007-12-18,2008-03-13,2008-04-23,DoD,AF,2006-07-26,Date of Receipt,2010
610,909,871,767,747,740,698,641,612,DoD,AF,1047,Number of Days Pending,2010
2008-06-17,2008-04-21,2008-05-06,2008-06-16,2008-06-16,2008-06-17,2008-06-17,2008-06-17,2008-06-17,DoD,ARMY,2007-04-10,Date of Receipt,2010
574,614,603,575,575,574,574,574,574,DoD,ARMY,872,Number of Days Pending,2010
2009-10-08,2009-03-12,2009-04-01,2009-04-15,2009-06-08,2009-07-09,2009-08-31,2009-09-23,2009-09-29,DoD,CENTCOM,2008-11-20,Date of Receipt,2010
245,392,378,368,331,309,272,256,252,DoD,CENTCOM,466,Number of Days Pending,2010
,,,,,,,,,DoD,DFAS,2010-09-29,Date of Receipt,2010
,,,,,,,,,DoD,DFAS,1,Number of Days Pending,2010
2004-08-26,2000-12-18,2001-12-17,2002-03-12,2002-05-13,2002-12-10,2004-03-12,2004-03-15,2004-08-12,DoD,DIA,1999-03-04,Date of Receipt,2010
1526,2450,2200,2144,2100,1955,1642,1641,1536,DoD,DIA,2901,Number of Days Pending,2010
,,,,,,,,,DoD,DISA,2010-09-20,Date of Receipt,2010
,,,,,,,,,DoD,DISA,8,Number of Days Pending,2010
,,,,,,,,,DoD,DoDIG,2010-06-28,Date of Receipt,2010
,,,,,,,,,DoD,DoDIG,66,Number of Days Pending,2010
,2009-09-25,,,,,,,,DoD,EUCOM,2008-08-19,Date of Receipt,2010
,254,,,,,,,,DoD,EUCOM,530,Number of Days Pending,2010
,2010-09-13,2010-09-13,2010-09-30,,,,,,DoD,JFCOM,2010-07-19,Date of Receipt,2010
,13,13,1,,,,,,DoD,JFCOM,52,Number of Days Pending,2010
2010-09-10,2009-03-20,2009-04-03,2009-04-03,2009-06-09,2010-02-08,2010-04-08,2010-06-04,2010-07-14,DoD,NAVY,2008-11-13,Date of Receipt,2010
14,386,376,376,330,164,122,82,55,DoD,NAVY,471,Number of Days Pending,2010
2009-09-28,2009-01-22,2009-05-21,2009-05-24,2009-06-15,2009-07-07,2009-07-15,2009-08-10,2009-08-25,DoD,NGA,2008-07-03,Date of Receipt,2010
253,426,342,340,326,311,305,287,276,DoD,NGA,462,Number of Days Pending,2010
,2009-10-28,2009-11-09,2010-04-30,2010-06-29,2010-08-12,2010-09-17,2010-09-29,,DoD,NRO,2009-07-31,Date of Receipt,2010
,232,224,106,65,34,9,1,,DoD,NRO,293,Number of Days Pending,2010
2009-07-30,2008-08-22,2008-09-12,2009-03-11,2009-03-24,2009-07-10,2009-07-28,2009-07-28,2009-07-28,DoD,NSA,2005-12-15,Date of Receipt,2010
294,527,513,393,384,308,296,296,296,DoD,NSA,1200,Number of Days Pending,2010
2000-01-28,1998-07-01,1998-08-14,1999-07-15,1999-07-29,1999-10-26,1999-11-05,1999-11-19,2000-01-11,DoD,OSD/JS,1994-01-27,Date of Receipt,2010
2674,3068,3037,2808,2798,2737,2729,2720,2686,DoD,OSD/JS,4178,Number of Days Pending,2010
,2009-08-03,2009-08-27,2010-03-23,,,,,,DoD,PACOM,2009-01-20,Date of Receipt,2010
,292,274,134,,,,,,DoD,PACOM,427,Number of Days Pending,2010
2009-03-29,2007-02-09,2007-02-12,2007-06-22,2007-06-22,2007-08-27,2007-12-06,2008-10-20,2009-01-22,DoD,SOCOM,2006-01-23,Date of Receipt,2010
400,913,912,820,820,775,706,488,426,DoD,SOCOM,1176,Number of Days Pending,2010
2010-01-25,2008-06-11,2008-10-30,2008-10-30,2008-11-21,2009-06-01,2009-07-30,2010-01-25,2010-01-25,DoD,SOUTHCOM,2007-06-11,Date of Receipt,2010
174,578,480,480,465,336,294,174,174,DoD,SOUTHCOM,829,Number of Days Pending,2010
2008-11-13,2002-12-11,2004-04-07,2004-05-19,2004-06-04,2004-11-03,2006-06-12,2006-06-16,2008-08-26,DoD,TRANSCOM,2002-11-21,Date of Receipt,2010
471,1954,1624,1594,1580,1479,1078,1074,525,DoD,TRANSCOM,1967,Number of Days Pending,2010
,,,,,,,,,DoD,TRICARE,2010-06-16,Date of Receipt,2010
,,,,,,,,,DoD,TRICARE,74,Number of Days Pending,2010
2010-03-12,2006-11-29,2006-12-05,2009-11-10,2009-11-12,2009-11-12,2009-11-18,2010-01-29,2010-02-01,DOE,HQ,2001-06-14,Date of Receipt,2010
141,891,887,223,222,222,218,170,169,DOE,HQ,2158,Number of Days Pending,2010
,2010-07-13,,,,,,,,DOI,OS,2010-02-01,Date of Receipt,2010
,56,,,,,,,,DOI,OS,169,Number of Days Pending,2010
,2010-03-03,2010-07-26,,,,,,,DOJ,Office of the AG,2009-12-28,Date of Receipt,2010
,148,47,,,,,,,DOJ,Office of the AG,192,Number of Days Pending,2010
,2010-03-10,2010-03-25,2010-07-28,,,,,,DOJ,Office of the DAG,2010-01-28,Date of Receipt,2010
,143,132,45,,,,,,DOJ,Office of the DAG,171,Number of Days Pending,2010
,,,,,,,,,DOJ,Criminal,2010-04-21,Date of Receipt,2010
,,,,,,,,,DOJ,Criminal,113,Number of Days Pending,2010
2010-05-14,2010-02-18,2010-03-09,2010-03-09,2010-03-10,2010-04-13,2010-04-26,2010-05-11,2010-05-13,DOJ,DEA,2007-12-20,Date of Receipt,2010
96,157,144,144,143,119,110,99,97,DOJ,DEA,709,Number of Days Pending,2010
,2010-01-13,2010-02-24,2010-07-13,2010-09-15,2010-09-15,2010-09-24,2010-09-28,,DOJ,EOUSA,2010-01-07,Date of Receipt,2010
,181,153,56,11,11,4,2,,DOJ,EOUSA,185,Number of Days Pending,2010
2010-02-23,2009-10-29,2009-12-18,2009-12-30,2009-12-30,2009-12-30,2010-01-14,2010-02-19,2010-02-22,DOJ,FBI,2009-10-28,Date of Receipt,2010
154,231,197,190,190,190,180,156,155,DOJ,FBI,232,Number of Days Pending,2010
,,,,,,,,,DOJ,FCSC,2010-07-26,Date of Receipt,2010
,,,,,,,,,DOJ,FCSC,47,Number of Days Pending,2010
,2010-09-24,,,,,,,,DOJ,JMD,2010-02-01,Date of Receipt,2010
,4,,,,,,,,DOJ,JMD,169,Number of Days Pending,2010
,,,,,,,,,DOJ,OIP,2009-10-27,Date of Receipt,2010
,,,,,,,,,DOJ,OIP,233,Number of Days Pending,2010
,,,,,,,,,DOJ,OLA,2010-01-28,Date of Receipt,2010
,,,,,,,,,DOJ,OLA,171,Number of Days Pending,2010
,2010-03-10,2010-08-11,,,,,,,DOJ,Public Affairs,2010-01-28,Date of Receipt,2010
,143,35,,,,,,,DOJ,Public Affairs,171,Number of Days Pending,2010
,,,,,,,,,DOT,FAA,2009-09-03,Date of Receipt,2010
,,,,,,,,,DOT,FAA,265,Number of Days Pending,2010
2010-01-06,2006-12-20,2008-09-23,2008-09-25,2009-08-19,2009-11-09,2009-12-02,2009-12-15,2010-01-04,EPA,HQ,2006-01-30,Date of Receipt,2010
183,948,506,505,280,223,207,198,185,EPA,HQ,1171,Number of Days Pending,2010
,2010-04-28,2010-04-29,2010-07-13,,,,,,ODNI,ODNI,2009-11-05,Date of Receipt,2010
,156,155,79,,,,,,ODNI,ODNI,330,Number of Days Pending,2010
,2010-09-17,,,,,,,,OMB,OMB,2010-09-10,Date of Receipt,2010
,9,,,,,,,,OMB,OMB,14,Number of Days Pending,2010
,2010-09-21,,,,,,,,OSTP,OSTP,2010-07-13,Date of Receipt,2010
,8,,,,,,,,OSTP,OSTP,57,Number of Days Pending,2010
,,,,,,,,,PC,FOIA Office,2010-09-16,Date of Receipt,2010
,,,,,,,,,PC,FOIA Office,63,Number of Days Pending,2010
,,,,,,,,,SIGAR,SIGAR,2010-08-18,Date of Receipt,2010
,,,,,,,,,SIGAR,SIGAR,43,Number of Days Pending,2010
2005-08-16,2004-08-13,2004-08-13,2005-02-10,2005-03-22,2005-04-22,2005-07-05,2005-07-14,2005-08-04,State,DoS,2004-08-13,Date of Receipt,2010
1286,1538,1538,1416,1389,1366,1313,1309,1294,State,DoS,1538,Number of Days Pending,2010
2010-09-30,2009-09-14,2009-09-28,2010-01-19,2010-04-15,2010-04-22,2010-06-22,2010-06-22,2010-08-09,Treasury,DO,2009-07-14,Date of Receipt,2010
1,274,264,183,121,116,73,73,39,Treasury,DO,318,Number of Days Pending,2010
,,,,,,,,,Treasury,FMS,2010-09-14,Date of Receipt,2010
,,,,,,,,,Treasury,FMS,12,Number of Days Pending,2010
,2010-09-21,2010-09-23,2010-09-24,2010-09-24,2010-09-29,,,,Treasury,IRS,2010-07-08,Date of Receipt,2010
,7,5,4,4,1,,,,Treasury,IRS,59,Number of Days Pending,2010
,,,,,,,,,Treasury,TIGTA,2010-01-15,Date of Receipt,2010
,,,,,,,,,Treasury,TIGTA,175,Number of Days Pending,2010
,2010-08-13,,,,,,,,U.S. DOL,OLMS,2010-08-13,Date of Receipt,2010
,31,,,,,,,,U.S. DOL,OLMS,31,Number of Days Pending,2010
,2010-08-12,2010-08-13,2010-08-13,2010-08-13,2010-08-20,2010-09-23,,,U.S. DOL,OSHA,2010-08-02,Date of Receipt,2010
,32,31,31,31,28,2,,,U.S. DOL,OSHA,34,Number of Days Pending,2010
,,,,,,,,,USAID,USAID,2008-12-15,Date of Receipt,2010
,,,,,,,,,USAID,USAID,529,Number of Days Pending,2010
,,,,,,,,,USDA,FAS,2010-09-27,Date of Receipt,2010
,,,,,,,,,USDA,FAS,3,Number of Days Pending,2010
,,,,,,,,,USDA,FSA,2008-09-03,Date of Receipt,2010
,,,,,,,,,USDA,FSA,522,Number of Days Pending,2010
,,,,,,,,,USTR,USTR,2010-09-28,Date of Receipt,2010
,,,,,,,,,USTR,USTR,2,Number of Days Pending,2010
,,,,,,,,,VA,VHA,2009-08-10,Date of Receipt,2010
,,,,,,,,,VA,VHA,287,Number of Days Pending,2010
,2011-07-08,2011-09-15,2011-09-26,2011-09-27,,,,,CEQ,CEQ,2011-05-05,Date of Receipt,2011
,60,12,5,4,,,,,CEQ,CEQ,104,Number of Days Pending,2011
2006-11-03,2004-06-03,2005-02-11,2006-02-13,2006-06-08,2006-08-10,2006-08-25,2006-09-08,2006-09-13,CIA,CIA,2003-11-24,Date of Receipt,2011
1793,2676,2423,2056,1941,1878,1863,1849,1844,CIA,CIA,2868,Number of Days Pending,2011
,,,,,,,,,DHS,CBP,2011-09-12,Date of Receipt,2011
,,,,,,,,,DHS,CBP,14,Number of Days Pending,2011
2011-07-27,2010-06-15,2010-06-24,2010-09-03,2010-10-28,2011-04-20,2011-05-05,2011-05-12,2011-07-07,DHS,TSA,2009-12-16,Date of Receipt,2011
48,329,322,272,235,117,106,101,62,DHS,TSA,449,Number of Days Pending,2011
2011-04-26,2010-03-11,2010-06-28,2010-08-04,2010-09-08,2011-01-13,2011-02-08,2011-03-21,2011-04-08,DHS,USCG,2009-12-24,Date of Receipt,2011
111,394,318,292,268,182,165,137,123,DHS,USCG,447,Number of Days Pending,2011
2011-09-21,2010-10-08,2010-10-08,2010-10-08,2011-03-10,2011-05-10,2011-06-14,2011-06-14,2011-08-03,DHS,USSS,2010-06-20,Date of Receipt,2011
8,248,248,248,146,103,79,79,43,DHS,USSS,325,Number of Days Pending,2011
,2011-04-27,2011-05-10,2011-08-02,2011-09-13,,,,,DOC,ITA,2011-03-18,Date of Receipt,2011
,110,99,43,14,,,,,DOC,ITA,133,Number of Days Pending,2011
,2011-08-22,,,,,,,,DOC,NOAA,2011-03-14,Date of Receipt,2011
,49,,,,,,,,DOC,NOAA,137,Number of Days Pending,2011
2008-12-18,2007-10-05,2007-10-17,2007-12-18,2008-03-13,2008-04-25,2008-04-25,2008-08-01,2008-11-26,DoD,AF,2007-04-11,Date of Receipt,2011
698,998,991,949,892,861,861,793,713,DoD,AF,1122,Number of Days Pending,2011
2011-01-19,2011-01-19,2011-01-19,2011-01-19,2011-01-19,2011-01-19,2011-01-19,2011-01-19,2011-01-19,DoD,AFRICOM,2010-11-29,Date of Receipt,2011
178,178,178,178,178,178,178,178,178,DoD,AFRICOM,212,Number of Days Pending,2011
2011-09-30,2011-05-26,2011-08-31,2011-09-15,2011-09-15,2011-09-15,2011-09-19,2011-09-22,2011-09-22,DoD,ARMY,2007-04-10,Date of Receipt,2011
0,88,21,11,11,11,9,6,6,DoD,ARMY,1123,Number of Days Pending,2011
2011-03-01,2009-07-01,2010-02-05,2010-04-07,2010-04-12,2010-04-29,2010-08-03,2010-09-02,2010-11-22,DoD,CENTCOM,2009-06-08,Date of Receipt,2011
150,565,416,374,371,358,292,270,216,DoD,CENTCOM,582,Number of Days Pending,2011
2005-03-28,2000-12-18,2001-12-17,2002-01-01,2002-03-12,2002-12-10,2004-03-15,2004-09-02,2004-12-30,DoD,DIA,1999-03-04,Date of Receipt,2011
1633,2701,2451,2442,2395,2206,1892,1772,1692,DoD,DIA,3152,Number of Days Pending,2011
,2011-08-03,,,,,,,,DoD,DISA,2011-08-03,Date of Receipt,2011
,41,,,,,,,,DoD,DISA,41,Number of Days Pending,2011
,,,,,,,,,DoD,EUCOM,2002-04-11,Date of Receipt,2011
,,,,,,,,,DoD,EUCOM,2373,Number of Days Pending,2011
2010-03-08,2008-05-15,2008-11-13,2009-01-30,2009-11-09,2010-01-27,2010-02-08,2010-02-08,2010-03-01,DoD,NAVY,2007-12-27,Date of Receipt,2011
396,847,722,671,475,423,415,415,401,DoD,NAVY,944,Number of Days Pending,2011
2011-05-27,2010-09-20,2010-09-20,2010-09-28,2010-09-28,2010-09-30,2010-10-05,2011-04-29,2011-05-26,DoD,NGA,2010-08-25,Date of Receipt,2011
87,259,259,253,253,251,248,107,88,DoD,NGA,276,Number of Days Pending,2011
,2011-05-16,2011-05-27,2011-07-25,,,,,,DoD,NRO,2011-04-21,Date of Receipt,2011
,96,87,48,,,,,,DoD,NRO,113,Number of Days Pending,2011
2010-02-25,2008-09-12,2009-07-28,2009-07-28,2009-07-28,2009-07-30,2009-10-28,2009-11-20,2010-01-14,DoD,NSA,2005-12-15,Date of Receipt,2011
403,764,547,547,547,545,483,467,431,DoD,NSA,1451,Number of Days Pending,2011
2001-01-08,2000-05-02,2000-08-01,2000-08-01,2000-08-01,2000-09-13,2000-11-20,2000-11-29,2000-12-11,DoD,OSD/JS,2000-01-31,Date of Receipt,2011
2688,2859,2796,2796,2796,2766,2720,2714,2706,DoD,OSD/JS,2924,Number of Days Pending,2011
,2009-08-03,2009-08-27,2010-11-15,2011-07-26,2011-08-15,,,,DoD,PACOM,2009-01-20,Date of Receipt,2011
,543,525,221,47,33,,,,DoD,PACOM,678,Number of Days Pending,2011
2010-10-06,2007-06-20,2007-12-06,2008-10-20,2009-06-03,2009-06-15,2010-03-04,2010-06-15,2010-09-13,DoD,SOCOM,2006-01-23,Date of Receipt,2011
247,1073,957,739,585,577,398,326,264,DoD,SOCOM,1427,Number of Days Pending,2011
2011-01-18,2010-05-09,2010-05-11,2010-05-11,2010-05-17,2010-05-24,2010-05-28,2010-12-17,2011-01-04,DoD,SOUTHCOM,2008-08-07,Date of Receipt,2011
179,356,350,350,346,341,337,198,188,DoD,SOUTHCOM,789,Number of Days Pending,2011
,,,,,,,,,DoD,STRATCOM,2011-09-29,Date of Receipt,2011
,,,,,,,,,DoD,STRATCOM,1,Number of Days Pending,2011
,,,,,,,,,DoD,TRANSCOM,2011-09-13,Date of Receipt,2011
,,,,,,,,,DoD,TRANSCOM,13,Number of Days Pending,2011
,2011-08-17,,,,,,,,DoD,TRICARE,2011-04-13,Date of Receipt,2011
,31,,,,,,,,DoD,TRICARE,119,Number of Days Pending,2011
2010-06-28,2009-11-18,2010-01-29,2010-02-01,2010-03-12,2010-03-24,2010-03-31,2010-04-30,2010-05-25,DOE,HQ,2006-12-05,Date of Receipt,2011
317,469,421,420,392,384,379,357,340,DOE,HQ,1137,Number of Days Pending,2011
,2010-07-13,2011-07-06,,,,,,,DOI,OS,2010-02-01,Date of Receipt,2011
,307,61,,,,,,,DOI,OS,420,Number of Days Pending,2011
,2011-09-28,,,,,,,,DOJ,Civil Rights,2011-09-22,Date of Receipt,2011
,2,,,,,,,,DOJ,Civil Rights,6,Number of Days Pending,2011
,2011-06-27,2011-06-29,2011-07-06,2011-07-07,2011-09-28,,,,DOJ,Criminal,2011-05-23,Date of Receipt,2011
,67,65,61,10,2,,,,DOJ,Criminal,91,Number of Days Pending,2011
2011-08-09,2011-06-21,2011-06-22,2011-07-01,2011-07-07,2011-07-08,2011-07-08,2011-07-25,2011-07-25,DOJ,DEA,2011-04-15,Date of Receipt,2011
37,71,70,63,60,59,59,48,48,DOJ,DEA,117,Number of Days Pending,2011
,2011-08-15,2011-09-02,2011-09-08,,,,,,DOJ,EOUSA,2011-07-15,Date of Receipt,2011
,33,19,16,,,,,,DOJ,EOUSA,54,Number of Days Pending,2011
2011-03-17,2009-09-01,2009-09-01,2010-07-12,2010-10-05,2010-11-17,2010-11-29,2011-01-26,2011-03-03,DOJ,FBI,2009-08-17,Date of Receipt,2011
138,522,522,308,248,219,212,173,148,DOJ,FBI,533,Number of Days Pending,2011
,2011-06-16,,,,,,,,DOJ,JMD,2010-02-01,Date of Receipt,2011
,74,,,,,,,,DOJ,JMD,420,Number of Days Pending,2011
,2011-09-26,,,,,,,,DOJ,USNCB,2011-07-27,Date of Receipt,2011
,4,,,,,,,,DOJ,USNCB,46,Number of Days Pending,2011
,2011-08-22,,,,,,,,DOT,OIG,2011-03-21,Date of Receipt,2011
,28,,,,,,,,DOT,OIG,136,Number of Days Pending,2011
2011-08-02,2008-09-23,2009-12-02,2010-01-04,2010-04-05,2010-06-02,2010-09-28,2010-09-29,2010-10-21,EPA,HQ,2006-12-20,Date of Receipt,2011
41,757,458,435,373,333,252,251,236,EPA,HQ,1199,Number of Days Pending,2011
,,,,,,,,,NSF,OGC,2010-10-01,Date of Receipt,2011
,,,,,,,,,NSF,OGC,251,Number of Days Pending,2011
,2011-09-19,2011-09-29,2011-09-29,,,,,,OMB,OMB,2011-09-07,Date of Receipt,2011
,9,1,1,,,,,,OMB,OMB,17,Number of Days Pending,2011
,,,,,,,,,PC,FOIA Office,2010-09-16,Date of Receipt,2011
,,,,,,,,,PC,FOIA Office,305,Number of Days Pending,2011
,,,,,,,,,SEC,SEC,2011-07-28,Date of Receipt,2011
,,,,,,,,,SEC,SEC,65,Number of Days Pending,2011
2006-11-30,2006-01-20,2006-02-03,2006-06-08,2006-08-30,2006-09-01,2006-10-13,2006-11-22,2006-11-28,State,DoS,2005-04-22,Date of Receipt,2011
1220,1437,1427,1340,1282,1280,1252,1225,1222,State,DoS,1623,Number of Days Pending,2011
2011-09-26,2011-02-01,2011-04-27,2011-05-18,2011-05-27,2011-07-14,2011-08-16,2011-08-23,2011-09-09,Treasury,DO,2010-09-30,Date of Receipt,2011
5,170,110,95,88,56,33,28,16,Treasury,DO,252,Number of Days Pending,2011
,2011-09-13,,,,,,,,Treasury,FMS,2011-08-08,Date of Receipt,2011
,14,,,,,,,,Treasury,FMS,39,Number of Days Pending,2011
,2011-07-06,2011-07-07,2011-07-08,2011-07-08,2011-07-11,2011-07-18,2011-07-21,2011-08-23,Treasury,IRS,2011-07-05,Date of Receipt,2011
,62,61,60,60,59,54,51,28,Treasury,IRS,63,Number of Days Pending,2011
,,,,,,,,,U.S. DOL,ADJ BDS,2011-03-22,Date of Receipt,2011
,,,,,,,,,U.S. DOL,ADJ BDS,120,Number of Days Pending,2011
,,,,,,,,,U.S. DOL,ASP,2011-04-29,Date of Receipt,2011
,,,,,,,,,U.S. DOL,ASP,106,Number of Days Pending,2011
,,,,,,,,,U.S. DOL,MSHA,2010-08-13,Date of Receipt,2011
,,,,,,,,,U.S. DOL,MSHA,276,Number of Days Pending,2011
,2011-09-16,,,,,,,,U.S. DOL,OSHA,2011-08-01,Date of Receipt,2011
,6,,,,,,,,U.S. DOL,OSHA,44,Number of Days Pending,2011
,,,,,,,,,U.S. DOL,WHD,2011-08-18,Date of Receipt,2011
,,,,,,,,,U.S. DOL,WHD,31,Number of Days Pending,2011
,2011-08-10,2011-08-15,2011-08-30,,,,,,USAID,USAID,2011-08-10,Date of Receipt,2011
,36,33,22,,,,,,USAID,USAID,36,Number of Days Pending,2011
,,,,,,,,,USDA,FS,2011-09-29,Date of Receipt,2011
,,,,,,,,,USDA,FS,1,Number of Days Pending,2011
,,,,,,,,,USDA,FSA,2008-09-03,Date of Receipt,2011
,,,,,,,,,USDA,FSA,773,Number of Days Pending,2011
,,,,,,,,,USDA,GIPSA,2011-09-27,Date of Receipt,2011
,,,,,,,,,USDA,GIPSA,3,Number of Days Pending,2011
,2011-04-27,2011-05-24,2011-07-12,2011-07-22,2011-08-05,2011-09-16,2011-09-30,,USTR,USTR,2011-03-10,Date of Receipt,2011
,156,129,80,70,56,14,0,,USTR,USTR,203,Number of Days Pending,2011
,,,,,,,,,VA,VHA,2011-09-29,Date of Receipt,2011
,,,,,,,,,VA,VHA,1,Number of Days Pending,2011
,2012-07-03,,,,,,,,CEQ,CEQ,2012-01-26,Date of Receipt,2012
,62,,,,,,,,CEQ,CEQ,173,Number of Days Pending,2012
2007-04-19,2005-02-11,2006-02-13,2006-06-08,2006-08-10,2006-08-25,2006-11-03,2007-02-09,2007-04-17,CIA,CIA,2003-11-24,Date of Receipt,2012
1992,2789,2422,2307,2244,2229,2159,2061,1994,CIA,CIA,3234,Number of Days Pending,2012
,2012-04-10,2012-05-31,2012-06-28,2012-07-19,,,,,DHS,CBP,2012-04-09,Date of Receipt,2012
,121,85,65,51,,,,,DHS,CBP,122,Number of Days Pending,2012
,2011-08-23,,,,,,,,DHS,FEMA,2011-03-27,Date of Receipt,2012
,280,,,,,,,,DHS,FEMA,385,Number of Days Pending,2012
,2012-08-29,2012-09-18,,,,,,,DHS,I&A,2012-04-03,Date of Receipt,2012
,22,9,,,,,,,DHS,I&A,126,Number of Days Pending,2012
,2012-07-19,2012-07-30,2012-09-07,,,,,,DHS,ICE,2012-05-04,Date of Receipt,2012
,51,44,16,,,,,,DHS,ICE,103,Number of Days Pending,2012
,2012-08-16,2012-09-26,,,,,,,DHS,PRIV,2011-11-20,Date of Receipt,2012
,31,3,,,,,,,DHS,PRIV,218,Number of Days Pending,2012
2012-07-23,2010-09-03,2010-10-28,2011-04-20,2011-09-15,2011-09-16,2011-09-16,2012-03-30,2012-04-10,DHS,TSA,2010-06-15,Date of Receipt,2012
49,523,486,368,263,262,262,128,121,DHS,TSA,580,Number of Days Pending,2012
,2011-03-21,2011-05-05,2012-01-26,2012-05-03,2012-06-06,,,,DHS,USCG,2010-10-05,Date of Receipt,2012
,390,357,173,104,81,,,,DHS,USCG,502,Number of Days Pending,2012
,2012-09-24,2012-09-26,,,,,,,DHS,USCIS,2012-08-24,Date of Receipt,2012
,5,3,,,,,,,DHS,USCIS,25,Number of Days Pending,2012
,2010-10-08,2010-10-08,2011-05-10,2011-09-21,2012-01-13,2012-01-13,2012-02-08,2012-02-08,DHS,USSS,2010-10-08,Date of Receipt,2012
,499,499,354,259,181,181,164,164,DHS,USSS,499,Number of Days Pending,2012
,,,,,,,,,DNFSB,OGC,2012-08-27,Date of Receipt,2012
,,,,,,,,,DNFSB,OGC,23,Number of Days Pending,2012
,2012-05-22,,,,,,,,DOC,ITA,2011-08-02,Date of Receipt,2012
,91,,,,,,,,DOC,ITA,293,Number of Days Pending,2012
,,,,,,,,,DOC,NIST,2012-06-22,Date of Receipt,2012
,,,,,,,,,DOC,NIST,69,Number of Days Pending,2012
,,,,,,,,,DOC,NOAA,2010-09-01,Date of Receipt,2012
,,,,,,,,,DOC,NOAA,605,Number of Days Pending,2012
,,,,,,,,,DOC,NTIA,2012-09-20,Date of Receipt,2012
,,,,,,,,,DOC,NTIA,6,Number of Days Pending,2012
2011-02-15,2008-12-18,2008-12-18,2009-03-25,2009-07-14,2010-04-22,2010-06-17,2010-07-06,2010-12-15,DoD,AF,2008-08-01,Date of Receipt,2012
410,949,949,885,808,614,575,563,451,DoD,AF,1045,Number of Days Pending,2012
2011-11-29,2011-01-19,2011-01-19,2011-01-19,2011-01-19,2011-01-19,2011-01-19,2011-01-19,2011-01-19,DoD,AFRICOM,2011-01-19,Date of Receipt,2012
212,429,429,429,429,429,429,429,429,DoD,AFRICOM,429,Number of Days Pending,2012
2012-09-07,2012-07-06,2012-07-10,2012-07-11,2012-07-19,2012-08-20,2012-08-27,2012-09-05,2012-09-06,DoD,ARMY,2012-07-06,Date of Receipt,2012
15,59,57,56,50,28,23,17,16,DoD,ARMY,59,Number of Days Pending,2012
2012-06-06,2011-12-12,2012-02-13,2012-03-21,2012-04-12,2012-05-16,2012-05-22,2012-05-23,2012-05-30,DoD,CENTCOM,2011-09-14,Date of Receipt,2012
80,203,160,134,118,94,90,89,85,DoD,CENTCOM,263,Number of Days Pending,2012
2005-12-30,2004-12-30,2005-03-30,2005-04-13,2005-06-16,2005-06-16,2005-09-19,2005-11-17,2005-11-18,DoD,DIA,2002-05-13,Date of Receipt,2012
1693,1944,1883,1873,1828,1828,1763,1722,1721,DoD,DIA,2603,Number of Days Pending,2012
,2012-05-03,2012-07-12,2012-09-18,,,,,,DoD,DISA,2012-03-06,Date of Receipt,2012
,103,55,8,,,,,,DoD,DISA,145,Number of Days Pending,2012
,2012-09-13,2012-09-13,,,,,,,DoD,DLA,2012-06-20,Date of Receipt,2012
,11,11,,,,,,,DoD,DLA,70,Number of Days Pending,2012
,,,,,,,,,DoD,DoD IG,2012-04-03,Date of Receipt,2012
,,,,,,,,,DoD,DoD IG,125,Number of Days Pending,2012
,,,,,,,,,DoD,EUCOM,2002-04-11,Date of Receipt,2012
,,,,,,,,,DoD,EUCOM,2625,Number of Days Pending,2012
2011-09-01,2009-11-09,2010-10-04,2010-12-15,2011-01-01,2011-02-09,2011-05-05,2011-06-24,2011-08-19,DoD,NAVY,2008-11-13,Date of Receipt,2012
271,726,500,451,440,414,354,319,280,DoD,NAVY,974,Number of Days Pending,2012
2012-04-25,2010-10-05,2011-07-14,2011-09-20,2011-12-09,2011-12-28,2011-12-29,2011-12-29,2012-03-30,DoD,NGA,2009-09-14,Date of Receipt,2012
109,499,306,259,204,191,190,190,127,DoD,NGA,765,Number of Days Pending,2012
,2012-06-27,,,,,,,,DoD,NORTHCOM,2012-03-20,Date of Receipt,2012
,65,,,,,,,,DoD,NORTHCOM,135,Number of Days Pending,2012
,,,,,,,,,DoD,NRO,2012-06-14,Date of Receipt,2012
,,,,,,,,,DoD,NRO,74,Number of Days Pending,2012
2010-09-09,2009-07-28,2009-11-20,2010-04-28,2010-04-28,2010-05-05,2010-05-11,2010-08-05,2010-09-07,DoD,NSA,2008-09-12,Date of Receipt,2012
517,798,718,610,610,605,601,541,519,DoD,NSA,1016,Number of Days Pending,2012
2004-02-25,2002-04-16,2002-07-16,2002-08-30,2002-10-03,2002-10-09,2003-02-14,2003-10-21,2004-01-22,DoD,OSD/JS,2001-01-08,Date of Receipt,2012
2157,2622,2559,2526,2503,2499,2413,2241,2180,DoD,OSD/JS,2940,Number of Days Pending,2012
,2009-08-03,2009-08-27,2012-01-03,2012-09-07,,,,,DoD,PACOM,2009-01-20,Date of Receipt,2012
,794,776,188,15,,,,,DoD,PACOM,929,Number of Days Pending,2012
2011-05-03,2007-12-06,2009-06-03,2009-06-15,2010-09-13,2010-10-06,2010-11-23,2011-01-04,2011-04-05,DoD,SOCOM,2007-06-20,Date of Receipt,2012
356,1209,836,828,515,498,466,439,376,DoD,SOCOM,1325,Number of Days Pending,2012
2011-11-10,2010-03-03,2010-06-30,2011-01-04,2011-04-28,2011-06-30,2011-07-14,2011-10-19,2011-11-02,DoD,SOUTHCOM,2010-01-04,Date of Receipt,2012
223,650,566,439,359,315,306,239,229,DoD,SOUTHCOM,690,Number of Days Pending,2012
,2012-03-06,2012-05-25,2012-07-11,2012-07-18,2012-07-18,2012-07-30,2012-08-22,2012-09-13,DoD,STRATCOM,2009-02-17,Date of Receipt,2012
,145,87,56,51,51,43,26,11,DoD,STRATCOM,910,Number of Days Pending,2012
2011-06-01,2010-06-29,2010-07-14,2010-08-27,2011-01-28,2011-02-02,2011-04-07,2011-04-07,2011-04-08,DOE,HQ,2010-06-28,Date of Receipt,2012
335,566,556,524,421,418,372,372,371,DOE,HQ,567,Number of Days Pending,2012
,2012-04-25,2012-04-26,2012-05-31,2012-06-14,2012-07-16,2012-07-16,2012-07-16,2012-07-17,DOE,NNSA,2012-04-24,Date of Receipt,2012
,109,108,84,74,53,53,53,52,DOE,NNSA,110,Number of Days Pending,2012
,,,,,,,,,DOJ,ATF,2012-06-05,Date of Receipt,2012
,,,,,,,,,DOJ,ATF,81,Number of Days Pending,2012
2012-09-19,2012-01-24,2012-02-15,2012-05-03,2012-07-24,2012-08-10,2012-08-15,2012-09-13,2012-09-17,DOJ,Criminal,2011-11-15,Date of Receipt,2012
7,174,158,103,47,34,31,11,9,DOJ,Criminal,220,Number of Days Pending,2012
2012-08-27,2012-07-26,2012-07-31,2012-08-01,2012-08-20,2012-08-20,2012-08-20,2012-08-23,2012-08-27,DOJ,DEA,2012-07-10,Date of Receipt,2012
23,45,42,41,28,28,28,25,23,DOJ,DEA,57,Number of Days Pending,2012
,,,,,,,,,DOJ,EOIR,2012-09-17,Date of Receipt,2012
,,,,,,,,,DOJ,EOIR,9,Number of Days Pending,2012
,2012-04-04,2012-07-05,2012-09-10,2012-09-10,2012-09-17,,,,DOJ,EOUSA,2012-03-13,Date of Receipt,2012
,124,60,14,14,9,,,,DOJ,EOUSA,140,Number of Days Pending,2012
2012-01-05,2011-09-06,2011-11-14,2011-11-21,2011-12-05,2011-12-09,2011-12-12,2011-12-21,2011-12-22,DOJ,FBI,2011-07-23,Date of Receipt,2012
186,268,221,216,207,203,202,195,194,DOJ,FBI,299,Number of Days Pending,2012
,,,,,,,,,DOJ,OLC,2012-09-24,Date of Receipt,2012
,,,,,,,,,DOJ,OLC,4,Number of Days Pending,2012
,,,,,,,,,DOJ,OPR,2011-11-07,Date of Receipt,2012
,,,,,,,,,DOJ,OPR,225,Number of Days Pending,2012
,,,,,,,,,DOT,OIG,2012-09-27,Date of Receipt,2012
,,,,,,,,,DOT,OIG,1,Number of Days Pending,2012
,,,,,,,,,DOT,PHMSA,2012-04-20,Date of Receipt,2012
,,,,,,,,,DOT,PHMSA,112,Number of Days Pending,2012
2012-05-06,2009-12-02,2010-04-05,2010-09-28,2010-09-29,2010-10-21,2011-10-20,2011-12-28,2012-03-02,EPA,HQ,2006-12-20,Date of Receipt,2012
94,709,624,504,503,488,257,190,145,EPA,HQ,1450,Number of Days Pending,2012
,,,,,,,,,FCC,FCC,2012-11-01,Date of Receipt,2012
,,,,,,,,,FCC,FCC,230,Number of Days Pending,2012
,,,,,,,,,FRTIB,FRTIB,2012-08-22,Date of Receipt,2012
,,,,,,,,,FRTIB,FRTIB,49,Number of Days Pending,2012
,2012-09-24,,,,,,,,ODNI,ODNI,2012-05-10,Date of Receipt,2012
,7,,,,,,,,ODNI,ODNI,144,Number of Days Pending,2012
,2012-09-27,,,,,,,,OMB,OMB,2012-09-07,Date of Receipt,2012
,1,,,,,,,,OMB,OMB,15,Number of Days Pending,2012
,,,,,,,,,OPM,OPM,2012-03-27,Date of Receipt,2012
,,,,,,,,,OPM,OPM,140,Number of Days Pending,2012
2007-05-21,2007-01-11,2007-02-02,2007-03-06,2007-03-16,2007-03-23,2007-04-02,2007-04-09,2007-04-23,State,DoS,2006-12-19,Date of Receipt,2012
1400,1492,1477,1454,1447,1442,1435,1430,1420,State,DoS,1509,Number of Days Pending,2012
,2011-08-23,2012-01-25,2012-02-01,2012-09-05,2012-09-25,2012-09-27,2012-09-28,,Treasury,DO,2011-02-01,Date of Receipt,2012
,278,265,141,18,4,2,1,,Treasury,DO,420,Number of Days Pending,2012
,2012-07-17,2012-07-17,2012-07-18,2012-08-22,2012-09-05,2012-09-05,2012-09-27,,Treasury,FMS,2012-03-29,Date of Receipt,2012
,52,52,51,26,17,17,1,,Treasury,FMS,128,Number of Days Pending,2012
,2012-09-05,2012-09-05,,,,,,,Treasury,IRS,2012-08-30,Date of Receipt,2012
,17,17,,,,,,,Treasury,IRS,20,Number of Days Pending,2012
,2012-08-29,2012-09-18,2012-09-20,2012-09-21,2012-09-21,,,,U.S. DOL,OSHA,2012-08-27,Date of Receipt,2012
,21,8,6,5,5,,,,U.S. DOL,OSHA,23,Number of Days Pending,2012
,,,,,,,,,U.S. DOL,SOL,2010-06-24,Date of Receipt,2012
,,,,,,,,,U.S. DOL,SOL,560,Number of Days Pending,2012
,2011-08-30,2012-07-31,,,,,,,USAID,USAID,2011-08-15,Date of Receipt,2012
,272,42,,,,,,,USAID,USAID,283,Number of Days Pending,2012
,,,,,,,,,USDA,FAS,2012-09-19,Date of Receipt,2012
,,,,,,,,,USDA,FAS,7,Number of Days Pending,2012
,,,,,,,,,USDA,RD,2012-04-11,Date of Receipt,2012
,,,,,,,,,USDA,RD,119,Number of Days Pending,2012
,2011-07-12,2011-07-22,2011-09-16,2011-09-30,2012-05-14,2012-05-15,2012-08-03,,USTR,USTR,2011-04-27,Date of Receipt,2012
,444,434,378,364,137,136,56,,USTR,USTR,522,Number of Days Pending,2012
,,,,,,,,,VA,VHA,2012-09-20,Date of Receipt,2012
,,,,,,,,,VA,VHA,6,Number of Days Pending,2012
2013-01-29,2012-02-01,2012-02-08,2012-02-09,2012-04-09,2012-10-11,2012-11-09,2012-12-26,2013-01-23,CEQ,CEQ,2011-11-10,Date of Receipt,2013
311,674,667,666,606,421,392,345,317,CEQ,CEQ,757,Number of Days Pending,2013
2009-06-04,2007-02-09,2007-05-21,2007-05-21,2007-05-21,2008-04-07,2008-04-07,2008-04-07,2008-04-07,CIA,CIA,2006-08-10,Date of Receipt,2013
1579,2426,2325,2325,2325,2002,2002,2002,2002,CIA,CIA,2609,Number of Days Pending,2013
2013-06-10,2012-04-10,2012-05-31,2012-06-28,2012-12-13,2013-01-11,2013-02-21,2013-05-07,2013-05-22,DHS,CBP,2012-03-16,Date of Receipt,2013
79,372,336,316,201,182,155,102,91,DHS,CBP,389,Number of Days Pending,2013
,,,,,,,,,DHS,FEMA,2013-09-13,Date of Receipt,2013
,,,,,,,,,DHS,FEMA,12,Number of Days Pending,2013
2013-04-10,2013-02-14,2013-02-14,2013-02-14,2013-02-14,2013-03-22,2013-03-28,2013-04-04,2013-04-10,DHS,ICE,2012-11-02,Date of Receipt,2013
121,160,160,160,160,134,130,125,121,DHS,ICE,228,Number of Days Pending,2013
2013-09-16,2013-04-26,2013-06-11,2013-07-16,2013-08-01,2013-08-06,2013-08-09,2013-09-05,2013-09-11,DHS,PRIV,2013-03-26,Date of Receipt,2013
11,109,78,54,42,39,36,18,14,DHS,PRIV,132,Number of Days Pending,2013
2013-05-20,2010-06-15,2010-09-03,2010-10-28,2011-09-15,2011-09-16,2011-09-16,2012-03-30,2012-04-10,DHS,TSA,2009-12-16,Date of Receipt,2013
93,831,774,737,514,513,513,379,372,DHS,TSA,951,Number of Days Pending,2013
,2011-05-05,2012-01-26,,,,,,,DHS,USCG,2011-03-21,Date of Receipt,2013
,608,424,,,,,,,DHS,USCG,641,Number of Days Pending,2013
,,,,,,,,,DHS,USCIS,2013-05-08,Date of Receipt,2013
,,,,,,,,,DHS,USCIS,100,Number of Days Pending,2013
2013-06-20,2010-10-08,2010-10-08,2011-05-10,2012-12-14,2013-02-13,2013-03-19,2013-04-03,2013-06-06,DHS,USSS,2010-10-08,Date of Receipt,2013
71,750,750,605,200,161,137,126,81,DHS,USSS,750,Number of Days Pending,2013
,2013-05-29,2013-06-14,2013-07-26,2013-08-12,2013-08-22,,,,DOC,ITA,2013-03-22,Date of Receipt,2013
,89,76,47,36,28,,,,DOC,ITA,135,Number of Days Pending,2013
,,,,,,,,,DOC,NTIA,2013-09-20,Date of Receipt,2013
,,,,,,,,,DOC,NTIA,6,Number of Days Pending,2013
2012-10-24,2011-10-13,2011-11-14,2012-04-23,2012-08-24,2012-09-05,2012-09-07,2012-09-10,2012-09-28,DoD,AF,2010-12-15,Date of Receipt,2013
233,493,472,361,274,267,265,264,250,DoD,AF,701,Number of Days Pending,2013
2011-03-14,2011-01-19,2011-01-19,2011-01-19,2011-01-19,2011-01-19,2011-02-16,2011-02-25,2011-03-10,DoD,AFRICOM,2010-11-29,Date of Receipt,2013
642,679,679,679,679,679,659,653,644,DoD,AFRICOM,713,Number of Days Pending,2013
2008-06-17,2008-04-21,2008-06-16,2008-06-16,2008-06-17,2008-06-17,2008-06-17,2008-06-17,2008-06-17,DoD,ARMY,2008-02-19,Date of Receipt,2013
1327,1367,1328,1328,1327,1327,1327,1327,1327,DoD,ARMY,1411,Number of Days Pending,2013
2013-04-03,2012-05-22,2012-06-15,2012-07-25,2012-10-01,2013-01-24,2013-02-08,2013-02-27,2013-03-01,DoD,CENTCOM,2012-04-12,Date of Receipt,2013
125,340,323,296,249,173,162,150,148,DoD,CENTCOM,368,Number of Days Pending,2013
2008-05-21,2006-06-02,2006-06-19,2006-08-01,2006-09-25,2006-11-13,2007-06-12,2007-08-24,2007-11-06,DoD,DIA,2006-04-05,Date of Receipt,2013
1345,1837,1826,1796,1758,1725,1581,1529,1479,DoD,DIA,1878,Number of Days Pending,2013
,2013-02-15,2013-04-11,,,,,,,DoD,DISA,2013-02-15,Date of Receipt,2013
,157,119,,,,,,,DoD,DISA,157,Number of Days Pending,2013
,,,,,,,,,DoD,DTRA,2013-09-04,Date of Receipt,2013
,,,,,,,,,DoD,DTRA,18,Number of Days Pending,2013
,2009-06-06,2009-06-16,2010-08-05,2011-01-05,2011-01-21,2013-03-28,2013-04-10,2013-08-09,DoD,EUCOM,2008-07-31,Date of Receipt,2013
,1083,1077,791,688,677,129,120,35,DoD,EUCOM,1296,Number of Days Pending,2013
2012-10-01,2010-05-10,2011-02-17,2011-05-11,2011-06-24,2012-01-12,2012-02-24,2012-05-04,2012-06-07,DoD,NAVY,2010-04-29,Date of Receipt,2013
249,852,658,600,569,431,402,352,329,DoD,NAVY,859,Number of Days Pending,2013
2012-12-03,2011-09-20,2011-12-29,2011-12-29,2012-03-20,2012-06-13,2012-06-20,2012-11-30,2012-12-03,DoD,NGA,2011-07-14,Date of Receipt,2013
207,509,440,440,385,325,320,208,207,DoD,NGA,556,Number of Days Pending,2013
,2013-04-16,,,,,,,,DoD,NORTHCOM,2012-03-20,Date of Receipt,2013
,0,,,,,,,,DoD,NORTHCOM,0,Number of Days Pending,2013
2013-05-31,2013-01-15,2013-01-31,2013-02-22,2013-04-20,2013-04-30,2013-04-30,2013-05-17,2013-05-31,DoD,NRO,2012-06-14,Date of Receipt,2013
84,179,168,153,112,106,106,93,84,DoD,NRO,324,Number of Days Pending,2013
2010-11-19,2009-07-28,2010-10-07,2010-10-20,2010-11-19,2010-11-19,2010-11-19,2010-11-19,2010-11-19,DoD,NSA,2008-09-12,Date of Receipt,2013
718,1048,747,739,718,718,718,718,718,DoD,NSA,1266,Number of Days Pending,2013
2006-08-23,2004-08-25,2004-08-31,2004-10-06,2004-12-16,2004-12-29,2005-06-30,2005-10-20,2006-07-25,DoD,OSD/JS,2004-07-08,Date of Receipt,2013
1780,2280,2276,2251,2203,2195,2068,1991,1801,DoD,OSD/JS,2314,Number of Days Pending,2013
2013-08-20,2009-08-03,2009-08-27,2013-02-11,2013-03-18,2013-03-20,2013-03-27,2013-04-26,2013-06-27,DoD,PACOM,2009-01-20,Date of Receipt,2013
28,1044,1026,161,137,135,130,108,65,DoD,PACOM,1179,Number of Days Pending,2013
2012-07-18,2010-11-23,2011-01-04,2011-05-03,2011-08-18,2011-09-13,2011-12-15,2011-12-21,2012-07-12,DoD,SOCOM,2007-06-20,Date of Receipt,2013
301,716,689,606,531,514,450,446,305,DoD,SOCOM,1575,Number of Days Pending,2013
2013-04-23,2011-01-01,2011-11-02,2012-07-24,2012-08-01,2012-08-01,2012-10-23,2013-04-11,2013-04-23,DoD,SOUTHCOM,2010-03-03,Date of Receipt,2013
111,690,479,297,291,291,234,119,111,DoD,SOUTHCOM,900,Number of Days Pending,2013
,2013-04-09,2013-05-23,2013-07-31,2013-09-06,,,,,DoD,STRATCOM,2012-12-18,Date of Receipt,2013
,121,89,42,16,,,,,DoD,STRATCOM,196,Number of Days Pending,2013
,,,,,,,,,DoD,TRANSCOM,2012-06-21,Date of Receipt,2013
,,,,,,,,,DoD,TRANSCOM,319,Number of Days Pending,2013
,,,,,,,,,DoD,TRICARE,2013-07-08,Date of Receipt,2013
,,,,,,,,,DoD,TRICARE,59,Number of Days Pending,2013
,,,,,,,,,DOE,BPA,2013-07-22,Date of Receipt,2013
,,,,,,,,,DOE,BPA,49,Number of Days Pending,2013
2011-10-04,2010-08-27,2011-04-08,2011-06-01,2011-07-11,2011-08-04,2011-08-04,2011-08-04,2011-10-04,DOE,HQ,2010-07-14,Date of Receipt,2013
499,775,623,586,559,541,541,541,499,DOE,HQ,807,Number of Days Pending,2013
2012-10-10,2012-04-25,2012-04-26,2012-05-31,2012-06-14,2012-07-16,2012-07-16,2012-07-16,2012-07-17,DOE,NNSA,2012-04-24,Date of Receipt,2013
244,360,359,335,325,304,304,304,303,DOE,NNSA,361,Number of Days Pending,2013
,,,,,,,,,DOE,ORO,2013-09-20,Date of Receipt,2013
,,,,,,,,,DOE,ORO,6,Number of Days Pending,2013
,,,,,,,,,DOE,SRO,2013-04-19,Date of Receipt,2013
,,,,,,,,,DOE,SRO,113,Number of Days Pending,2013
,,,,,,,,,DOI,OS,2013-09-26,Date of Receipt,2013
,,,,,,,,,DOI,OS,2,Number of Days Pending,2013
,,,,,,,,,DOJ,Office of the AG,2013-07-29,Date of Receipt,2013
,,,,,,,,,DOJ,Office of the AG,44,Number of Days Pending,2013
,,,,,,,,,DOJ,Office of the DAG,2013-07-29,Date of Receipt,2013
,,,,,,,,,DOJ,Office of the DAG,44,Number of Days Pending,2013
,2012-08-17,,,,,,,,DOJ,Civil,2011-08-03,Date of Receipt,2013
,279,,,,,,,,DOJ,Civil,541,Number of Days Pending,2013
2013-03-12,2012-08-30,2012-10-01,2012-10-09,2013-02-25,2013-02-26,2013-03-05,2013-03-05,2013-03-05,DOJ,Criminal,2012-08-28,Date of Receipt,2013
141,270,249,244,152,151,146,146,146,DOJ,Criminal,272,Number of Days Pending,2013
2013-09-27,2013-07-31,2013-08-05,2013-08-20,2013-08-26,2013-09-10,2013-09-23,2013-09-27,2013-09-27,DOJ,DEA,2013-05-28,Date of Receipt,2013
1,42,39,28,24,14,5,1,1,DOJ,DEA,87,Number of Days Pending,2013
,,,,,,,,,DOJ,ENRD,2013-09-18,Date of Receipt,2013
,,,,,,,,,DOJ,ENRD,8,Number of Days Pending,2013
,2013-03-15,2013-04-11,2013-04-17,2013-06-06,2013-08-15,2013-08-16,2013-08-26,2013-09-09,DOJ,EOUSA,2013-02-27,Date of Receipt,2013
,138,119,115,80,31,30,24,15,DOJ,EOUSA,150,Number of Days Pending,2013
2012-06-13,2011-12-22,2011-12-22,2012-01-24,2012-03-05,2012-03-05,2012-03-06,2012-04-03,2012-05-07,DOJ,FBI,2011-12-22,Date of Receipt,2013
325,444,444,424,396,396,395,375,351,DOJ,FBI,444,Number of Days Pending,2013
,2013-09-19,,,,,,,,DOJ,OIP,2013-08-21,Date of Receipt,2013
,7,,,,,,,,DOJ,OIP,27,Number of Days Pending,2013
,,,,,,,,,DOJ,OJP,2013-06-20,Date of Receipt,2013
,,,,,,,,,DOJ,OJP,70,Number of Days Pending,2013
,2013-08-21,,,,,,,,DOJ,OSG,2013-03-05,Date of Receipt,2013
,27,,,,,,,,DOJ,OSG,146,Number of Days Pending,2013
,2013-09-13,,,,,,,,DOT,OIG,2013-03-12,Date of Receipt,2013
,11,,,,,,,,DOT,OIG,141,Number of Days Pending,2013
,,,,,,,,,DOT,PHMSA,2012-04-20,Date of Receipt,2013
,,,,,,,,,DOT,PHMSA,363,Number of Days Pending,2013
,2013-06-18,2013-07-02,2013-09-25,,,,,,EPA,HQ,2013-06-06,Date of Receipt,2013
,72,62,3,,,,,,EPA,HQ,80,Number of Days Pending,2013
,,,,,,,,,FDIC,FDIC,2013-08-19,Date of Receipt,2013
,,,,,,,,,FDIC,FDIC,29,Number of Days Pending,2013
,2013-05-31,,,,,,,,FRB,FRB,2012-12-12,Date of Receipt,2013
,84,,,,,,,,FRB,FRB,199,Number of Days Pending,2013
,,,,,,,,,NASA,HQ,2013-02-05,Date of Receipt,2013
,,,,,,,,,NASA,HQ,165,Number of Days Pending,2013
,2013-09-25,,,,,,,,OMB,OMB,2013-09-23,Date of Receipt,2013
,3,,,,,,,,OMB,OMB,5,Number of Days Pending,2013
,,,,,,,,,PC,FOIA Office,2013-04-04,Date of Receipt,2013
,,,,,,,,,PC,FOIA Office,125,Number of Days Pending,2013
2008-06-30,2007-07-23,2007-08-06,2007-08-16,2007-08-29,2007-10-24,2008-04-16,2008-05-23,2008-06-11,State,DoS,2007-06-18,Date of Receipt,2013
1370,1616,1606,1599,1589,1549,1424,1398,1384,State,DoS,1641,Number of Days Pending,2013
2013-04-30,2012-01-25,2012-09-28,2012-10-10,2012-10-23,2012-12-27,2013-01-23,2013-02-06,2013-03-20,Treasury,DO,2011-08-23,Date of Receipt,2013
111,429,278,254,245,196,179,169,140,Treasury,DO,533,Number of Days Pending,2013
,2013-09-09,2013-09-09,2013-09-26,2013-09-27,,,,,Treasury,FMS,2013-09-05,Date of Receipt,2013
,15,15,2,1,,,,,Treasury,FMS,17,Number of Days Pending,2013
2013-08-30,2013-07-01,2013-07-10,2013-07-25,2013-08-01,2013-08-01,2013-08-08,2013-08-21,2013-08-29,Treasury,IRS,2013-06-26,Date of Receipt,2013
20,63,57,46,41,41,36,27,21,Treasury,IRS,67,Number of Days Pending,2013
,,,,,,,,,TVA,TVA,2013-09-10,Date of Receipt,2013
,,,,,,,,,TVA,TVA,14,Number of Days Pending,2013
,,,,,,,,,U.S. DOL,OSHA,2013-09-13,Date of Receipt,2013
,,,,,,,,,U.S. DOL,OSHA,12,Number of Days Pending,2013
,2013-09-08,,,,,,,,U.S. DOL,VETS,2013-07-12,Date of Receipt,2013
,17,,,,,,,,U.S. DOL,VETS,56,Number of Days Pending,2013
,,,,,,,,,U.S. DOL,WHD,2013-04-25,Date of Receipt,2013
,,,,,,,,,U.S. DOL,WHD,110,Number of Days Pending,2013
,2013-03-14,2013-04-12,2013-05-06,2013-07-08,2013-07-17,2013-08-26,2013-08-27,,USAID,USAID,2013-01-25,Date of Receipt,2013
,139,118,102,59,52,24,23,,USAID,USAID,172,Number of Days Pending,2013
,2012-06-27,2013-08-14,,,,,,,USDA,FS,2011-09-29,Date of Receipt,2013
,314,32,,,,,,,USDA,FS,500,Number of Days Pending,2013
,2013-01-25,,,,,,,,USDA,FSA,2012-08-30,Date of Receipt,2013
,173,,,,,,,,USDA,FSA,272,Number of Days Pending,2013
,,,,,,,,,USDA,RD,2012-04-11,Date of Receipt,2013
,,,,,,,,,USDA,RD,368,Number of Days Pending,2013
,,,,,,,,,USITC,USITC,2013-08-12,Date of Receipt,2013
,,,,,,,,,USITC,USITC,34,Number of Days Pending,2013
,2013-09-19,,,,,,,,USNRC,USNRC,2013-09-06,Date of Receipt,2013
,7,,,,,,,,USNRC,USNRC,16,Number of Days Pending,2013
,2013-09-27,,,,,,,,USPS,PIS,2013-09-18,Date of Receipt,2013
,1,,,,,,,,USPS,PIS,8,Number of Days Pending,2013
,2011-09-30,2012-08-03,2013-03-08,2013-09-26,,,,,USTR,USTR,2011-09-16,Date of Receipt,2013
,521,301,146,2,,,,,USTR,USTR,531,Number of Days Pending,2013
,2012-10-11,2012-11-09,2013-05-17,2014-05-22,,,,,CEQ,CEQ,2010-02-03,Date of Receipt,2014
,539,518,389,135,,,,,CEQ,CEQ,1215,Number of Days Pending,2014
2010-10-19,2007-05-21,2007-05-21,2008-04-04,2008-04-04,2008-04-04,2008-04-04,2009-06-04,2010-03-18,CIA,CIA,2007-05-21,Date of Receipt,2014
1443,2690,2690,2371,2371,2371,2371,1945,1658,CIA,CIA,2690,Number of Days Pending,2014
2013-05-22,2012-04-10,2012-05-31,2012-06-28,2012-12-06,2013-02-21,2013-02-21,2013-04-04,2013-04-15,DHS,CBP,2012-03-16,Date of Receipt,2014
349,630,594,574,464,413,413,383,376,DHS,CBP,647,Number of Days Pending,2014
,,,,,,,,,DHS,FEMA,2014-03-18,Date of Receipt,2014
,,,,,,,,,DHS,FEMA,168,Number of Days Pending,2014
,2014-08-12,2014-08-12,2014-08-26,2014-08-26,2014-09-03,,,,DHS,I&A,2014-07-14,Date of Receipt,2014
,36,36,26,26,20,,,,DHS,I&A,57,Number of Days Pending,2014
2013-06-24,2013-02-14,2013-04-10,2013-04-10,2013-04-10,2013-04-10,2013-06-24,2013-06-24,2013-06-24,DHS,ICE,2013-02-14,Date of Receipt,2014
320,410,372,372,372,372,320,320,320,DHS,ICE,410,Number of Days Pending,2014
,,,,,,,,,DHS,OIG,2014-02-21,Date of Receipt,2014
,,,,,,,,,DHS,OIG,157,Number of Days Pending,2014
,2013-08-06,2013-11-25,2014-07-24,2014-08-07,,,,,DHS,PRIV,2013-08-01,Date of Receipt,2014
,289,214,48,38,,,,,DHS,PRIV,292,Number of Days Pending,2014
2014-06-16,2010-10-28,2012-04-12,2012-08-06,2013-06-26,2013-08-20,2013-10-18,2014-02-25,2014-03-11,DHS,TSA,2010-09-03,Date of Receipt,2014
74,971,609,527,305,267,237,152,145,DHS,TSA,1008,Number of Days Pending,2014
2014-04-29,2011-05-05,2013-06-20,2013-11-07,2013-12-23,2014-01-05,2014-03-25,2014-03-31,2014-04-02,DHS,USCG,2011-03-21,Date of Receipt,2014
112,866,329,232,202,185,136,132,130,DHS,USCG,899,Number of Days Pending,2014
,2014-09-26,,,,,,,,DHS,USCIS,2013-10-31,Date of Receipt,2014
,3,,,,,,,,DHS,USCIS,237,Number of Days Pending,2014
2014-04-11,2013-02-13,2013-04-03,2013-09-03,2013-12-12,2013-12-30,2014-02-03,2014-03-06,2014-03-25,DHS,USSS,2012-12-14,Date of Receipt,2014
123,419,384,277,209,197,172,149,136,DHS,USSS,458,Number of Days Pending,2014
2014-04-29,2013-07-26,2013-08-12,2013-08-22,2013-11-15,2013-12-19,2013-12-19,2013-12-19,2014-04-17,DOC,ITA,2013-05-29,Date of Receipt,2014
108,298,289,279,220,197,197,197,116,DOC,ITA,339,Number of Days Pending,2014
,,,,,,,,,DOC,NOAA,2014-09-16,Date of Receipt,2014
,,,,,,,,,DOC,NOAA,10,Number of Days Pending,2014
,,,,,,,,,DOC,NTIA,2012-09-20,Date of Receipt,2014
,,,,,,,,,DOC,NTIA,0,Number of Days Pending,2014
2013-07-16,2012-04-23,2012-08-24,2012-09-10,2013-01-17,2013-03-01,2013-03-13,2013-07-11,2013-07-16,DoD,AF,2011-10-13,Date of Receipt,2014
304,612,525,515,428,399,391,307,304,DoD,AF,744,Number of Days Pending,2014
2012-01-05,2011-01-19,2011-01-19,2011-02-16,2011-02-25,2011-03-10,2011-03-14,2011-11-29,2012-01-05,DoD,AFRICOM,2011-01-19,Date of Receipt,2014
687,930,930,910,904,895,893,713,687,DoD,AFRICOM,930,Number of Days Pending,2014
2008-06-17,2008-04-21,2008-06-16,2008-06-16,2008-06-17,2008-06-17,2008-06-17,2008-06-17,2008-06-17,DoD,ARMY,2008-02-19,Date of Receipt,2014
1578,1618,1579,1579,1578,1578,1578,1578,1578,DoD,ARMY,1662,Number of Days Pending,2014
2013-04-12,2011-08-16,2011-10-14,2012-06-11,2012-07-26,2012-08-27,2013-02-08,2013-02-27,2013-04-04,DoD,CENTCOM,2005-08-16,Date of Receipt,2014
369,784,743,578,546,524,413,401,375,DoD,CENTCOM,2287,Number of Days Pending,2014
2010-01-15,2006-09-25,2008-07-22,2008-11-19,2008-12-12,2009-02-02,2009-02-25,2009-03-10,2009-07-21,DoD,DIA,2006-04-05,Date of Receipt,2014
1182,2009,1554,1471,1454,1422,1406,1397,1304,DoD,DIA,2129,Number of Days Pending,2014
,2013-02-05,2013-04-11,2014-05-20,2014-07-22,,,,,DoD,DISA,2013-02-05,Date of Receipt,2014
,416,370,92,49,,,,,DoD,DISA,416,Number of Days Pending,2014
,,,,,,,,,DoD,DoD IG,2014-09-30,Date of Receipt,2014
,,,,,,,,,DoD,DoD IG,1,Number of Days Pending,2014
,2014-08-06,2014-08-12,,,,,,,DoD,DTRA,2014-03-21,Date of Receipt,2014
,38,34,,,,,,,DoD,DTRA,134,Number of Days Pending,2014
,2011-01-05,2013-04-10,2014-08-26,,,,,,DoD,EUCOM,2010-08-05,Date of Receipt,2014
,939,371,24,,,,,,DoD,EUCOM,1042,Number of Days Pending,2014
2012-10-10,2009-11-09,2010-10-04,2011-05-05,2011-06-24,2011-09-16,2011-09-21,2012-07-26,2012-10-01,DoD,NAVY,2008-11-13,Date of Receipt,2014
494,1227,1001,855,820,762,759,546,500,DoD,NAVY,1475,Number of Days Pending,2014
2014-05-12,2014-03-24,2014-03-24,2014-03-27,2014-04-03,2014-04-08,2014-04-08,2014-05-08,2014-05-12,DoD,NGA,2013-08-26,Date of Receipt,2014
98,133,133,130,125,122,122,100,98,DoD,NGA,275,Number of Days Pending,2014
,,,,,,,,,DoD,NGB,2014-07-18,Date of Receipt,2014
,,,,,,,,,DoD,NGB,51,Number of Days Pending,2014
,2013-04-16,,,,,,,,DoD,NORTHCOM,2012-03-20,Date of Receipt,2014
,367,,,,,,,,DoD,NORTHCOM,636,Number of Days Pending,2014
2014-03-31,2013-11-18,2013-12-18,2014-01-08,2014-01-23,2014-02-04,2014-02-24,2014-02-25,2014-03-13,DoD,NRO,2013-11-13,Date of Receipt,2014
128,218,197,184,174,166,153,152,140,DoD,NRO,222,Number of Days Pending,2014
2011-01-07,2010-11-19,2010-11-19,2010-11-19,2010-11-19,2010-11-19,2010-11-19,2010-11-19,2010-12-21,DoD,NSA,2010-10-07,Date of Receipt,2014
937,969,969,969,969,969,969,969,948,DoD,NSA,1980,Number of Days Pending,2014
2008-01-24,2007-01-09,2007-02-27,2007-08-15,2007-08-17,2007-08-20,2007-10-10,2007-10-24,2007-12-05,DoD,OSD/JS,2006-11-06,Date of Receipt,2014
1679,1939,1906,1787,1785,1784,1749,1739,1711,DoD,OSD/JS,1980,Number of Days Pending,2014
,2009-08-03,2009-08-27,2013-02-11,2013-03-27,,,,,DoD,PACOM,2009-01-20,Date of Receipt,2014
,1295,1277,412,381,,,,,DoD,PACOM,1430,Number of Days Pending,2014
2012-12-12,2011-01-04,2011-08-18,2011-12-15,2011-12-21,2012-07-12,2012-07-18,2012-07-19,2012-10-12,DoD,SOCOM,2010-11-23,Date of Receipt,2014
451,940,782,701,697,556,552,551,453,DoD,SOCOM,967,Number of Days Pending,2014
2014-01-13,2012-10-23,2013-04-11,2013-04-23,2013-04-23,2013-04-26,2013-09-20,2013-10-17,2014-01-13,DoD,SOUTHCOM,2011-01-04,Date of Receipt,2014
181,485,370,362,362,359,257,239,181,DoD,SOUTHCOM,940,Number of Days Pending,2014
,2014-02-24,2014-04-04,2014-05-06,2014-08-15,2014-09-23,,,,DoD,STRATCOM,2013-09-06,Date of Receipt,2014
,153,124,102,31,5,,,,DoD,STRATCOM,267,Number of Days Pending,2014
,2014-01-09,2014-07-16,2014-08-20,2014-09-10,,,,,DoD,TRANSCOM,2012-06-21,Date of Receipt,2014
,183,53,28,14,,,,,DoD,TRANSCOM,570,Number of Days Pending,2014
,,,,,,,,,DOE,CH,2014-09-25,Date of Receipt,2014
,,,,,,,,,DOE,CH,3,Number of Days Pending,2014
2014-07-01,2014-03-27,2014-03-27,2014-04-03,2014-04-03,2014-04-14,2014-04-14,2014-04-15,2014-06-02,DOE,HQ,2014-03-24,Date of Receipt,2014
63,130,130,125,125,118,118,117,84,DOE,HQ,133,Number of Days Pending,2014
,2013-08-29,2014-02-03,,,,,,,DOE,NNSA,2012-06-14,Date of Receipt,2014
,272,167,,,,,,,DOE,NNSA,576,Number of Days Pending,2014
,2014-07-18,,,,,,,,DOE,SRO,2013-04-19,Date of Receipt,2014
,51,,,,,,,,DOE,SRO,364,Number of Days Pending,2014
,,,,,,,,,DOI,USGS,2014-09-29,Date of Receipt,2014
,,,,,,,,,DOI,USGS,1,Number of Days Pending,2014
,2014-09-24,,,,,,,,DOJ,Office of the AG,2014-09-19,Date of Receipt,2014
,0,,,,,,,,DOJ,Office of the AG,7,Number of Days Pending,2014
2014-07-22,2014-01-07,2014-01-14,2014-02-07,2014-03-12,2014-04-08,2014-04-15,2014-05-08,2014-06-24,DOJ,ATF,2013-12-13,Date of Receipt,2014
49,185,180,163,141,122,117,100,68,DOJ,ATF,200,Number of Days Pending,2014
2013-11-01,2013-07-22,2013-07-23,2013-07-23,2013-09-06,2013-10-17,2013-10-24,2013-10-25,2013-10-25,DOJ,Criminal,2013-04-24,Date of Receipt,2014
228,300,299,299,267,239,234,233,233,DOJ,Criminal,361,Number of Days Pending,2014
2014-09-03,2014-06-24,2014-06-25,2014-06-26,2014-07-11,2014-07-14,2014-08-13,2014-08-26,2014-08-29,DOJ,DEA,2014-04-15,Date of Receipt,2014
19,68,67,66,56,55,33,24,21,DOJ,DEA,117,Number of Days Pending,2014
2014-01-14,2013-10-31,2013-11-04,2013-11-19,2013-11-26,2013-12-05,2014-01-02,2014-01-14,2014-01-14,DOJ,EOUSA,2013-10-31,Date of Receipt,2014
180,229,227,217,212,206,188,180,180,DOJ,EOUSA,229,Number of Days Pending,2014
2013-10-21,2012-12-03,2012-12-05,2013-06-03,2013-06-14,2013-08-19,2013-08-20,2013-08-21,2013-09-03,DOJ,FBI,2012-11-14,Date of Receipt,2014
237,458,456,332,325,280,279,278,270,DOJ,FBI,470,Number of Days Pending,2014
,,,,,,,,,DOJ,OIP,2014-09-23,Date of Receipt,2014
,,,,,,,,,DOJ,OIP,5,Number of Days Pending,2014
,,,,,,,,,DOJ,OLA,2014-09-24,Date of Receipt,2014
,,,,,,,,,DOJ,OLA,4,Number of Days Pending,2014
,,,,,,,,,DOJ,Public Affairs,2014-06-03,Date of Receipt,2014
,,,,,,,,,DOJ,Public Affairs,83,Number of Days Pending,2014
,2014-04-16,2014-04-16,2014-04-18,,,,,,DOT,FAA,2014-04-16,Date of Receipt,2014
,114,114,114,,,,,,DOT,FAA,116,Number of Days Pending,2014
,,,,,,,,,DOT,OIG,2014-09-11,Date of Receipt,2014
,,,,,,,,,DOT,OIG,13,Number of Days Pending,2014
,2014-08-29,,,,,,,,FEC,FEC,2014-06-17,Date of Receipt,2014
,21,,,,,,,,FEC,FEC,73,Number of Days Pending,2014
,2014-02-20,2014-06-17,,,,,,,FRB,FRB,2013-05-31,Date of Receipt,2014
,154,74,,,,,,,FRB,FRB,332,Number of Days Pending,2014
,,,,,,,,,HUD,R04,2014-07-25,Date of Receipt,2014
,,,,,,,,,HUD,R04,46,Number of Days Pending,2014
,2014-09-30,,,,,,,,NASA,HQ,2014-07-31,Date of Receipt,2014
,0,,,,,,,,NASA,HQ,42,Number of Days Pending,2014
2014-09-24,2014-04-14,2014-06-03,2014-07-24,2014-07-30,2014-08-12,2014-08-18,2014-08-18,2014-09-18,ODNI,ODNI,2014-01-27,Date of Receipt,2014
5,119,84,48,44,35,31,31,9,ODNI,ODNI,173,Number of Days Pending,2014
,2014-08-29,,,,,,,,OMB,OMB,2014-08-28,Date of Receipt,2014
,21,,,,,,,,OMB,OMB,22,Number of Days Pending,2014
,,,,,,,,,PC,FOIA Office,2013-04-04,Date of Receipt,2014
,,,,,,,,,PC,FOIA Office,376,Number of Days Pending,2014
,2014-09-24,,,,,,,,SEC,SEC,2014-09-22,Date of Receipt,2014
,4,,,,,,,,SEC,SEC,6,Number of Days Pending,2014
2009-01-26,2008-08-08,2008-08-11,2008-08-26,2008-10-21,2008-12-01,2008-12-01,2008-12-22,2009-01-09,State,DoS,2008-07-21,Date of Receipt,2014
1477,1599,1597,1586,1546,1517,1517,1502,1489,State,DoS,1612,Number of Days Pending,2014
,2014-04-15,2014-05-13,2014-06-17,2014-08-05,,,,,Treasury,DO,2014-01-16,Date of Receipt,2014
,118,98,74,40,,,,,Treasury,DO,179,Number of Days Pending,2014
,,,,,,,,,Treasury,FinCEN,2014-09-29,Date of Receipt,2014
,,,,,,,,,Treasury,FinCEN,2,Number of Days Pending,2014
2014-07-01,2014-05-30,2014-06-03,2014-06-09,2014-06-17,2014-06-20,2014-06-24,2014-06-30,2014-06-30,Treasury,IRS,2013-09-04,Date of Receipt,2014
64,86,84,80,74,71,69,65,65,Treasury,IRS,270,Number of Days Pending,2014
,,,,,,,,,Treasury,TIGTA,2014-09-25,Date of Receipt,2014
,,,,,,,,,Treasury,TIGTA,4,Number of Days Pending,2014
,,,,,,,,,U.S. DOL,OSHA,2014-09-11,Date of Receipt,2014
,,,,,,,,,U.S. DOL,OSHA,14,Number of Days Pending,2014
,2014-05-05,,,,,,,,U.S. DOL,WHD,2013-12-10,Date of Receipt,2014
,95,,,,,,,,U.S. DOL,WHD,204,Number of Days Pending,2014
,2014-02-12,2014-04-04,2014-04-04,2014-06-24,2014-07-17,2014-07-23,2014-08-15,2014-08-22,USAID,USAID,2013-12-06,Date of Receipt,2014
,160,124,124,68,52,48,31,26,USAID,USAID,205,Number of Days Pending,2014
,2013-01-25,,,,,,,,USDA,FSA,2012-08-30,Date of Receipt,2014
,424,,,,,,,,USDA,FSA,523,Number of Days Pending,2014
,,,,,,,,,USDA,RD,2012-04-11,Date of Receipt,2014
,,,,,,,,,USDA,RD,619,Number of Days Pending,2014
,,,,,,,,,USPS,PIS,2014-09-22,Date of Receipt,2014
,,,,,,,,,USPS,PIS,6,Number of Days Pending,2014
,,,,,,,,,USTDA,USTDA,2014-09-28,Date of Receipt,2014
,,,,,,,,,USTDA,USTDA,2,Number of Days Pending,2014
,2011-09-16,2012-03-08,2013-08-03,2013-09-26,,,,,USTR,USTR,2011-09-03,Date of Receipt,2014
,762,645,290,253,,,,,USTR,USTR,770,Number of Days Pending,2014
,,,,,,,,,VA,OIT,2014-09-26,Date of Receipt,2014
,,,,,,,,,VA,OIT,2,Number of Days Pending,2014
2010-10-19,2007-05-21,2007-05-21,2008-04-04,2008-04-04,2008-04-04,2008-04-04,2009-12-10,2010-03-18,CIA,CIA,2007-05-21,Date of Receipt,2015
1808,3055,3055,2736,2736,2736,2736,2121,2023,CIA,CIA,3055,Number of Days Pending,2015
2013-07-13,2013-02-27,2013-04-10,2013-05-31,2013-06-14,2013-07-02,2013-07-12,2013-07-12,2013-07-13,DHS,CBP,2013-02-21,Date of Receipt,2015
578,676,646,609,599,587,579,579,578,DHS,CBP,680,Number of Days Pending,2015
,2015-09-01,,,,,,,,DHS,FEMA,2015-04-10,Date of Receipt,2015
,20,,,,,,,,DHS,FEMA,120,Number of Days Pending,2015
2013-08-16,2013-06-24,2013-06-24,2013-06-24,2013-08-16,2013-08-16,2013-08-16,2013-08-16,2013-08-16,DHS,ICE,2013-06-16,Date of Receipt,2015
554,593,593,593,554,554,554,554,554,DHS,ICE,598,Number of Days Pending,2015
,,,,,,,,,DHS,NPPD,2015-08-14,Date of Receipt,2015
,,,,,,,,,DHS,NPPD,34,Number of Days Pending,2015
,,,,,,,,,DHS,OIG,2014-12-17,Date of Receipt,2015
,,,,,,,,,DHS,OIG,235,Number of Days Pending,2015
2015-09-30,2012-08-06,2014-06-24,2015-03-05,2015-03-08,2015-04-14,2015-08-10,2015-08-27,2015-09-28,DHS,TSA,2010-10-28,Date of Receipt,2015
1,823,332,150,148,122,38,25,3,DHS,TSA,1285,Number of Days Pending,2015
2014-04-29,2011-05-02,2013-06-20,2013-11-04,2013-12-23,2014-01-15,2014-03-25,2014-03-31,2014-04-02,DHS,USCG,2011-03-21,Date of Receipt,2015
372,1153,595,498,463,446,397,393,391,DHS,USCG,1183,Number of Days Pending,2015
,2014-09-26,,,,,,,,DHS,USCIS,2013-10-31,Date of Receipt,2015
,6,,,,,,,,DHS,USCIS,480,Number of Days Pending,2015
2015-05-28,2013-04-03,2013-09-03,2014-04-25,2015-02-06,2015-03-10,2015-03-27,2015-04-08,2015-04-29,DHS,USSS,2013-02-13,Date of Receipt,2015
90,651,542,374,169,147,137,126,111,DHS,USSS,686,Number of Days Pending,2015
2013-12-19,2013-03-25,2013-05-29,2013-06-10,2013-06-14,2013-07-26,2013-08-12,2013-08-22,2013-11-15,DOC,ITA,2013-03-25,Date of Receipt,2015
448,635,589,581,577,548,537,529,471,DOC,ITA,635,Number of Days Pending,2015
,2015-06-16,,,,,,,,DOC,OS,2015-02-03,Date of Receipt,2015
,74,,,,,,,,DOC,OS,167,Number of Days Pending,2015
2014-08-04,2014-06-03,2014-06-12,2014-06-30,2014-07-08,2014-07-16,2014-07-21,2014-07-21,2014-07-31,DoD,AF,2014-02-25,Date of Receipt,2015
291,334,327,315,310,304,301,301,293,DoD,AF,403,Number of Days Pending,2015
2012-01-05,2011-01-19,2011-01-19,2011-02-16,2011-02-25,2011-03-10,2011-03-14,2011-11-29,2012-01-05,DoD,AFRICOM,2011-01-19,Date of Receipt,2015
938,1181,1181,1161,1155,1146,1144,964,938,DoD,AFRICOM,1181,Number of Days Pending,2015
2008-06-17,2008-06-17,2008-06-17,2008-06-17,2008-06-17,2008-06-17,2008-06-17,2008-06-17,2008-06-17,DoD,ARMY,2008-02-19,Date of Receipt,2015
1829,1829,1829,1829,1829,1829,1829,1829,1829,DoD,ARMY,1913,Number of Days Pending,2015
2015-02-06,2014-06-06,2014-06-12,2014-06-27,2014-10-07,2014-12-03,2014-12-12,2015-01-12,2015-01-23,DoD,CENTCOM,2013-04-12,Date of Receipt,2015
164,331,327,316,246,208,201,182,174,DoD,CENTCOM,620,Number of Days Pending,2015
,,,,,,,,,DoD,DHA,2015-06-05,Date of Receipt,2015
,,,,,,,,,DoD,DHA,81,Number of Days Pending,2015
2011-10-17,2010-02-18,2010-03-01,2010-05-11,2010-06-21,2010-09-14,2011-07-05,2011-07-18,2011-07-28,DoD,DIA,2010-02-01,Date of Receipt,2015
993,1411,1404,1353,1325,1266,1065,1056,1048,DoD,DIA,1423,Number of Days Pending,2015
2015-07-14,2013-04-11,2014-07-22,2015-02-05,2015-02-25,2015-03-25,2015-06-23,2015-06-23,2015-07-14,DoD,DISA,2013-02-05,Date of Receipt,2015
55,621,300,165,152,132,69,69,55,DoD,DISA,667,Number of Days Pending,2015
,2015-09-17,,,,,,,,DoD,DoD IG,2015-09-11,Date of Receipt,2015
,9,,,,,,,,DoD,DoD IG,13,Number of Days Pending,2015
,2015-06-04,2015-07-02,2015-07-14,2015-07-31,2015-08-19,2015-08-27,2015-09-03,2015-09-21,DoD,DTRA,2015-03-03,Date of Receipt,2015
,82,62,55,42,29,23,18,7,DoD,DTRA,148,Number of Days Pending,2015
,2015-01-08,2015-06-12,,,,,,,DoD,EUCOM,2014-11-10,Date of Receipt,2015
,184,76,,,,,,,DoD,EUCOM,223,Number of Days Pending,2015
2014-06-28,2010-10-04,2011-05-05,2011-06-24,2012-10-10,2012-12-27,2013-12-19,2014-05-12,2014-06-12,DoD,NAVY,2009-11-09,Date of Receipt,2015
315,1252,1106,1071,745,693,447,349,327,DoD,NAVY,1478,Number of Days Pending,2015
2015-04-08,2014-10-22,2014-10-28,2014-11-14,2014-11-24,2015-01-02,2015-03-19,2015-03-30,2015-04-06,DoD,NGA,2014-07-15,Date of Receipt,2015
125,245,241,228,222,193,139,132,127,DoD,NGA,316,Number of Days Pending,2015
,2015-05-12,,,,,,,,DoD,NGB,2015-04-15,Date of Receipt,2015
,98,,,,,,,,DoD,NGB,117,Number of Days Pending,2015
,,,,,,,,,DoD,NORTHCOM,2013-04-16,Date of Receipt,2015
,,,,,,,,,DoD,NORTHCOM,618,Number of Days Pending,2015
2015-08-21,2015-06-26,2015-06-26,2015-06-26,2015-07-08,2015-07-20,2015-08-05,2015-08-06,2015-08-07,DoD,NRO,2015-06-26,Date of Receipt,2015
27,67,67,67,59,51,39,38,37,DoD,NRO,67,Number of Days Pending,2015
2011-07-29,2011-02-03,2011-03-18,2011-03-21,2011-04-29,2011-04-29,2011-06-02,2011-06-07,2011-07-26,DoD,NSA,2010-10-07,Date of Receipt,2015
1047,1170,1140,1139,1110,1110,1087,1084,1050,DoD,NSA,1249,Number of Days Pending,2015
2011-04-18,2010-06-07,2010-08-20,2010-08-20,2010-09-02,2010-09-21,2010-11-10,2010-12-13,2011-01-06,DoD,OSD/JS,2010-04-23,Date of Receipt,2015
1119,1335,1282,1282,1273,1261,1226,1205,1189,DoD,OSD/JS,1365,Number of Days Pending,2015
2014-08-24,2012-07-19,2012-10-12,2013-06-10,2013-12-24,2014-02-13,2014-04-07,2014-06-20,2014-08-23,DoD,SOCOM,2011-01-04,Date of Receipt,2015
276,802,743,580,444,410,374,321,276,DoD,SOCOM,1191,Number of Days Pending,2015
2015-07-01,2012-10-23,2013-07-02,2014-01-13,2014-05-19,2014-05-22,2014-10-27,2015-05-19,2015-06-08,DoD,SOUTHCOM,2011-01-04,Date of Receipt,2015
63,736,564,432,344,341,233,93,80,DoD,SOUTHCOM,1191,Number of Days Pending,2015
,2015-09-14,,,,,,,,DoD,STRATCOM,2015-06-22,Date of Receipt,2015
,12,,,,,,,,DoD,STRATCOM,70,Number of Days Pending,2015
,2015-07-22,2015-09-02,,,,,,,DoD,TRANSCOM,2015-07-13,Date of Receipt,2015
,71,29,,,,,,,DoD,TRANSCOM,80,Number of Days Pending,2015
,,,,,,,,,DOE,BPA,2015-08-19,Date of Receipt,2015
,,,,,,,,,DOE,BPA,29,Number of Days Pending,2015
2015-06-08,2012-04-18,2012-04-26,2012-08-02,2012-10-03,2014-12-04,2015-05-08,2015-05-13,2015-05-13,DOE,HQ,2011-08-04,Date of Receipt,2015
80,867,861,793,750,207,100,97,97,DOE,HQ,1043,Number of Days Pending,2015
,,,,,,,,,DOE,NETL,2015-06-02,Date of Receipt,2015
,,,,,,,,,DOE,NETL,84,Number of Days Pending,2015
,2015-08-25,2015-09-01,2015-09-29,,,,,,DOE,NNSA,2012-06-14,Date of Receipt,2015
,25,20,1,,,,,,DOE,NNSA,827,Number of Days Pending,2015
,,,,,,,,,DOE,SRO,2015-09-22,Date of Receipt,2015
,,,,,,,,,DOE,SRO,6,Number of Days Pending,2015
,,,,,,,,,DOI,FWS,2015-09-25,Date of Receipt,2015
,,,,,,,,,DOI,FWS,3,Number of Days Pending,2015
,2015-09-30,,,,,,,,DOI,OS,2015-09-29,Date of Receipt,2015
,0,,,,,,,,DOI,OS,1,Number of Days Pending,2015
,2015-07-01,2015-09-24,,,,,,,DOJ,Office of the AG,2015-06-16,Date of Receipt,2015
,63,4,,,,,,,DOJ,Office of the AG,74,Number of Days Pending,2015
,2015-06-16,2015-07-01,,,,,,,DOJ,Office of the DAG,2014-01-02,Date of Receipt,2015
,74,63,,,,,,,DOJ,Office of the DAG,438,Number of Days Pending,2015
,,,,,,,,,DOJ,Antitrust,2015-08-07,Date of Receipt,2015
,,,,,,,,,DOJ,Antitrust,37,Number of Days Pending,2015
2015-03-13,2014-01-09,2014-02-20,2014-04-08,2014-06-24,2014-10-28,2015-03-09,2015-03-09,2015-03-10,DOJ,ATF,2014-01-07,Date of Receipt,2015
140,434,406,373,319,232,144,144,143,DOJ,ATF,436,Number of Days Pending,2015
,,,,,,,,,DOJ,BOP,2015-09-28,Date of Receipt,2015
,,,,,,,,,DOJ,BOP,2,Number of Days Pending,2015
,2015-09-29,,,,,,,,DOJ,Civil,2015-09-18,Date of Receipt,2015
,1,,,,,,,,DOJ,Civil,8,Number of Days Pending,2015
,,,,,,,,,DOJ,COPS,2014-11-17,Date of Receipt,2015
,,,,,,,,,DOJ,COPS,219,Number of Days Pending,2015
2015-04-14,2014-01-28,2014-04-30,2014-06-04,2014-07-01,2014-09-02,2015-01-21,2015-02-05,2015-03-11,DOJ,Criminal,2013-12-06,Date of Receipt,2015
118,422,357,333,314,271,176,165,142,DOJ,Criminal,456,Number of Days Pending,2015
2015-08-11,2014-11-03,2014-12-10,2015-03-10,2015-03-18,2015-04-09,2015-06-02,2015-07-30,2015-08-07,DOJ,DEA,2014-10-24,Date of Receipt,2015
35,228,203,143,137,121,84,43,37,DOJ,DEA,234,Number of Days Pending,2015
2015-01-09,2014-03-10,2014-04-23,2014-06-04,2014-07-08,2014-09-09,2014-09-10,2014-10-22,2014-10-22,DOJ,EOUSA,2014-02-25,Date of Receipt,2015
183,394,362,333,310,266,265,236,236,DOJ,EOUSA,403,Number of Days Pending,2015
2015-02-13,2014-07-16,2014-10-20,2014-11-26,2014-12-09,2014-12-10,2014-12-16,2015-02-02,2015-02-03,DOJ,FBI,2013-09-03,Date of Receipt,2015
159,304,238,212,204,203,199,168,167,DOJ,FBI,521,Number of Days Pending,2015
,2015-09-09,,,,,,,,DOJ,NSD,2015-06-09,Date of Receipt,2015
,15,,,,,,,,DOJ,NSD,79,Number of Days Pending,2015
,2015-08-17,,,,,,,,DOJ,OIP,2015-05-28,Date of Receipt,2015
,31,,,,,,,,DOJ,OIP,87,Number of Days Pending,2015
,,,,,,,,,DOJ,OLA,2015-04-23,Date of Receipt,2015
,,,,,,,,,DOJ,OLA,111,Number of Days Pending,2015
,2015-06-16,2015-06-17,2015-06-18,2015-08-12,,,,,DOJ,OSG,2015-06-16,Date of Receipt,2015
,74,73,72,34,,,,,DOJ,OSG,74,Number of Days Pending,2015
,,,,,,,,,DOT,FAA,2015-07-22,Date of Receipt,2015
,,,,,,,,,DOT,FAA,49,Number of Days Pending,2015
,,,,,,,,,DOT,PHMSA,2015-09-21,Date of Receipt,2015
,,,,,,,,,DOT,PHMSA,7,Number of Days Pending,2015
,2015-07-07,,,,,,,,EPA,HQ,2015-05-05,Date of Receipt,2015
,60,,,,,,,,EPA,HQ,103,Number of Days Pending,2015
,,,,,,,,,EPA,Region 5,2015-01-29,Date of Receipt,2015
,,,,,,,,,EPA,Region 5,170,Number of Days Pending,2015
,,,,,,,,,FHFA,FHFA-HQ,2015-09-25,Date of Receipt,2015
,,,,,,,,,FHFA,FHFA-HQ,9,Number of Days Pending,2015
,,,,,,,,,FRB,FRB,2014-02-20,Date of Receipt,2015
,,,,,,,,,FRB,FRB,402,Number of Days Pending,2015
,2015-09-28,,,,,,,,HHS,CDC,2015-06-17,Date of Receipt,2015
,2,,,,,,,,HHS,CDC,73,Number of Days Pending,2015
,2015-08-04,,,,,,,,HHS,OS,2015-03-17,Date of Receipt,2015
,40,,,,,,,,HHS,OS,138,Number of Days Pending,2015
,2015-09-17,,,,,,,,NLRB,NLRB,2015-09-17,Date of Receipt,2015
,11,,,,,,,,NLRB,NLRB,11,Number of Days Pending,2015
2015-06-29,2014-08-08,2014-12-17,2014-12-17,2014-12-29,2015-03-02,2015-03-04,2015-04-17,2015-05-19,ODNI,ODNI,2013-09-17,Date of Receipt,2015
94,419,288,288,276,213,211,167,135,ODNI,ODNI,744,Number of Days Pending,2015
,2015-09-10,2015-09-10,2015-09-14,2015-09-29,2015-09-29,,,,OMB,OMB,2015-08-06,Date of Receipt,2015
,14,14,14,1,1,,,,OMB,OMB,38,Number of Days Pending,2015
,2015-08-20,,,,,,,,OPM,OPM,2015-07-30,Date of Receipt,2015
,29,,,,,,,,OPM,OPM,44,Number of Days Pending,2015
,2015-05-06,2015-09-29,,,,,,,OSC,OSC,2015-05-01,Date of Receipt,2015
,102,1,,,,,,,OSC,OSC,105,Number of Days Pending,2015
,2015-08-18,,,,,,,,PC,FOIA Office,2015-06-25,Date of Receipt,2015
,31,,,,,,,,PC,FOIA Office,68,Number of Days Pending,2015
,,,,,,,,,SEC,SEC,2015-09-01,Date of Receipt,2015
,,,,,,,,,SEC,SEC,20,Number of Days Pending,2015
,,,,,,,,,SIGAR,SIGAR,2015-06-01,Date of Receipt,2015
,,,,,,,,,SIGAR,SIGAR,85,Number of Days Pending,2015
,,,,,,,,,SSA,SSA,2015-09-11,Date of Receipt,2015
,,,,,,,,,SSA,SSA,14,Number of Days Pending,2015
2009-05-13,2009-02-06,2009-02-18,2009-03-17,2009-03-20,2009-03-27,2009-04-01,2009-04-02,2009-04-08,State,DoS,2009-02-05,Date of Receipt,2015
1661,1729,1721,1702,1700,1695,1691,1690,1686,State,DoS,1730,Number of Days Pending,2015
,2014-06-17,2014-08-05,2015-02-10,2015-03-24,2015-04-01,2015-05-22,2015-06-09,2015-08-07,Treasury,DO,2014-05-13,Date of Receipt,2015
,327,292,163,134,128,91,80,38,Treasury,DO,352,Number of Days Pending,2015
2015-08-31,2015-08-11,2015-08-17,2015-08-21,2015-08-24,2015-08-25,2015-08-25,2015-08-28,2015-08-28,Treasury,IRS,2015-08-07,Date of Receipt,2015
21,35,31,27,26,25,25,22,22,Treasury,IRS,37,Number of Days Pending,2015
,,,,,,,,,Treasury,TIGTA,2015-06-09,Date of Receipt,2015
,,,,,,,,,Treasury,TIGTA,79,Number of Days Pending,2015
,,,,,,,,,Treasury,TTB,2015-09-25,Date of Receipt,2015
,,,,,,,,,Treasury,TTB,4,Number of Days Pending,2015
,,,,,,,,,U.S. DOL,ALJ,2015-09-25,Date of Receipt,2015
,,,,,,,,,U.S. DOL,ALJ,3,Number of Days Pending,2015
,2010-08-13,2015-09-14,,,,,,,U.S. DOL,OSHA,2010-08-13,Date of Receipt,2015
,1283,17,,,,,,,U.S. DOL,OSHA,1283,Number of Days Pending,2015
,2015-01-28,2015-09-04,,,,,,,U.S. DOL,WHD,2014-10-06,Date of Receipt,2015
,170,17,,,,,,,U.S. DOL,WHD,246,Number of Days Pending,2015
,2015-06-29,2015-07-24,2015-08-11,2015-08-11,2015-08-11,2015-08-14,2015-09-22,,USAID,USAID,2015-06-10,Date of Receipt,2015
,65,47,35,35,35,32,6,,USAID,USAID,78,Number of Days Pending,2015
,2015-09-03,,,,,,,,USDA,APHIS,2015-04-15,Date of Receipt,2015
,18,,,,,,,,USDA,APHIS,117,Number of Days Pending,2015
,2013-01-25,,,,,,,,USDA,FSA,2012-08-30,Date of Receipt,2015
,424,,,,,,,,USDA,FSA,523,Number of Days Pending,2015
,2015-01-17,,,,,,,,USDA,OIG,2014-12-31,Date of Receipt,2015
,178,,,,,,,,USDA,OIG,190,Number of Days Pending,2015
,,,,,,,,,USDA,RD,2012-04-11,Date of Receipt,2015
,,,,,,,,,USDA,RD,870,Number of Days Pending,2015
,2013-08-03,2015-01-22,2015-02-22,2015-05-14,2015-07-15,2015-09-15,,,USTR,USTR,2011-09-16,Date of Receipt,2015
,539,174,153,96,54,11,,,USTR,USTR,1010,Number of Days Pending,2015
,2015-09-30,,,,,,,,VA,VBA,2015-09-30,Date of Receipt,2015
,1,,,,,,,,VA,VBA,1,Number of Days Pending,2015
