Year,Agency,Component,Number of Backlogged Requests as of the End of Fiscal Year,Number of Backlogged Appeals as of End of Fiscal Year
2008,CEQ,CEQ,5.0,0.0
2008,CFTC,CFTC,6.0,0.0
2008,CNCS,CNCS,0.0,0.0
2008,CO,CO,10.0,0.0
2008,CPPBSD,CPPBSD,2.0,0.0
2008,CSB,CSB,25.0,0.0
2008,DHS,CBP,4794.0,100.0
2008,DHS,CRCL,5.0,
2008,DHS,FEMA,544.0,
2008,DHS,FLETC,7.0,0.0
2008,DHS,I&A,0.0,
2008,DHS,ICE,8.0,
2008,DHS,MGMT,1.0,
2008,DHS,NPPD,13.0,
2008,DHS,OGC,5.0,323.0
2008,DHS,OIG,23.0,
2008,DHS,OPS,0.0,
2008,DHS,PLCY,7.0,
2008,DHS,PRIV,22.0,
2008,DHS,S&T,6.0,
2008,DHS,TSA,349.0,4.0
2008,DHS,US-VISIT,2.0,
2008,DHS,USCG,1044.0,33.0
2008,DHS,USCIS,67545.0,1913.0
2008,DHS,USSS,504.0,28.0
2008,DNFSB,OGC,0.0,0.0
2008,DNFSB,OGM,0.0,0.0
2008,DOC,BIS,6.0,6.0
2008,DOC,Census,1.0,5.0
2008,DOC,EDA,0.0,0.0
2008,DOC,ESA,0.0,1.0
2008,DOC,ITA,0.0,7.0
2008,DOC,MBDA,0.0,0.0
2008,DOC,NIST,17.0,9.0
2008,DOC,NOAA,102.0,42.0
2008,DOC,NTIA,0.0,2.0
2008,DOC,NTIS,0.0,0.0
2008,DOC,OIG,2.0,0.0
2008,DOC,OS,15.0,15.0
2008,DOC,PTO,0.0,0.0
2008,DoD,AF,789.0,13.0
2008,DoD,ARMY,2950.0,55.0
2008,DoD,ASBCA,0.0,0.0
2008,DoD,CENTCOM,182.0,0.0
2008,DoD,DCAA,0.0,0.0
2008,DoD,DCMA,25.0,0.0
2008,DoD,DeCA,0.0,0.0
2008,DoD,DFAS,0.0,0.0
2008,DoD,DIA,2898.0,191.0
2008,DoD,DISA,157.0,0.0
2008,DoD,DLA,27.0,6.0
2008,DoD,DoDEA,3.0,0.0
2008,DoD,DoDIG,28.0,7.0
2008,DoD,DSS,2.0,0.0
2008,DoD,DTIC,0.0,0.0
2008,DoD,DTRA,10.0,0.0
2008,DoD,EUCOM,53.0,1.0
2008,DoD,JFCOM,48.0,0.0
2008,DoD,NAVY,1277.0,45.0
2008,DoD,NGA,221.0,7.0
2008,DoD,NORTHCOM,0.0,0.0
2008,DoD,NRO,0.0,0.0
2008,DoD,NSA,282.0,7.0
2008,DoD,OSD/JS,2245.0,339.0
2008,DoD,PACOM,37.0,0.0
2008,DoD,SOCOM,240.0,1.0
2008,DoD,SOUTHCOM,0.0,0.0
2008,DoD,STRATCOM,1.0,0.0
2008,DoD,TRANSCOM,47.0,3.0
2008,DoD,TRICARE,11.0,0.0
2008,DOE,BPA,2.0,0.0
2008,DOE,CBFO,0.0,0.0
2008,DOE,CH,1.0,0.0
2008,DOE,EMCBC,2.0,0.0
2008,DOE,GFO,1.0,0.0
2008,DOE,HQ,108.0,6.0
2008,DOE,ID,1.0,0.0
2008,DOE,NETL,2.0,0.0
2008,DOE,NNSA/AL,116.0,0.0
2008,DOE,NR,2.0,0.0
2008,DOE,ORO,10.0,0.0
2008,DOE,OSTI,0.0,0.0
2008,DOE,PNSO,0.0,0.0
2008,DOE,RL,0.0,0.0
2008,DOE,SEPA,0.0,0.0
2008,DOE,SPR,1.0,0.0
2008,DOE,SROO,1.0,0.0
2008,DOE,SWPA,0.0,0.0
2008,DOE,WAPA,0.0,0.0
2008,DOI,Appeals,0.0,537.0
2008,DOI,BIA,121.0,
2008,DOI,BLM,46.0,
2008,DOI,BOR,9.0,
2008,DOI,FWS,84.0,
2008,DOI,MMS,9.0,
2008,DOI,NPS,30.0,
2008,DOI,OIG,252.0,
2008,DOI,OS,46.0,
2008,DOI,OSM,3.0,
2008,DOI,SOL,66.0,
2008,DOI,USGS,0.0,
2008,DOJ,Office of the AG,90.0,
2008,DOJ,Office of the DAG,61.0,
2008,DOJ,Office of the Assoc. AG,9.0,
2008,DOJ,Antitrust,27.0,
2008,DOJ,ATF,29.0,
2008,DOJ,BOP,401.0,
2008,DOJ,Civil,10.0,
2008,DOJ,Civil Rights,48.0,
2008,DOJ,COPS,0.0,
2008,DOJ,Criminal,231.0,
2008,DOJ,CRS,0.0,
2008,DOJ,DEA,768.0,
2008,DOJ,ENRD,9.0,
2008,DOJ,EOIR,176.0,
2008,DOJ,EOUSA,1160.0,
2008,DOJ,EOUST,26.0,
2008,DOJ,FBI,1001.0,
2008,DOJ,FCSC,0.0,
2008,DOJ,JMD,23.0,
2008,DOJ,NDIC,0.0,
2008,DOJ,NSD,49.0,
2008,DOJ,ODR,0.0,
2008,DOJ,OFDT,2.0,
2008,DOJ,OIG,13.0,
2008,DOJ,OIP,14.0,527.0
2008,DOJ,OIPL,3.0,
2008,DOJ,OJP,22.0,
2008,DOJ,OLA,36.0,
2008,DOJ,OLC,17.0,
2008,DOJ,OLP,16.0,
2008,DOJ,OPR,11.0,
2008,DOJ,OSG,0.0,
2008,DOJ,OVW,0.0,
2008,DOJ,Pardon Attorney,8.0,
2008,DOJ,Public Affairs,7.0,
2008,DOJ,PRAO,0.0,
2008,DOJ,TAX,1.0,
2008,DOJ,USMS,3.0,
2008,DOJ,USNCB,0.0,
2008,DOJ,USPC,93.0,0.0
2008,DOT,FAA,884.0,67.0
2008,DOT,FHWA,48.0,11.0
2008,DOT,FMCSA,145.0,6.0
2008,DOT,FRA,105.0,0.0
2008,DOT,FTA,27.0,2.0
2008,DOT,MARAD,170.0,0.0
2008,DOT,NHTSA,22.0,0.0
2008,DOT,OIG,72.0,1.0
2008,DOT,OST,63.0,0.0
2008,DOT,PHMSA,46.0,2.0
2008,DOT,RITA,1.0,0.0
2008,DOT,SLSDC,0.0,0.0
2008,ED,FSA,57.0,0.0
2008,ED,IES,1.0,0.0
2008,ED,OCFO,1.0,0.0
2008,ED,OCFO-CAM,30.0,0.0
2008,ED,OCFO-FSS,6.0,0.0
2008,ED,OCIO,0.0,0.0
2008,ED,OCO,3.0,0.0
2008,ED,OCR,1.0,0.0
2008,ED,OCR-Atlanta,9.0,0.0
2008,ED,OCR-Boston,4.0,0.0
2008,ED,OCR-Chicago,2.0,0.0
2008,ED,OCR-Cleveland,0.0,0.0
2008,ED,OCR-Dallas,3.0,0.0
2008,ED,OCR-Denver,0.0,0.0
2008,ED,OCR-Kansas City,5.0,0.0
2008,ED,OCR-Metro,6.0,0.0
2008,ED,OCR-New York,30.0,0.0
2008,ED,OCR-Philadelphia,22.0,0.0
2008,ED,OCR-San Francisco,0.0,0.0
2008,ED,OCR-Seattle,0.0,0.0
2008,ED,OELA,8.0,0.0
2008,ED,OESE,13.0,0.0
2008,ED,OGC,7.0,0.0
2008,ED,OIG,2.0,17.0
2008,ED,OII,6.0,1.0
2008,ED,OLCA,1.0,0.0
2008,ED,OM,0.0,0.0
2008,ED,OM-RIMS,46.0,2.0
2008,ED,OPE,21.0,0.0
2008,ED,OPEPD,8.0,0.0
2008,ED,OS,9.0,0.0
2008,ED,OSDFS,33.0,0.0
2008,ED,OSERS,12.0,0.0
2008,ED,OUS,1.0,0.0
2008,ED,OVAE,1.0,0.0
2008,EPA,HQ,783.0,151.0
2008,Ex-Im Bank,Ex-Im Bank,9.0,0.0
2008,FCA,FCA,0.0,0.0
2008,FCC,FCC,25.0,23.0
2008,FCSIC,FCSIC,0.0,0.0
2008,FDIC,FDIC,10.0,0.0
2008,FEC,FEC,6.0,1.0
2008,FERC,FERC,1.0,0.0
2008,FFIEC,FFIEC,0.0,0.0
2008,FLRA,Authority,10.0,0.0
2008,FMC,FMC,11.0,0.0
2008,FMCS,FMCS,0.0,0.0
2008,FMSHRC,FMSHRC,0.0,0.0
2008,FOMC,FOMC,0.0,0.0
2008,FRB,FRB,5.0,0.0
2008,FTC,FTC,1.0,0.0
2008,GSA,GSA,2.0,0.0
2008,HHS,ACF,546.0,0.0
2008,HHS,AOA,1.0,0.0
2008,HHS,CMS,10477.0,147.0
2008,HHS,OIG,3.0,0.0
2008,HHS,OPHS,258.0,0.0
2008,HHS,AHRQ,5.0,0.0
2008,HHS,CDC,586.0,0.0
2008,HHS,FDA,6568.0,0.0
2008,HHS,HRSA,28.0,0.0
2008,HHS,IHS,49.0,0.0
2008,HHS,NIH,101.0,0.0
2008,HHS,SAMHSA,43.0,0.0
2008,HHS,OS,686.0,316.0
2008,HUD,Agency,0.0,0.0
2008,HUD,FO,260.0,0.0
2008,HUD,HQ,368.0,0.0
2008,HUD,IG,69.0,0.0
2008,IAF,IAF,0.0,0.0
2008,IMLS,IMLS,1.0,0.0
2008,MSPB,MSPB,6.0,0.0
2008,NARA,NARA,5781.0,29.0
2008,NASA,ARC,14.0,0.0
2008,NASA,DFRC,0.0,0.0
2008,NASA,GRC,0.0,0.0
2008,NASA,GSFC,16.0,0.0
2008,NASA,HQS,38.0,8.0
2008,NASA,JPL,4.0,0.0
2008,NASA,JSC,0.0,0.0
2008,NASA,KSC,0.0,0.0
2008,NASA,LaRC,16.0,0.0
2008,NASA,MSFC,0.0,0.0
2008,NASA,NSSC,0.0,0.0
2008,NASA,OIG,0.0,0.0
2008,NASA,SSC,0.0,0.0
2008,NCUA,NCUA,0.0,0.0
2008,NEH,NEH,2.0,0.0
2008,NIGC,NIGC,1.0,0.0
2008,NMB,NMB,0.0,0.0
2008,NRPC,NRPC,17.0,1.0
2008,NSF,Foundation,1.0,0.0
2008,NSF,OIG,0.0,0.0
2008,OGE,OGE,0.0,0.0
2008,OMB,OMB,0.0,0.0
2008,ONDCP,OLC,0.0,0.0
2008,OPIC,OPIC,0.0,1.0
2008,OPM,OPM,93.0,3.0
2008,OSHRC,OSHRC,0.0,0.0
2008,OSTP,OSTP,5.0,2.0
2008,PC,FOIA Office,16.0,3.0
2008,PC,OIG,0.0,1.0
2008,SBA,SBA,8.0,1.0
2008,SEC,HQ,899.0,45.0
2008,SSA,SSA,147.0,1.0
2008,SSS,SSS,0.0,0.0
2008,State,DoS,4319.0,480.0
2008,State,OIG,8.0,0.0
2008,STB,STB,0.0,0.0
2008,Treasury,BEP,0.0,0.0
2008,Treasury,BPD,0.0,0.0
2008,Treasury,DO,355.0,12.0
2008,Treasury,FinCEN,0.0,0.0
2008,Treasury,FMS,0.0,0.0
2008,Treasury,IRS,331.0,28.0
2008,Treasury,MINT,0.0,0.0
2008,Treasury,OCC,0.0,5.0
2008,Treasury,OTS,32.0,0.0
2008,Treasury,TIGTA,0.0,3.0
2008,Treasury,TTB,0.0,5.0
2008,TVA,TVA,0.0,0.0
2008,U.S. CPSC,U.S. CPSC,320.0,0.0
2008,U.S. DOL,ADJ BDS,0.0,0.0
2008,U.S. DOL,ALJ,3.0,1.0
2008,U.S. DOL,ASP,0.0,0.0
2008,U.S. DOL,BLS,0.0,2.0
2008,U.S. DOL,CFO,0.0,1.0
2008,U.S. DOL,EBSA,11.0,6.0
2008,U.S. DOL,ESA,100.0,0.0
2008,U.S. DOL,ETA,37.0,22.0
2008,U.S. DOL,ILAB,1.0,0.0
2008,U.S. DOL,JOB CORP,0.0,0.0
2008,U.S. DOL,MSHA,29.0,4.0
2008,U.S. DOL,OASAM,12.0,0.0
2008,U.S. DOL,OCIA,0.0,0.0
2008,U.S. DOL,ODEP,0.0,0.0
2008,U.S. DOL,OIG,0.0,1.0
2008,U.S. DOL,OPA,0.0,0.0
2008,U.S. DOL,OSBP,2.0,0.0
2008,U.S. DOL,OSHA,216.0,119.0
2008,U.S. DOL,SOL,3.0,0.0
2008,U.S. DOL,VETS,2.0,5.0
2008,U.S. DOL,WB,0.0,0.0
2008,US RRB,OIG,5.0,0.0
2008,US RRB,RRB,0.0,0.0
2008,USIBWC,USIBWC,0.0,0.0
2008,USITC,USITC,0.0,0.0
2008,USNRC,USNRC,6.0,0.0
2008,VA,A&MM (049),217.0,
2008,VA,Admin (03),0.0,
2008,VA,BVA (01),0.0,
2008,VA,OC&LA (009),0.0,
2008,VA,OCFM (00CFM),2.0,
2008,VA,ODM&EEO (06),0.0,
2008,VA,GC (02),0.0,68.0
2008,VA,OHRM (05),0.0,
2008,VA,IG (50),0.0,
2008,VA,NCA (40),1.0,
2008,VA,OASHRA (006),0.0,
2008,VA,OASP&IA (002),0.0,
2008,VA,ODASB (041),0.0,
2008,VA,ODASIA (075),0.0,
2008,VA,OF (047),0.0,
2008,VA,OI&T (005),15.0,
2008,VA,MGMT (004),0.0,
2008,VA,ORM (08),0.0,
2008,VA,OSDBU (00SB),0.0,
2008,VA,P&P (008),0.0,
2008,VA,PA (80),0.0,
2008,VA,S&LE (07),0.0,
2008,VA,SEC (00),0.0,
2008,VA,VBA (20),2100.0,
2008,VA,VCS (785),0.0,
2008,VA,VHA (10),505.0,
2009,CEQ,CEQ,5.0,0.0
2009,CFTC,CFTC,6.0,0.0
2009,CIA,CIA,592.0,183.0
2009,CNCS,CNCS (OGC),2.0,0.0
2009,CO,CO,2.0,0.0
2009,CPPBSD,CPPBSD,2.0,0.0
2009,CSB,CSB,26.0,0.0
2009,DHS,CBP,88.0,331.0
2009,DHS,CRCL,11.0,
2009,DHS,FEMA,803.0,
2009,DHS,FLETC,36.0,0.0
2009,DHS,I&A,8.0,
2009,DHS,ICE,10.0,
2009,DHS,MGMT,4.0,
2009,DHS,NPPD,11.0,
2009,DHS,OGC,17.0,520.0
2009,DHS,OIG,7.0,
2009,DHS,OPS,0.0,
2009,DHS,PLCY,30.0,
2009,DHS,PRIV,66.0,
2009,DHS,S&T,2.0,
2009,DHS,TSA,212.0,2.0
2009,DHS,US-VISIT,1.0,
2009,DHS,USCG,385.0,69.0
2009,DHS,USCIS,16801.0,1821.0
2009,DHS,USSS,426.0,4.0
2009,DNFSB,OGC,0.0,0.0
2009,DNFSB,OGM,0.0,0.0
2009,DOC,BIS,8.0,4.0
2009,DOC,Census,1.0,2.0
2009,DOC,EDA,0.0,0.0
2009,DOC,ESA,0.0,1.0
2009,DOC,ITA,16.0,2.0
2009,DOC,MBDA,0.0,0.0
2009,DOC,NIST,29.0,9.0
2009,DOC,NOAA,98.0,32.0
2009,DOC,NTIA,0.0,1.0
2009,DOC,NTIS,0.0,0.0
2009,DOC,OIG,1.0,0.0
2009,DOC,OS,6.0,9.0
2009,DOC,PTO,0.0,0.0
2009,DoD,AF,725.0,33.0
2009,DoD,AFRICOM,1.0,0.0
2009,DoD,ARMY,3542.0,0.0
2009,DoD,ASBCA,0.0,0.0
2009,DoD,CENTCOM,198.0,0.0
2009,DoD,DCAA,6.0,0.0
2009,DoD,DCMA,9.0,0.0
2009,DoD,DeCA,3.0,0.0
2009,DoD,DFAS,21.0,1.0
2009,DoD,DIA,2561.0,200.0
2009,DoD,DISA,250.0,2.0
2009,DoD,DLA,65.0,6.0
2009,DoD,DoDEA,4.0,0.0
2009,DoD,DoDIG,32.0,13.0
2009,DoD,DSS,1.0,0.0
2009,DoD,DTIC,16.0,0.0
2009,DoD,DTRA,15.0,0.0
2009,DoD,EUCOM,59.0,0.0
2009,DoD,JFCOM,67.0,0.0
2009,DoD,NAVY,1139.0,7.0
2009,DoD,NGA,291.0,11.0
2009,DoD,NGB,0.0,0.0
2009,DoD,NORTHCOM,4.0,0.0
2009,DoD,NRO,66.0,7.0
2009,DoD,NSA,357.0,23.0
2009,DoD,OSD/JS,1708.0,272.0
2009,DoD,PACOM,35.0,0.0
2009,DoD,SOCOM,170.0,0.0
2009,DoD,SOUTHCOM,81.0,0.0
2009,DoD,STRATCOM,1.0,0.0
2009,DoD,TRANSCOM,58.0,0.0
2009,DoD,TRICARE,11.0,0.0
2009,DOE,BPA,2.0,0.0
2009,DOE,CBFO,0.0,0.0
2009,DOE,CH,0.0,0.0
2009,DOE,EMCBC,4.0,0.0
2009,DOE,GFO,5.0,0.0
2009,DOE,HQ,128.0,2.0
2009,DOE,ID,0.0,0.0
2009,DOE,NETL,5.0,0.0
2009,DOE,NNSA/AL,140.0,0.0
2009,DOE,NR,0.0,0.0
2009,DOE,ORO,11.0,0.0
2009,DOE,OSTI,1.0,0.0
2009,DOE,PNSO,0.0,0.0
2009,DOE,RL,1.0,0.0
2009,DOE,SEPA,0.0,0.0
2009,DOE,SPR,0.0,0.0
2009,DOE,SROO,0.0,0.0
2009,DOE,SWPA,0.0,0.0
2009,DOE,WAPA,0.0,0.0
2009,DOI,Appeals,0.0,437.0
2009,DOI,BIA,100.0,
2009,DOI,BLM,47.0,
2009,DOI,BOR,15.0,
2009,DOI,FWS,71.0,
2009,DOI,MMS,9.0,
2009,DOI,NPS,45.0,
2009,DOI,OIG,253.0,
2009,DOI,OS,154.0,
2009,DOI,OSM,2.0,
2009,DOI,SOL,61.0,
2009,DOI,USGS,0.0,
2009,DOJ,Office of the AG,121.0,
2009,DOJ,Office of the DAG,81.0,
2009,DOJ,Office of the Assoc. AG,12.0,
2009,DOJ,Antitrust,29.0,
2009,DOJ,ATF,45.0,
2009,DOJ,BOP,381.0,
2009,DOJ,Civil,20.0,
2009,DOJ,Civil Rights,78.0,
2009,DOJ,COPS,0.0,
2009,DOJ,Criminal,111.0,
2009,DOJ,CRS,0.0,
2009,DOJ,DEA,439.0,
2009,DOJ,ENRD,11.0,
2009,DOJ,EOIR,183.0,
2009,DOJ,EOUSA,1162.0,
2009,DOJ,EOUST,7.0,
2009,DOJ,FBI,1758.0,
2009,DOJ,FCSC,0.0,
2009,DOJ,JMD,43.0,
2009,DOJ,NDIC,4.0,
2009,DOJ,NSD,136.0,
2009,DOJ,ODR,0.0,
2009,DOJ,OFDT,2.0,
2009,DOJ,OIG,10.0,
2009,DOJ,OIP,9.0,444.0
2009,DOJ,OIPL,7.0,
2009,DOJ,OJP,28.0,
2009,DOJ,OLA,107.0,
2009,DOJ,OLC,41.0,
2009,DOJ,OLP,15.0,
2009,DOJ,OPR,11.0,
2009,DOJ,OSG,0.0,
2009,DOJ,OVW,0.0,
2009,DOJ,Pardon Attorney,0.0,
2009,DOJ,Public Affairs,9.0,
2009,DOJ,PRAO,0.0,
2009,DOJ,TAX,4.0,
2009,DOJ,USMS,15.0,
2009,DOJ,USNCB,14.0,
2009,DOJ,USPC,63.0,0.0
2009,DOT,FAA,857.0,77.0
2009,DOT,FHWA,29.0,10.0
2009,DOT,FMCSA,38.0,0.0
2009,DOT,FRA,126.0,3.0
2009,DOT,FTA,3.0,0.0
2009,DOT,MARAD,194.0,2.0
2009,DOT,NHTSA,3.0,0.0
2009,DOT,OIG,15.0,3.0
2009,DOT,OST,15.0,1.0
2009,DOT,PHMSA,4.0,0.0
2009,DOT,RITA,0.0,0.0
2009,DOT,SLSDC,0.0,0.0
2009,ED,FSA,68.0,0.0
2009,ED,IES,2.0,0.0
2009,ED,IES-NAGB,5.0,0.0
2009,ED,OCFO,4.0,0.0
2009,ED,OCFO-CAM,6.0,0.0
2009,ED,OCFO-FSS,1.0,0.0
2009,ED,OCIO,2.0,0.0
2009,ED,OCO,1.0,0.0
2009,ED,OCR,4.0,0.0
2009,ED,OCR-Atlanta,12.0,0.0
2009,ED,OCR-Boston,14.0,0.0
2009,ED,OCR-Chicago,5.0,0.0
2009,ED,OCR-Cleveland,0.0,0.0
2009,ED,OCR-Dallas,4.0,0.0
2009,ED,OCR-Denver,4.0,0.0
2009,ED,OCR-Kansas City,9.0,0.0
2009,ED,OCR-Metro,10.0,0.0
2009,ED,OCR-New York,23.0,0.0
2009,ED,OCR-Philadelphia,19.0,0.0
2009,ED,OCR-San Francisco,3.0,0.0
2009,ED,OCR-Seattle,3.0,0.0
2009,ED,OELA,3.0,0.0
2009,ED,OESE,24.0,0.0
2009,ED,OGC,8.0,0.0
2009,ED,OIG,6.0,0.0
2009,ED,OII,19.0,0.0
2009,ED,OLCA,5.0,0.0
2009,ED,OM,3.0,0.0
2009,ED,OM-RIMS,93.0,28.0
2009,ED,OPE,18.0,0.0
2009,ED,OPEPD,10.0,0.0
2009,ED,OS,9.0,0.0
2009,ED,OSDFS,13.0,0.0
2009,ED,OSERS,8.0,0.0
2009,ED,OUS,0.0,0.0
2009,ED,OVAE,1.0,0.0
2009,EPA,HQ,282.0,79.0
2009,EPA,Region 1,5.0,0.0
2009,EPA,Region 2,19.0,0.0
2009,EPA,Region 3,0.0,0.0
2009,EPA,Region 4,0.0,0.0
2009,EPA,Region 5,2.0,0.0
2009,EPA,Region 6,21.0,0.0
2009,EPA,Region 7,0.0,0.0
2009,EPA,Region 8,0.0,0.0
2009,EPA,Region 9,0.0,0.0
2009,EPA,Region 10,3.0,0.0
2009,Ex-Im Bank,AGENCY,29.0,0.0
2009,FCA,FCA,0.0,0.0
2009,FCC,FCC,27.0,5.0
2009,FCSIC,FCSIC,0.0,0.0
2009,FDIC,FDIC,170.0,2.0
2009,FEC,FEC,11.0,1.0
2009,FERC,FERC,0.0,0.0
2009,FFIEC,FFIEC,0.0,0.0
2009,FHFA,FHFA,5.0,0.0
2009,FLRA,FSIP,0.0,0.0
2009,FLRA,Authority,1.0,0.0
2009,FLRA,IG,0.0,0.0
2009,FLRA,OGC,0.0,0.0
2009,FLRA,ATRO,0.0,0.0
2009,FLRA,BORO,0.0,0.0
2009,FLRA,CHRO,0.0,0.0
2009,FLRA,DARO,0.0,0.0
2009,FLRA,DERO,0.0,0.0
2009,FLRA,SFRO,0.0,0.0
2009,FLRA,WARO,0.0,0.0
2009,FMC,FMC,12.0,0.0
2009,FMCS,FMCS,0.0,0.0
2009,FMSHRC,FMSHRC,0.0,0.0
2009,FOMC,FOMC,0.0,0.0
2009,FRB,FRB,129.0,0.0
2009,FTC,FTC,10.0,0.0
2009,GSA,GSA,10.0,0.0
2009,HHS,ACF,699.0,0.0
2009,HHS,AOA,0.0,0.0
2009,HHS,CMS,10312.0,150.0
2009,HHS,OIG,21.0,0.0
2009,HHS,OPHS,196.0,0.0
2009,HHS,AHRQ,0.0,0.0
2009,HHS,CDC,488.0,0.0
2009,HHS,FDA,4818.0,0.0
2009,HHS,HRSA,30.0,0.0
2009,HHS,IHS,31.0,0.0
2009,HHS,NIH,70.0,0.0
2009,HHS,SAMHSA,83.0,0.0
2009,HHS,OS,722.0,299.0
2009,HUD,Agency,0.0,0.0
2009,HUD,FO,207.0,0.0
2009,HUD,HQ,192.0,0.0
2009,HUD,IG,7.0,0.0
2009,IAF,IAF,0.0,0.0
2009,IMLS,IMLS,0.0,0.0
2009,MSPB,MSPB,5.0,0.0
2009,NARA,NARA,6856.0,6.0
2009,NASA,ARC,14.0,0.0
2009,NASA,DFRC,0.0,0.0
2009,NASA,GRC,0.0,0.0
2009,NASA,GSFC,16.0,0.0
2009,NASA,HQS,38.0,8.0
2009,NASA,JPL,4.0,0.0
2009,NASA,JSC,0.0,0.0
2009,NASA,KSC,0.0,0.0
2009,NASA,LaRC,16.0,0.0
2009,NASA,MSFC,0.0,0.0
2009,NASA,NSSC,0.0,0.0
2009,NASA,OIG,0.0,0.0
2009,NASA,SSC,0.0,0.0
2009,NCUA,NCUA,0.0,0.0
2009,NEH,NEH,3.0,0.0
2009,NIGC,NIGC,2.0,0.0
2009,NMB,NMB,0.0,0.0
2009,NRPC,NRPC,10.0,1.0
2009,NSF,Foundation,0.0,0.0
2009,NSF,OIG,0.0,0.0
2009,OGE,OGE,0.0,0.0
2009,OMB,OMB,1.0,0.0
2009,ONDCP,OLC,0.0,0.0
2009,OPIC,OPIC,1.0,0.0
2009,OPM,OPM,39.0,2.0
2009,OSHRC,OSHRC,0.0,0.0
2009,OSTP,OSTP,1.0,0.0
2009,PC,FOIA Office,2.0,0.0
2009,PC,OIG,0.0,0.0
2009,PRC,PRC,0.0,0.0
2009,SBA,SBA,8.0,0.0
2009,SEC,HQ,196.0,21.0
2009,SIGIR,SIGIR,0.0,0.0
2009,SSA,SSA,90.0,9.0
2009,SSS,SSS,0.0,0.0
2009,State,DoS,8783.0,458.0
2009,State,OIG,1.0,0.0
2009,STB,STB,0.0,0.0
2009,Treasury,BEP,0.0,0.0
2009,Treasury,BPD,0.0,0.0
2009,Treasury,DO,382.0,13.0
2009,Treasury,FinCEN,0.0,0.0
2009,Treasury,FMS,0.0,0.0
2009,Treasury,IRS,182.0,60.0
2009,Treasury,MINT,0.0,0.0
2009,Treasury,OCC,0.0,0.0
2009,Treasury,OTS,21.0,0.0
2009,Treasury,TIGTA,0.0,0.0
2009,Treasury,TTB,0.0,5.0
2009,TVA,TVA,0.0,0.0
2009,U.S. CPSC,U.S. CPSC,263.0,0.0
2009,U.S. DOL,ADJ BDS,0.0,1.0
2009,U.S. DOL,ALJ,1.0,1.0
2009,U.S. DOL,ASP,0.0,0.0
2009,U.S. DOL,BLS,2.0,0.0
2009,U.S. DOL,CFO,0.0,1.0
2009,U.S. DOL,EBSA,35.0,2.0
2009,U.S. DOL,ESA - OFCCP,9.0,3.0
2009,U.S. DOL,ESA - OLMS,3.0,0.0
2009,U.S. DOL,ESA - OMAP,0.0,3.0
2009,U.S. DOL,ESA - OWCP,0.0,19.0
2009,U.S. DOL,ESA - WHD,166.0,13.0
2009,U.S. DOL,ETA,37.0,31.0
2009,U.S. DOL,ILAB,0.0,0.0
2009,U.S. DOL,JOB CORP,0.0,1.0
2009,U.S. DOL,MSHA,41.0,4.0
2009,U.S. DOL,OASAM,57.0,4.0
2009,U.S. DOL,OCIA,0.0,0.0
2009,U.S. DOL,ODEP,0.0,0.0
2009,U.S. DOL,OIG,9.0,4.0
2009,U.S. DOL,OPA,0.0,0.0
2009,U.S. DOL,OSBP,0.0,0.0
2009,U.S. DOL,OSHA,249.0,84.0
2009,U.S. DOL,SOL,10.0,2.0
2009,U.S. DOL,VETS,0.0,5.0
2009,U.S. DOL,WB,0.0,0.0
2009,US RRB,OIG,0.0,0.0
2009,US RRB,RRB,0.0,0.0
2009,USITC,USITC,0.0,0.0
2009,USNRC,USNRC,5.0,3.0
2009,VA,Admin,0.0,
2009,VA,BVA,0.0,
2009,VA,C&LA,0.0,
2009,VA,CFM,5.0,
2009,VA,GC,3.0,72.0
2009,VA,HRM,0.0,
2009,VA,IG,10.0,
2009,VA,Mgmt,0.0,
2009,VA,NCA,6.0,
2009,VA,OAL,16.0,
2009,VA,OASP&IA,0.0,
2009,VA,ODASB,0.0,
2009,VA,ODASIA,0.0,
2009,VA,ODI,0.0,
2009,VA,OF,4.0,
2009,VA,OI&T,0.0,
2009,VA,ORM,0.0,
2009,VA,OSDBU,0.0,
2009,VA,OSP,0.0,
2009,VA,P&P,0.0,
2009,VA,PA,0.0,
2009,VA,SEC,1.0,
2009,VA,VBA,374.0,
2009,VA,VCS,0.0,
2009,VA,VHA,84.0,
2010,ABMC,ABMC,0.0,0.0
2010,ACUS,ACUS,0.0,0.0
2010,BBG,BBG,0.0,0.0
2010,CEQ,CEQ,3.0,0.0
2010,CFTC,CFTC,16.0,0.0
2010,CIA,CIA,715.0,220.0
2010,CIGIE,CIGIE,0.0,0.0
2010,CNCS,CNCS,0.0,0.0
2010,CO,CO,1.0,0.0
2010,CPPBSD,CPPBSD,0.0,0.0
2010,CSB,CSB,41.0,0.0
2010,CSOSA,HQ,62.0,0.0
2010,DHS,CBP,601.0,0.0
2010,DHS,CRCL,6.0,
2010,DHS,FEMA,810.0,
2010,DHS,FLETC,12.0,0.0
2010,DHS,I&A,6.0,
2010,DHS,ICE,27.0,19.0
2010,DHS,MGMT,1.0,
2010,DHS,NPPD,33.0,
2010,DHS,OGC,25.0,522.0
2010,DHS,OIG,1.0,
2010,DHS,OPS,0.0,
2010,DHS,PLCY,0.0,
2010,DHS,PRIV,15.0,
2010,DHS,S&T,1.0,
2010,DHS,TSA,378.0,7.0
2010,DHS,US-VISIT,278.0,0.0
2010,DHS,USCG,407.0,48.0
2010,DHS,USCIS,8209.0,3.0
2010,DHS,USSS,573.0,2.0
2010,DNFSB,OGC,0.0,0.0
2010,DNFSB,OGM,0.0,0.0
2010,DOC,BIS,1.0,9.0
2010,DOC,Census,20.0,14.0
2010,DOC,EDA,2.0,0.0
2010,DOC,ESA,0.0,1.0
2010,DOC,ITA,4.0,1.0
2010,DOC,MBDA,0.0,0.0
2010,DOC,NIST,39.0,8.0
2010,DOC,NOAA,106.0,30.0
2010,DOC,NTIA,10.0,1.0
2010,DOC,NTIS,0.0,0.0
2010,DOC,OIG,1.0,1.0
2010,DOC,OS,12.0,8.0
2010,DOC,PTO,0.0,0.0
2010,DoD,AF,626.0,86.0
2010,DoD,AFRICOM,7.0,
2010,DoD,ARMY,1141.0,21.0
2010,DoD,ASBCA,0.0,0.0
2010,DoD,CENTCOM,223.0,
2010,DoD,DCAA,0.0,0.0
2010,DoD,DCMA,42.0,3.0
2010,DoD,DeCA,6.0,0.0
2010,DoD,DFAS,8.0,0.0
2010,DoD,DIA,2259.0,206.0
2010,DoD,DISA,13.0,4.0
2010,DoD,DLA,62.0,2.0
2010,DoD,DoDEA,8.0,
2010,DoD,DoDIG,82.0,17.0
2010,DoD,DSS,0.0,0.0
2010,DoD,DTIC,10.0,
2010,DoD,DTRA,15.0,0.0
2010,DoD,EUCOM,63.0,
2010,DoD,JFCOM,7.0,
2010,DoD,NAVY,975.0,20.0
2010,DoD,NGA,217.0,6.0
2010,DoD,NGB,2.0,
2010,DoD,NORTHCOM,4.0,
2010,DoD,NRO,46.0,4.0
2010,DoD,NSA,474.0,44.0
2010,DoD,OSD/JS,1061.0,244.0
2010,DoD,PACOM,28.0,
2010,DoD,SOCOM,148.0,
2010,DoD,SOUTHCOM,67.0,
2010,DoD,STRATCOM,17.0,
2010,DoD,TRANSCOM,10.0,
2010,DoD,TRICARE,36.0,
2010,DOE,BPA,9.0,0.0
2010,DOE,CBFO,0.0,0.0
2010,DOE,CH,0.0,0.0
2010,DOE,EMCBC,0.0,0.0
2010,DOE,GFO,0.0,0.0
2010,DOE,HQ,158.0,3.0
2010,DOE,ID,0.0,0.0
2010,DOE,NETL,1.0,0.0
2010,DOE,NNSA,161.0,0.0
2010,DOE,NR,0.0,0.0
2010,DOE,NRLFO,1.0,0.0
2010,DOE,ORO,1.0,0.0
2010,DOE,OSTI,2.0,0.0
2010,DOE,ROO,0.0,0.0
2010,DOE,SEPA,0.0,0.0
2010,DOE,SPR,0.0,0.0
2010,DOE,SRO,1.0,0.0
2010,DOE,SWPA,0.0,0.0
2010,DOE,WAPA,0.0,0.0
2010,DOI,Appeals,0.0,274.0
2010,DOI,BIA,55.0,
2010,DOI,BLM,80.0,
2010,DOI,BOEMRE,99.0,
2010,DOI,BOR,13.0,
2010,DOI,FWS,106.0,
2010,DOI,NPS,30.0,
2010,DOI,OIG,163.0,
2010,DOI,OS,90.0,
2010,DOI,OSM,3.0,
2010,DOI,SOL,38.0,
2010,DOI,USGS,2.0,
2010,DOJ,Office of the AG,154.0,
2010,DOJ,Office of the DAG,99.0,
2010,DOJ,Office of the Assoc. AG,22.0,
2010,DOJ,Antitrust,26.0,
2010,DOJ,ATF,44.0,
2010,DOJ,BOP,370.0,
2010,DOJ,Civil,31.0,
2010,DOJ,Civil Rights,68.0,
2010,DOJ,COPS,0.0,
2010,DOJ,Criminal,73.0,
2010,DOJ,CRS,0.0,
2010,DOJ,DEA,826.0,
2010,DOJ,ENRD,2.0,
2010,DOJ,EOIR,264.0,
2010,DOJ,EOUSA,1124.0,
2010,DOJ,EOUST,0.0,
2010,DOJ,FBI,1602.0,
2010,DOJ,FCSC,0.0,
2010,DOJ,JMD,33.0,
2010,DOJ,NDIC,3.0,
2010,DOJ,NSD,43.0,
2010,DOJ,OCDETF,4.0,
2010,DOJ,ODR,0.0,
2010,DOJ,OFDT,0.0,
2010,DOJ,OIG,0.0,
2010,DOJ,OIP,54.0,348.0
2010,DOJ,OIPL,3.0,
2010,DOJ,OJP,71.0,
2010,DOJ,OLA,55.0,
2010,DOJ,OLC,82.0,
2010,DOJ,OLP,12.0,
2010,DOJ,OPR,9.0,
2010,DOJ,OSG,9.0,
2010,DOJ,OVW,0.0,
2010,DOJ,Pardon Attorney,1.0,
2010,DOJ,Public Affairs,12.0,
2010,DOJ,PRAO,1.0,
2010,DOJ,TAX,2.0,
2010,DOJ,USMS,16.0,
2010,DOJ,USNCB,10.0,
2010,DOJ,USPC,35.0,5.0
2010,DOT,FAA,347.0,66.0
2010,DOT,FHWA,42.0,11.0
2010,DOT,FMCSA,91.0,4.0
2010,DOT,FRA,72.0,0.0
2010,DOT,FTA,0.0,0.0
2010,DOT,MARAD,151.0,2.0
2010,DOT,NHTSA,35.0,0.0
2010,DOT,OIG,12.0,0.0
2010,DOT,OST,13.0,1.0
2010,DOT,PHMSA,23.0,0.0
2010,DOT,RITA,1.0,0.0
2010,DOT,SLSDC,0.0,0.0
2010,ED,FSA,26.0,0.0
2010,ED,IES,3.0,0.0
2010,ED,IES-NAGB,0.0,0.0
2010,ED,OCFO,3.0,0.0
2010,ED,OCFO-CAM,1.0,0.0
2010,ED,OCFO-FSS,0.0,0.0
2010,ED,OCIO,5.0,0.0
2010,ED,OCO,4.0,0.0
2010,ED,OCR,3.0,0.0
2010,ED,OCR-1 Boston,37.0,0.0
2010,ED,OCR-2 New York,12.0,0.0
2010,ED,OCR-3 Philadelphia,4.0,0.0
2010,ED,OCR-4 Atlanta,3.0,0.0
2010,ED,OCR-5 Chicago,1.0,0.0
2010,ED,OCR-6 Dallas,2.0,0.0
2010,ED,OCR-7 Kansas City,11.0,0.0
2010,ED,OCR-8 Denver,1.0,0.0
2010,ED,OCR-9 San Francisco,0.0,0.0
2010,ED,OCR-10 Seattle,0.0,0.0
2010,ED,OCR-12 Cleveland,2.0,0.0
2010,ED,OCR-Metro D.C.,3.0,0.0
2010,ED,OELA,4.0,0.0
2010,ED,OESE,4.0,0.0
2010,ED,OGC,9.0,0.0
2010,ED,OIG,1.0,0.0
2010,ED,OII,8.0,0.0
2010,ED,OLCA,0.0,0.0
2010,ED,OM,1.0,0.0
2010,ED,OM-RIMS,95.0,20.0
2010,ED,OPE,11.0,0.0
2010,ED,OPEPD,13.0,0.0
2010,ED,OS,13.0,0.0
2010,ED,OSDFS,48.0,0.0
2010,ED,OSERS,10.0,0.0
2010,ED,OUS,3.0,0.0
2010,ED,OVAE,0.0,0.0
2010,EEOC,ATLANTA,0.0,0.0
2010,EEOC,BIRMINGHAM,2.0,0.0
2010,EEOC,CHARLOTTE,0.0,0.0
2010,EEOC,CHICAGO,1.0,0.0
2010,EEOC,DALLAS,10.0,0.0
2010,EEOC,HOUSTON,1.0,0.0
2010,EEOC,INDIANAPOLIS,1.0,0.0
2010,EEOC,LOS ANGELES,0.0,0.0
2010,EEOC,MEMPHIS,0.0,0.0
2010,EEOC,MIAMI,2.0,0.0
2010,EEOC,NEW YORK,40.0,0.0
2010,EEOC,OLC/HDQ,12.0,8.0
2010,EEOC,PHILADELPHIA,16.0,0.0
2010,EEOC,PHOENIX,0.0,0.0
2010,EEOC,SAN FRANCISCO,2.0,0.0
2010,EEOC,ST. LOUIS,0.0,0.0
2010,EEOC,WFO,0.0,0.0
2010,EPA,HQ,285.0,77.0
2010,EPA,Region 1,0.0,0.0
2010,EPA,Region 2,30.0,0.0
2010,EPA,Region 3,0.0,0.0
2010,EPA,Region 4,0.0,0.0
2010,EPA,Region 5,0.0,0.0
2010,EPA,Region 6,11.0,0.0
2010,EPA,Region 7,0.0,0.0
2010,EPA,Region 8,0.0,0.0
2010,EPA,Region 9,0.0,0.0
2010,EPA,Region 10,3.0,0.0
2010,Ex-Im Bank,HQ,22.0,0.0
2010,FCA,FCA,0.0,0.0
2010,FCC,FCC,23.0,11.0
2010,FCSIC,FCSIC,0.0,0.0
2010,FDIC,FDIC,109.0,0.0
2010,FEC,FEC,10.0,1.0
2010,FERC,FERC,0.0,0.0
2010,FFIEC,FFIEC,0.0,0.0
2010,FHFA,FHFA,12.0,0.0
2010,FLRA,FSIP,0.0,0.0
2010,FLRA,Authority,0.0,2.0
2010,FLRA,IG,0.0,0.0
2010,FLRA,OGC,0.0,0.0
2010,FLRA,ATRO,0.0,0.0
2010,FLRA,BORO,0.0,0.0
2010,FLRA,CHRO,0.0,0.0
2010,FLRA,DARO,0.0,0.0
2010,FLRA,DERO,0.0,0.0
2010,FLRA,SFRO,0.0,0.0
2010,FLRA,WARO,0.0,0.0
2010,FMC,FMC,15.0,0.0
2010,FMCS,FMCS,0.0,0.0
2010,FMSHRC,FMSHRC,0.0,0.0
2010,FOMC,FOMC,1.0,0.0
2010,FRB,FRB,55.0,0.0
2010,FRTIB,FRTIB,0.0,0.0
2010,FTC,FTC,20.0,0.0
2010,GSA,GSA,26.0,1.0
2010,HHS,ACF,299.0,0.0
2010,HHS,AOA,0.0,0.0
2010,HHS,CMS,3486.0,31.0
2010,HHS,OIG,11.0,0.0
2010,HHS,AHRQ,1.0,0.0
2010,HHS,CDC,245.0,0.0
2010,HHS,FDA,4691.0,0.0
2010,HHS,HRSA,2.0,0.0
2010,HHS,IHS,35.0,0.0
2010,HHS,NIH,37.0,0.0
2010,HHS,SAMHSA,91.0,0.0
2010,HHS,OS,525.0,198.0
2010,HHS,OPHS/PSC,129.0,0.0
2010,HUD,HQ,145.0,10.0
2010,HUD,OIG,17.0,1.0
2010,HUD,R01,3.0,0.0
2010,HUD,R02,0.0,0.0
2010,HUD,R03,4.0,0.0
2010,HUD,R04,5.0,0.0
2010,HUD,R05,0.0,0.0
2010,HUD,R06,0.0,0.0
2010,HUD,R07,0.0,0.0
2010,HUD,R08,0.0,0.0
2010,HUD,R09,0.0,0.0
2010,HUD,R0X,8.0,0.0
2010,IAF,IAF,0.0,0.0
2010,IMLS,IMLS,0.0,0.0
2010,LSC,LSC,32.0,0.0
2010,MCC,MCC,0.0,0.0
2010,MSPB,OCB,4.0,0.0
2010,NARA,NARA,7064.0,8.0
2010,NASA,ARC,3.0,0.0
2010,NASA,DFRC,0.0,0.0
2010,NASA,GRC,2.0,0.0
2010,NASA,GSFC,15.0,0.0
2010,NASA,HQ,77.0,0.0
2010,NASA,JPL,0.0,0.0
2010,NASA,JSC,2.0,0.0
2010,NASA,KSC,5.0,0.0
2010,NASA,LaRC,8.0,0.0
2010,NASA,MSFC,0.0,0.0
2010,NASA,NSSC,1.0,0.0
2010,NASA,OGC,2.0,2.0
2010,NASA,OIG,0.0,0.0
2010,NASA,SSC,2.0,0.0
2010,NCPC,NCPC,0.0,0.0
2010,NCUA,NCUA,5.0,1.0
2010,NEA,NEA,10.0,0.0
2010,NEH,NEH,4.0,0.0
2010,NIGC,NIGC,4.0,0.0
2010,NLRB,NLRB,0.0,0.0
2010,NMB,NMB,1.0,0.0
2010,NRPC,NRPC,37.0,2.0
2010,NSF,OGC,24.0,0.0
2010,NSF,OIG,0.0,0.0
2010,NTSB,HQ,92.0,1.0
2010,ODNI,ODNI,129.0,3.0
2010,OGE,OGE,0.0,0.0
2010,OMB,OMB,2.0,0.0
2010,ONDCP,OLC,0.0,0.0
2010,ONHIR,ONHIR,0.0,0.0
2010,OPIC,OPIC,2.0,0.0
2010,OPM,OPM,8.0,1.0
2010,OSC,OSC,5.0,5.0
2010,OSHRC,OSHRC,0.0,0.0
2010,OSTP,OSTP,8.0,0.0
2010,PBGC,PBGC,0.0,0.0
2010,PC,FOIA Office,10.0,0.0
2010,PC,OIG,0.0,0.0
2010,PRC,PRC,0.0,0.0
2010,SBA,SBA,3.0,0.0
2010,SEC,HQ,159.0,6.0
2010,SIGAR,SIGAR,4.0,0.0
2010,SIGIR,SIGIR,0.0,0.0
2010,SSA,SSA,68.0,3.0
2010,SSS,SSS,0.0,0.0
2010,State,DoS,20518.0,346.0
2010,State,OIG,1.0,0.0
2010,STB,STB,1.0,0.0
2010,Treasury,BEP,0.0,0.0
2010,Treasury,BPD,0.0,0.0
2010,Treasury,DO,282.0,30.0
2010,Treasury,FinCEN,0.0,0.0
2010,Treasury,FMS,0.0,0.0
2010,Treasury,IRS,118.0,11.0
2010,Treasury,MINT,0.0,0.0
2010,Treasury,OCC,10.0,8.0
2010,Treasury,OTS,9.0,1.0
2010,Treasury,TIGTA,0.0,0.0
2010,Treasury,TTB,0.0,0.0
2010,TVA,TVA,0.0,0.0
2010,U.S. CPSC,U.S. CPSC,306.0,0.0
2010,U.S. DOL,ADJ BDS,1.0,1.0
2010,U.S. DOL,ALJ,0.0,2.0
2010,U.S. DOL,ASP,16.0,0.0
2010,U.S. DOL,BLS,0.0,0.0
2010,U.S. DOL,CFO,2.0,0.0
2010,U.S. DOL,EBSA,2.0,0.0
2010,U.S. DOL,ETA,10.0,14.0
2010,U.S. DOL,ILAB,0.0,0.0
2010,U.S. DOL,MSHA,112.0,12.0
2010,U.S. DOL,OASAM,21.0,3.0
2010,U.S. DOL,OCIA,0.0,0.0
2010,U.S. DOL,ODEP,0.0,0.0
2010,U.S. DOL,OFCCP,10.0,4.0
2010,U.S. DOL,OIG,9.0,0.0
2010,U.S. DOL,OLMS,2.0,2.0
2010,U.S. DOL,OPA,4.0,0.0
2010,U.S. DOL,OSHA,198.0,69.0
2010,U.S. DOL,OWCP,5.0,19.0
2010,U.S. DOL,SOL,20.0,0.0
2010,U.S. DOL,VETS,1.0,5.0
2010,U.S. DOL,WB,0.0,0.0
2010,U.S. DOL,WHD,90.0,12.0
2010,US ADF,US ADF,0.0,0.0
2010,US RRB,OIG,0.0,0.0
2010,US RRB,RRB,1.0,0.0
2010,USAID,USAID,306.0,14.0
2010,USCCR,USCCR,9.0,0.0
2010,USDA,AMS,11.0,11.0
2010,USDA,APHIS,219.0,58.0
2010,USDA,ASCR,0.0,0.0
2010,USDA,DM,6.0,1.0
2010,USDA,FAS,0.0,0.0
2010,USDA,FNCS,11.0,7.0
2010,USDA,FS,477.0,26.0
2010,USDA,FSA,12.0,2.0
2010,USDA,FSIS,254.0,5.0
2010,USDA,GIPSA,4.0,0.0
2010,USDA,NAD,1.0,1.0
2010,USDA,NRCS,0.0,0.0
2010,USDA,OBPA,0.0,0.0
2010,USDA,OCFO,0.0,0.0
2010,USDA,OGC,7.0,3.0
2010,USDA,OIG,5.0,3.0
2010,USDA,OSEC,20.0,2.0
2010,USDA,RD,107.0,15.0
2010,USDA,REE,0.0,0.0
2010,USDA,RMA,2.0,2.0
2010,USIBWC,USIBWC,1.0,0.0
2010,USITC,USITC,0.0,0.0
2010,USNRC,USNRC,6.0,1.0
2010,USPS,PS,29.0,
2010,USPS,PS and PIS,0.0,2.0
2010,USPS,OIG,0.0,0.0
2010,USPS,PIS,2.0,
2010,USTDA,USTDA,19.0,0.0
2010,USTR,USTR,12.0,0.0
2010,VA,Admin,0.0,0.0
2010,VA,BVA,1.0,0.0
2010,VA,C&LA,0.0,0.0
2010,VA,CFM,14.0,0.0
2010,VA,GC,6.0,185.0
2010,VA,HRM,12.0,0.0
2010,VA,IG,0.0,0.0
2010,VA,Mgmt,0.0,0.0
2010,VA,NCA,1.0,0.0
2010,VA,OAL,31.0,0.0
2010,VA,OASHRA,0.0,0.0
2010,VA,OASP&IA,0.0,0.0
2010,VA,ODASB,0.0,0.0
2010,VA,ODASIA,0.0,0.0
2010,VA,ODI,0.0,0.0
2010,VA,OF,2.0,0.0
2010,VA,OI&T,11.0,0.0
2010,VA,ORM,0.0,0.0
2010,VA,OSDBU,2.0,0.0
2010,VA,OSP,0.0,0.0
2010,VA,P&P,0.0,0.0
2010,VA,PA,0.0,0.0
2010,VA,SEC,5.0,0.0
2010,VA,VBA,252.0,0.0
2010,VA,VHA,311.0,0.0
2011,ABMC,ABMC,1.0,0.0
2011,ACUS,ACUS,0.0,0.0
2011,AFRH,AFRH,0.0,0.0
2011,BBG,BBG,0.0,0.0
2011,CEQ,CEQ,14.0,0.0
2011,CFTC,CFTC,29.0,1.0
2011,CIA,CIA,721.0,199.0
2011,CIGIE,CIGIE,0.0,0.0
2011,CNCS,CNCS,4.0,0.0
2011,CO,CO,2.0,0.0
2011,CPPBSD,CPPBSD,0.0,0.0
2011,CSB,CSB,41.0,0.0
2011,CSOSA,CSOSA,81.0,0.0
2011,DHS,CBP,4356.0,0.0
2011,DHS,CRCL,6.0,
2011,DHS,FEMA,485.0,
2011,DHS,FLETC,5.0,0.0
2011,DHS,I&A,21.0,
2011,DHS,ICE,18.0,18.0
2011,DHS,MGMT,3.0,
2011,DHS,NPPD,63.0,
2011,DHS,OGC,5.0,141.0
2011,DHS,OIG,0.0,12.0
2011,DHS,OPS,0.0,
2011,DHS,PLCY,0.0,
2011,DHS,PRIV,4.0,
2011,DHS,S&T,0.0,
2011,DHS,TSA,580.0,2.0
2011,DHS,US-VISIT,2.0,0.0
2011,DHS,USCG,527.0,49.0
2011,DHS,USCIS,35780.0,105.0
2011,DHS,USSS,562.0,0.0
2011,DNFSB,OGC,0.0,0.0
2011,DNFSB,OGM,0.0,0.0
2011,DOC,BIS,0.0,0.0
2011,DOC,Census,9.0,0.0
2011,DOC,EDA,0.0,0.0
2011,DOC,ESA,0.0,0.0
2011,DOC,ITA,27.0,0.0
2011,DOC,MBDA,2.0,0.0
2011,DOC,NIST,16.0,0.0
2011,DOC,NOAA,135.0,0.0
2011,DOC,NTIA,8.0,0.0
2011,DOC,NTIS,0.0,0.0
2011,DOC,OIG,0.0,0.0
2011,DOC,OS,6.0,0.0
2011,DOC,PTO,0.0,0.0
2011,DOC,AGC/Admin.,0.0,47.0
2011,DoD,AF,525.0,142.0
2011,DoD,AFRICOM,14.0,
2011,DoD,ARMY,1000.0,29.0
2011,DoD,ASBCA,0.0,0.0
2011,DoD,CENTCOM,173.0,
2011,DoD,DCAA,0.0,0.0
2011,DoD,DCMA,63.0,0.0
2011,DoD,DeCA,5.0,0.0
2011,DoD,DFAS,5.0,0.0
2011,DoD,DIA,1605.0,197.0
2011,DoD,DISA,19.0,3.0
2011,DoD,DLA,19.0,1.0
2011,DoD,DoD IG,189.0,26.0
2011,DoD,DoDEA,1.0,
2011,DoD,DSS,1.0,0.0
2011,DoD,DTIC,5.0,
2011,DoD,DTRA,6.0,0.0
2011,DoD,EUCOM,59.0,
2011,DoD,JFCOM,0.0,
2011,DoD,NAVY,1658.0,1.0
2011,DoD,NGA,135.0,0.0
2011,DoD,NGB,16.0,
2011,DoD,NORTHCOM,9.0,
2011,DoD,NRO,44.0,2.0
2011,DoD,NSA,484.0,67.0
2011,DoD,OSD/JS,908.0,269.0
2011,DoD,PACOM,37.0,
2011,DoD,SOCOM,162.0,
2011,DoD,SOUTHCOM,98.0,
2011,DoD,STRATCOM,0.0,
2011,DoD,TRANSCOM,14.0,
2011,DoD,TRICARE,6.0,
2011,DOE,BPA,5.0,0.0
2011,DOE,CBFO,0.0,0.0
2011,DOE,CH,0.0,0.0
2011,DOE,EMCBC,3.0,0.0
2011,DOE,GFO,0.0,0.0
2011,DOE,HQ,197.0,8.0
2011,DOE,ID,0.0,0.0
2011,DOE,NETL,0.0,0.0
2011,DOE,NNSA,176.0,0.0
2011,DOE,NR,0.0,0.0
2011,DOE,NRLFO,3.0,0.0
2011,DOE,ORO,4.0,0.0
2011,DOE,OSTI,1.0,0.0
2011,DOE,ROO,1.0,0.0
2011,DOE,SEPA,0.0,0.0
2011,DOE,SPR,0.0,0.0
2011,DOE,SRO,0.0,0.0
2011,DOE,SWPA,0.0,0.0
2011,DOE,WAPA,0.0,0.0
2011,DOI,Appeals,0.0,222.0
2011,DOI,BIA,40.0,0.0
2011,DOI,BLM,90.0,0.0
2011,DOI,BOEMRE,21.0,0.0
2011,DOI,BOR,10.0,0.0
2011,DOI,FWS,88.0,0.0
2011,DOI,NPS,27.0,0.0
2011,DOI,OIG,77.0,0.0
2011,DOI,OS,92.0,0.0
2011,DOI,OSM,11.0,0.0
2011,DOI,SOL,48.0,0.0
2011,DOI,USGS,1.0,0.0
2011,DOJ,Office of the AG,194.0,0.0
2011,DOJ,Office of the DAG,138.0,0.0
2011,DOJ,Office of the Assoc. AG,40.0,0.0
2011,DOJ,Antitrust,28.0,0.0
2011,DOJ,ATF,50.0,0.0
2011,DOJ,BOP,317.0,0.0
2011,DOJ,Civil,39.0,0.0
2011,DOJ,Civil Rights,181.0,0.0
2011,DOJ,COPS,0.0,0.0
2011,DOJ,Criminal,40.0,0.0
2011,DOJ,CRS,0.0,0.0
2011,DOJ,DEA,616.0,0.0
2011,DOJ,ENRD,3.0,0.0
2011,DOJ,EOIR,205.0,0.0
2011,DOJ,EOUSA,738.0,0.0
2011,DOJ,EOUST,0.0,0.0
2011,DOJ,FBI,938.0,0.0
2011,DOJ,FCSC,0.0,0.0
2011,DOJ,JMD,10.0,0.0
2011,DOJ,NDIC,2.0,0.0
2011,DOJ,NSD,26.0,0.0
2011,DOJ,OCDETF,0.0,0.0
2011,DOJ,ODR,0.0,0.0
2011,DOJ,OFDT,1.0,0.0
2011,DOJ,OIG,8.0,0.0
2011,DOJ,OIP,26.0,204.0
2011,DOJ,OIPL,2.0,0.0
2011,DOJ,OJP,24.0,0.0
2011,DOJ,OLA,46.0,0.0
2011,DOJ,OLC,33.0,0.0
2011,DOJ,OLP,11.0,0.0
2011,DOJ,OPR,21.0,0.0
2011,DOJ,OSG,15.0,0.0
2011,DOJ,OVW,0.0,0.0
2011,DOJ,Pardon Attorney,0.0,0.0
2011,DOJ,Public Affairs,12.0,0.0
2011,DOJ,PRAO,0.0,0.0
2011,DOJ,TAX,1.0,0.0
2011,DOJ,USMS,30.0,0.0
2011,DOJ,USNCB,8.0,0.0
2011,DOJ,USPC,13.0,4.0
2011,DOT,FAA,251.0,42.0
2011,DOT,FHWA,28.0,14.0
2011,DOT,FMCSA,214.0,5.0
2011,DOT,FRA,51.0,0.0
2011,DOT,FTA,4.0,4.0
2011,DOT,MARAD,87.0,0.0
2011,DOT,NHTSA,10.0,0.0
2011,DOT,OIG,17.0,0.0
2011,DOT,OST,33.0,0.0
2011,DOT,PHMSA,29.0,0.0
2011,DOT,RITA,0.0,0.0
2011,DOT,SLSDC,0.0,0.0
2011,ED,FSA,1.0,0.0
2011,ED,IES,0.0,0.0
2011,ED,IES-NAGB,0.0,0.0
2011,ED,OCFO,1.0,0.0
2011,ED,OCFO-CAM,1.0,0.0
2011,ED,OCIO,0.0,0.0
2011,ED,OCO,0.0,0.0
2011,ED,OCR,0.0,0.0
2011,ED,OCR-1 Boston,32.0,0.0
2011,ED,OCR-2 New York,19.0,0.0
2011,ED,OCR-3 Philadelphia,6.0,0.0
2011,ED,OCR-4 Atlanta,2.0,0.0
2011,ED,OCR-5 Chicago,1.0,0.0
2011,ED,OCR-6 Dallas,0.0,0.0
2011,ED,OCR-7 Kansas City,9.0,0.0
2011,ED,OCR-8 Denver,4.0,0.0
2011,ED,OCR-9 San Francisco,2.0,0.0
2011,ED,OCR-10 Seattle,1.0,0.0
2011,ED,OCR-12 Cleveland,1.0,0.0
2011,ED,OCR-Metro D.C.,13.0,0.0
2011,ED,OELA,0.0,0.0
2011,ED,OESE,0.0,0.0
2011,ED,OGC,14.0,0.0
2011,ED,OIG,4.0,0.0
2011,ED,OII,0.0,0.0
2011,ED,OLCA,6.0,0.0
2011,ED,OM,1.0,0.0
2011,ED,OM-PIRMS,60.0,39.0
2011,ED,OPE,1.0,0.0
2011,ED,OPEPD,9.0,0.0
2011,ED,OS,41.0,0.0
2011,ED,OSDFS,2.0,0.0
2011,ED,OSERS,11.0,0.0
2011,ED,OUS,13.0,0.0
2011,ED,OVAE,0.0,0.0
2011,EEOC,ATLANTA,0.0,0.0
2011,EEOC,BIRMINGHAM,3.0,0.0
2011,EEOC,CHARLOTTE,6.0,0.0
2011,EEOC,CHICAGO,0.0,0.0
2011,EEOC,DALLAS,9.0,0.0
2011,EEOC,HOUSTON,0.0,0.0
2011,EEOC,INDIANAPOLIS,0.0,0.0
2011,EEOC,LOS ANGELES,0.0,0.0
2011,EEOC,MEMPHIS,24.0,0.0
2011,EEOC,MIAMI,1.0,0.0
2011,EEOC,NEW YORK,112.0,0.0
2011,EEOC,OLC/HDQ,8.0,2.0
2011,EEOC,PHILADELPHIA,11.0,0.0
2011,EEOC,PHOENIX,0.0,0.0
2011,EEOC,SAN FRANCISCO,2.0,0.0
2011,EEOC,ST. LOUIS,0.0,0.0
2011,EEOC,WFO,0.0,0.0
2011,EPA,HQ,223.0,64.0
2011,EPA,Region 1,0.0,0.0
2011,EPA,Region 2,37.0,0.0
2011,EPA,Region 3,1.0,0.0
2011,EPA,Region 4,13.0,0.0
2011,EPA,Region 5,0.0,0.0
2011,EPA,Region 6,52.0,0.0
2011,EPA,Region 7,0.0,0.0
2011,EPA,Region 8,0.0,0.0
2011,EPA,Region 9,0.0,0.0
2011,EPA,Region 10,0.0,0.0
2011,Ex-Im Bank,HQ,24.0,1.0
2011,FCA,FCA,0.0,0.0
2011,FCC,FCC,19.0,9.0
2011,FCSIC,FCSIC,0.0,0.0
2011,FDIC,FDIC,2.0,0.0
2011,FEC,FEC,13.0,1.0
2011,FERC,FERC,0.0,0.0
2011,FFIEC,FFIEC,0.0,0.0
2011,FHFA,FHFA FOIA,4.0,0.0
2011,FHFA,FHFA-OIG,0.0,0.0
2011,FLRA,FSIP,0.0,0.0
2011,FLRA,Authority,0.0,0.0
2011,FLRA,IG,0.0,0.0
2011,FLRA,OGC,0.0,0.0
2011,FLRA,ATRO,0.0,0.0
2011,FLRA,BORO,0.0,0.0
2011,FLRA,CHRO,0.0,0.0
2011,FLRA,DARO,0.0,0.0
2011,FLRA,DERO,0.0,0.0
2011,FLRA,SFRO,0.0,0.0
2011,FLRA,WARO,0.0,0.0
2011,FMC,FMC,33.0,0.0
2011,FMCS,FMCS,0.0,0.0
2011,FMSHRC,FMSHRC,0.0,0.0
2011,FOMC,FOMC,1.0,0.0
2011,FRB,FRB,20.0,1.0
2011,FRTIB,FRTIB,0.0,0.0
2011,FTC,FTC,7.0,3.0
2011,GSA,GSA,21.0,3.0
2011,HHS,ACF,160.0,0.0
2011,HHS,AOA,0.0,0.0
2011,HHS,CMS,2008.0,36.0
2011,HHS,OIG,4.0,0.0
2011,HHS,AHRQ,0.0,0.0
2011,HHS,CDC,287.0,0.0
2011,HHS,FDA,3421.0,0.0
2011,HHS,HRSA,2.0,0.0
2011,HHS,IHS,34.0,0.0
2011,HHS,NIH,25.0,0.0
2011,HHS,SAMHSA,114.0,0.0
2011,HHS,OS,309.0,68.0
2011,HHS,OASH,165.0,0.0
2011,HUD,HQ,107.0,2.0
2011,HUD,OIG,14.0,0.0
2011,HUD,R01,1.0,0.0
2011,HUD,R02,1.0,0.0
2011,HUD,R03,1.0,0.0
2011,HUD,R04,0.0,0.0
2011,HUD,R05,0.0,0.0
2011,HUD,R06,0.0,0.0
2011,HUD,R07,2.0,0.0
2011,HUD,R08,0.0,0.0
2011,HUD,R09,2.0,0.0
2011,HUD,R0X,0.0,0.0
2011,IAF,IAF,0.0,0.0
2011,IMLS,IMLS,0.0,0.0
2011,LSC,LSC,0.0,0.0
2011,MCC,MCC,0.0,0.0
2011,MSPB,MSPB,4.0,0.0
2011,NARA,NARA,8011.0,8.0
2011,NASA,ARC,2.0,0.0
2011,NASA,DFRC,4.0,0.0
2011,NASA,GRC,3.0,0.0
2011,NASA,GSFC,4.0,0.0
2011,NASA,HQ,14.0,0.0
2011,NASA,JPL,0.0,0.0
2011,NASA,JSC,3.0,0.0
2011,NASA,KSC,2.0,0.0
2011,NASA,LaRC,1.0,0.0
2011,NASA,MSFC,0.0,0.0
2011,NASA,NSSC,0.0,0.0
2011,NASA,OGC,0.0,0.0
2011,NASA,OIG,1.0,0.0
2011,NASA,SSC,0.0,0.0
2011,NCPC,NCPC,0.0,0.0
2011,NCUA,NCUA,11.0,0.0
2011,NEA,NEA,4.0,0.0
2011,NEH,NEH,3.0,1.0
2011,NIGC,NIGC,14.0,0.0
2011,NLRB,NLRB,0.0,1.0
2011,NMB,NMB,5.0,0.0
2011,NRPC,NRPC,15.0,2.0
2011,NSF,OGC,42.0,0.0
2011,NSF,OIG,0.0,0.0
2011,NTSB,NTSB,81.0,0.0
2011,ODNI,ODNI,102.0,14.0
2011,OGE,OGE,0.0,0.0
2011,OMB,OMB,1.0,0.0
2011,ONDCP,ONDCP,0.0,0.0
2011,ONHIR,ONHIR,0.0,0.0
2011,OPIC,OPIC,0.0,0.0
2011,OPM,OPM,166.0,8.0
2011,OSC,OSC,39.0,8.0
2011,OSHRC,OSHRC,0.0,0.0
2011,OSTP,OSTP,4.0,0.0
2011,PBGC,PBGC,1.0,2.0
2011,PC,FOIA Office,22.0,2.0
2011,PC,OIG,2.0,0.0
2011,PRC,PRC,0.0,0.0
2011,RATB,RATB,0.0,0.0
2011,SBA,SBA,1.0,0.0
2011,SEC,SEC,81.0,19.0
2011,SIGAR,SIGAR,2.0,0.0
2011,SIGIR,SIGIR,0.0,0.0
2011,SSA,SSA,38.0,7.0
2011,SSS,SSS,0.0,0.0
2011,State,DoS,8078.0,294.0
2011,State,OIG,0.0,
2011,STB,STB,0.0,0.0
2011,Treasury,BEP,0.0,0.0
2011,Treasury,BPD,0.0,0.0
2011,Treasury,CFPB,3.0,0.0
2011,Treasury,DO,178.0,34.0
2011,Treasury,FinCEN,0.0,0.0
2011,Treasury,FMS,0.0,0.0
2011,Treasury,IRS,146.0,4.0
2011,Treasury,MINT,0.0,0.0
2011,Treasury,OCC,6.0,13.0
2011,Treasury,OTS,0.0,0.0
2011,Treasury,TIGTA,0.0,0.0
2011,Treasury,TTB,0.0,0.0
2011,TVA,TVA,0.0,0.0
2011,U.S. CPSC,U.S. CPSC,237.0,0.0
2011,U.S. DOL,ADJ BDS,1.0,1.0
2011,U.S. DOL,ALJ,2.0,1.0
2011,U.S. DOL,ASP,2.0,0.0
2011,U.S. DOL,BLS,0.0,0.0
2011,U.S. DOL,CFO,0.0,0.0
2011,U.S. DOL,EBSA,24.0,3.0
2011,U.S. DOL,ETA,45.0,8.0
2011,U.S. DOL,EXEC SEC,2.0,0.0
2011,U.S. DOL,ILAB,0.0,0.0
2011,U.S. DOL,MSHA,90.0,12.0
2011,U.S. DOL,OASAM,13.0,7.0
2011,U.S. DOL,OCIA,3.0,0.0
2011,U.S. DOL,ODEP,0.0,0.0
2011,U.S. DOL,OFCCP,29.0,1.0
2011,U.S. DOL,OIG,11.0,2.0
2011,U.S. DOL,OLMS,0.0,3.0
2011,U.S. DOL,OPA,1.0,0.0
2011,U.S. DOL,OSEC,1.0,0.0
2011,U.S. DOL,OSHA,134.0,19.0
2011,U.S. DOL,OWCP,9.0,19.0
2011,U.S. DOL,SOL,9.0,0.0
2011,U.S. DOL,VETS,1.0,3.0
2011,U.S. DOL,WB,0.0,0.0
2011,U.S. DOL,WHD,219.0,8.0
2011,US ADF,US ADF,0.0,0.0
2011,US RRB,OIG,0.0,0.0
2011,US RRB,RRB,1.0,0.0
2011,USAID,USAID,215.0,22.0
2011,USCCR,USCCR,0.0,0.0
2011,USDA,AMS,16.0,8.0
2011,USDA,APHIS,36.0,68.0
2011,USDA,ASCR,0.0,0.0
2011,USDA,DM,5.0,0.0
2011,USDA,FAS,1.0,0.0
2011,USDA,FNCS,18.0,7.0
2011,USDA,FS,125.0,14.0
2011,USDA,FSA,3.0,2.0
2011,USDA,FSIS,185.0,5.0
2011,USDA,GIPSA,1.0,1.0
2011,USDA,NAD,1.0,1.0
2011,USDA,NRCS,0.0,0.0
2011,USDA,OBPA,0.0,0.0
2011,USDA,OCFO,0.0,0.0
2011,USDA,OGC,10.0,1.0
2011,USDA,OIG,3.0,7.0
2011,USDA,OSEC/OCIO,59.0,2.0
2011,USDA,RD,179.0,18.0
2011,USDA,REE,0.0,0.0
2011,USDA,RMA,8.0,13.0
2011,USIBWC,USIBWC,0.0,0.0
2011,USITC,USITC,0.0,0.0
2011,USNRC,USNRC,44.0,0.0
2011,USPS,PS,75.0,
2011,USPS,OIG,1.0,0.0
2011,USPS,PIS,3.0,
2011,USPS,PS & PIS,0.0,1.0
2011,USTDA,USTDA,1.0,0.0
2011,USTR,USTR,13.0,0.0
2011,VA,Admin,2.0,0.0
2011,VA,BVA,0.0,0.0
2011,VA,C&LA,0.0,0.0
2011,VA,CFM,19.0,0.0
2011,VA,GC,3.0,294.0
2011,VA,HRM,11.0,0.0
2011,VA,IG,0.0,0.0
2011,VA,Mgmt,1.0,0.0
2011,VA,NCA,1.0,0.0
2011,VA,OAL,2.0,0.0
2011,VA,OASHRA,3.0,0.0
2011,VA,OASP&IA,1.0,0.0
2011,VA,ODASB,0.0,0.0
2011,VA,ODASIA,0.0,0.0
2011,VA,ODI,0.0,0.0
2011,VA,OF,1.0,0.0
2011,VA,OIT,15.0,0.0
2011,VA,ORM,0.0,0.0
2011,VA,OSDBU,5.0,0.0
2011,VA,OSP,0.0,0.0
2011,VA,P&P,1.0,0.0
2011,VA,PA,2.0,0.0
2011,VA,SEC,12.0,0.0
2011,VA,VBA,398.0,0.0
2011,VA,VHA,317.0,0.0
2012,ABMC,ABMC,1.0,0.0
2012,ACUS,ACUS,0.0,0.0
2012,AFRH,AFRH,0.0,0.0
2012,BBG,BBG,0.0,0.0
2012,CEQ,CEQ,11.0,0.0
2012,CFTC,CFTC,42.0,4.0
2012,CIA,CIA,887.0,206.0
2012,CIGIE,CIGIE,4.0,2.0
2012,CNCS,CNCS,11.0,1.0
2012,CO,CO,4.0,0.0
2012,CPPBSD,CPPBSD,0.0,0.0
2012,CSB,CSB,17.0,0.0
2012,CSOSA,CSOSA,7.0,0.0
2012,DHS,CBP,10648.0,0.0
2012,DHS,CRCL,0.0,
2012,DHS,FEMA,306.0,
2012,DHS,FLETC,2.0,0.0
2012,DHS,I&A,3.0,0.0
2012,DHS,ICE,2443.0,0.0
2012,DHS,MGMT,13.0,
2012,DHS,NPPD,2288.0,
2012,DHS,OGC,5.0,99.0
2012,DHS,OIG,11.0,13.0
2012,DHS,OPS,0.0,
2012,DHS,PLCY,0.0,
2012,DHS,PRIV,5.0,
2012,DHS,S&T,0.0,
2012,DHS,TSA,542.0,10.0
2012,DHS,USCG,782.0,33.0
2012,DHS,USCIS,10727.0,10.0
2012,DHS,USSS,778.0,0.0
2012,DNFSB,OGC,0.0,0.0
2012,DNFSB,OGM,0.0,0.0
2012,DOC,BIS,1.0,7.0
2012,DOC,Census,3.0,3.0
2012,DOC,EDA,0.0,0.0
2012,DOC,ESA,0.0,1.0
2012,DOC,ITA,23.0,1.0
2012,DOC,MBDA,1.0,0.0
2012,DOC,NIST,34.0,5.0
2012,DOC,NOAA,128.0,8.0
2012,DOC,NTIA,8.0,1.0
2012,DOC,NTIS,1.0,0.0
2012,DOC,OIG,0.0,2.0
2012,DOC,OS,28.0,5.0
2012,DOC,PTO,0.0,0.0
2012,DoD,AF,509.0,119.0
2012,DoD,AFRICOM,29.0,
2012,DoD,ARMY,625.0,26.0
2012,DoD,ASBCA,0.0,0.0
2012,DoD,CENTCOM,205.0,
2012,DoD,DCAA,0.0,0.0
2012,DoD,DCMA,49.0,3.0
2012,DoD,DeCA,0.0,0.0
2012,DoD,DFAS,8.0,0.0
2012,DoD,DIA,1132.0,147.0
2012,DoD,DISA,20.0,3.0
2012,DoD,DLA,23.0,4.0
2012,DoD,DoD IG,252.0,29.0
2012,DoD,DoDEA,1.0,
2012,DoD,DSS,8.0,1.0
2012,DoD,DTIC,3.0,
2012,DoD,DTRA,39.0,1.0
2012,DoD,EUCOM,37.0,
2012,DoD,NAVY,1202.0,1.0
2012,DoD,NGA,73.0,1.0
2012,DoD,NGB,17.0,
2012,DoD,NORTHCOM,16.0,
2012,DoD,NRO,33.0,1.0
2012,DoD,NSA,597.0,79.0
2012,DoD,OSD/JS,1097.0,354.0
2012,DoD,PACOM,33.0,
2012,DoD,SOCOM,148.0,
2012,DoD,SOUTHCOM,170.0,
2012,DoD,STRATCOM,1.0,
2012,DoD,TRANSCOM,34.0,
2012,DoD,TRICARE,10.0,
2012,DOE,BPA,4.0,0.0
2012,DOE,CBFO,0.0,0.0
2012,DOE,CH,0.0,0.0
2012,DOE,EMCBC,5.0,0.0
2012,DOE,GFO,0.0,0.0
2012,DOE,HQ,221.0,4.0
2012,DOE,ID,0.0,0.0
2012,DOE,NETL,0.0,0.0
2012,DOE,NNSA,211.0,0.0
2012,DOE,NR,0.0,0.0
2012,DOE,NRLFO,2.0,0.0
2012,DOE,ORO,10.0,0.0
2012,DOE,OSTI,1.0,0.0
2012,DOE,ROO,1.0,0.0
2012,DOE,SEPA,0.0,0.0
2012,DOE,SPR,0.0,0.0
2012,DOE,SRO,1.0,0.0
2012,DOE,SWPA,0.0,0.0
2012,DOE,WAPA,0.0,0.0
2012,DOI,BIA,34.0,
2012,DOI,BLM,86.0,
2012,DOI,BOEM,15.0,
2012,DOI,BOR,0.0,
2012,DOI,BSEE,20.0,
2012,DOI,FOIA/PA Appeals,0.0,186.0
2012,DOI,FWS,68.0,
2012,DOI,NPS,51.0,
2012,DOI,OIG,61.0,
2012,DOI,OS,54.0,
2012,DOI,OSM,4.0,
2012,DOI,SOL,56.0,
2012,DOI,USGS,0.0,
2012,DOJ,Office of the AG,170.0,0.0
2012,DOJ,Office of the DAG,129.0,0.0
2012,DOJ,Office of the Assoc. AG,26.0,0.0
2012,DOJ,Antitrust,33.0,0.0
2012,DOJ,ATF,164.0,0.0
2012,DOJ,BOP,417.0,0.0
2012,DOJ,Civil,79.0,0.0
2012,DOJ,Civil Rights,184.0,0.0
2012,DOJ,COPS,0.0,0.0
2012,DOJ,Criminal,92.0,0.0
2012,DOJ,CRS,0.0,0.0
2012,DOJ,DEA,368.0,0.0
2012,DOJ,ENRD,9.0,0.0
2012,DOJ,EOIR,179.0,0.0
2012,DOJ,EOUSA,1021.0,0.0
2012,DOJ,EOUST,2.0,0.0
2012,DOJ,FBI,1865.0,0.0
2012,DOJ,FCSC,1.0,0.0
2012,DOJ,JMD,29.0,0.0
2012,DOJ,NSD,46.0,0.0
2012,DOJ,OCDETF,2.0,0.0
2012,DOJ,OFDT,1.0,0.0
2012,DOJ,OIG,34.0,0.0
2012,DOJ,OIP,27.0,353.0
2012,DOJ,OIPL,0.0,0.0
2012,DOJ,OJP,27.0,0.0
2012,DOJ,OLA,52.0,0.0
2012,DOJ,OLC,23.0,0.0
2012,DOJ,OLP,11.0,0.0
2012,DOJ,OPR,48.0,0.0
2012,DOJ,OSG,22.0,0.0
2012,DOJ,OVW,1.0,0.0
2012,DOJ,Pardon Attorney,0.0,0.0
2012,DOJ,Public Affairs,13.0,0.0
2012,DOJ,PRAO,1.0,0.0
2012,DOJ,TAX,3.0,0.0
2012,DOJ,USMS,108.0,0.0
2012,DOJ,USNCB,4.0,0.0
2012,DOJ,USPC,5.0,0.0
2012,DOT,FAA,307.0,29.0
2012,DOT,FHWA,19.0,13.0
2012,DOT,FMCSA,190.0,2.0
2012,DOT,FRA,38.0,0.0
2012,DOT,FTA,2.0,0.0
2012,DOT,MARAD,61.0,1.0
2012,DOT,NHTSA,37.0,0.0
2012,DOT,OIG,13.0,2.0
2012,DOT,OST,40.0,0.0
2012,DOT,PHMSA,29.0,0.0
2012,DOT,RITA,1.0,0.0
2012,DOT,SLSDC,0.0,0.0
2012,ED,FSA,24.0,0.0
2012,ED,IES,0.0,0.0
2012,ED,IES-NAGB,0.0,0.0
2012,ED,M,29.0,0.0
2012,ED,OCFO,2.0,0.0
2012,ED,OCFO-CAM,6.0,0.0
2012,ED,OCIO,1.0,0.0
2012,ED,OCO,1.0,0.0
2012,ED,OCR,2.0,0.0
2012,ED,OCR-1 Boston,17.0,0.0
2012,ED,OCR-2 New York,27.0,0.0
2012,ED,OCR-3 Philadelphia,1.0,0.0
2012,ED,OCR-4 Atlanta,12.0,0.0
2012,ED,OCR-5 Chicago,0.0,0.0
2012,ED,OCR-6 Dallas,1.0,0.0
2012,ED,OCR-7 Kansas City,8.0,0.0
2012,ED,OCR-8 Denver,0.0,0.0
2012,ED,OCR-9 San Francisco,0.0,0.0
2012,ED,OCR-10 Seattle,0.0,0.0
2012,ED,OCR-12 Cleveland,3.0,0.0
2012,ED,OCR-Metro D.C.,12.0,0.0
2012,ED,ODS,0.0,0.0
2012,ED,OELA,0.0,0.0
2012,ED,OESE,6.0,0.0
2012,ED,OGC,0.0,0.0
2012,ED,OIG,6.0,0.0
2012,ED,OII,1.0,0.0
2012,ED,OLCA,1.0,0.0
2012,ED,OM,3.0,0.0
2012,ED,OM-PIRMS,35.0,27.0
2012,ED,OPE,14.0,0.0
2012,ED,OPEPD,2.0,0.0
2012,ED,OS,23.0,0.0
2012,ED,OSDFS,0.0,0.0
2012,ED,OSERS,1.0,0.0
2012,ED,OUS,0.0,0.0
2012,ED,OVAE,0.0,0.0
2012,EEOC,ATLANTA,7.0,0.0
2012,EEOC,BIRMINGHAM,1.0,0.0
2012,EEOC,CHARLOTTE,11.0,0.0
2012,EEOC,CHICAGO,0.0,0.0
2012,EEOC,DALLAS,26.0,0.0
2012,EEOC,HOUSTON,0.0,0.0
2012,EEOC,INDIANAPOLIS,1.0,0.0
2012,EEOC,LOS ANGELES,0.0,0.0
2012,EEOC,MEMPHIS,1.0,0.0
2012,EEOC,MIAMI,2.0,0.0
2012,EEOC,NEW YORK,11.0,0.0
2012,EEOC,OLC/HDQ,3.0,0.0
2012,EEOC,PHILADELPHIA,36.0,0.0
2012,EEOC,PHOENIX,0.0,0.0
2012,EEOC,SAN FRANCISCO,22.0,0.0
2012,EEOC,ST. LOUIS,10.0,0.0
2012,EEOC,WFO,0.0,0.0
2012,EPA,HQ,372.0,57.0
2012,EPA,Region 1,2.0,0.0
2012,EPA,Region 2,33.0,0.0
2012,EPA,Region 3,1.0,0.0
2012,EPA,Region 4,21.0,0.0
2012,EPA,Region 5,8.0,0.0
2012,EPA,Region 6,9.0,0.0
2012,EPA,Region 7,1.0,0.0
2012,EPA,Region 8,0.0,0.0
2012,EPA,Region 9,0.0,0.0
2012,EPA,Region 10,21.0,0.0
2012,Ex-Im Bank,HQ,38.0,2.0
2012,FCA,FCA,0.0,0.0
2012,FCC,FCC,38.0,9.0
2012,FCSIC,FCSIC,0.0,0.0
2012,FDIC,FDIC,0.0,1.0
2012,FEC,FEC,5.0,1.0
2012,FERC,FERC,6.0,1.0
2012,FFIEC,FFIEC,0.0,0.0
2012,FHFA,FHFA FOIA,6.0,0.0
2012,FHFA,FHFA-OIG,0.0,0.0
2012,FLRA,FSIP,0.0,0.0
2012,FLRA,Authority,0.0,0.0
2012,FLRA,IG,0.0,0.0
2012,FLRA,OGC,0.0,0.0
2012,FLRA,ATRO,0.0,0.0
2012,FLRA,BORO,0.0,0.0
2012,FLRA,CHRO,0.0,0.0
2012,FLRA,DARO,0.0,0.0
2012,FLRA,DERO,0.0,0.0
2012,FLRA,SFRO,0.0,0.0
2012,FLRA,WARO,0.0,0.0
2012,FMC,FMC,15.0,0.0
2012,FMCS,FMCS,0.0,0.0
2012,FMSHRC,FMSHRC,0.0,0.0
2012,FOMC,FOMC,8.0,0.0
2012,FRB,FRB,30.0,5.0
2012,FRTIB,FRTIB,2.0,0.0
2012,FTC,FTC,1.0,0.0
2012,GSA,GSA,56.0,4.0
2012,HHS,ACF,220.0,0.0
2012,HHS,CMS,1706.0,87.0
2012,HHS,OIG,9.0,0.0
2012,HHS,AHRQ,0.0,0.0
2012,HHS,CDC,501.0,0.0
2012,HHS,FDA,2575.0,0.0
2012,HHS,HRSA,58.0,0.0
2012,HHS,IHS,6.0,0.0
2012,HHS,NIH,33.0,0.0
2012,HHS,SAMHSA,73.0,0.0
2012,HHS,OS,365.0,187.0
2012,HHS,OASH,194.0,0.0
2012,HHS,ACL,0.0,0.0
2012,HUD,HQ,187.0,3.0
2012,HUD,OIG,13.0,0.0
2012,HUD,R01,5.0,0.0
2012,HUD,R02,9.0,0.0
2012,HUD,R03,6.0,1.0
2012,HUD,R04,12.0,0.0
2012,HUD,R05,18.0,0.0
2012,HUD,R06,6.0,0.0
2012,HUD,R07,2.0,0.0
2012,HUD,R08,2.0,0.0
2012,HUD,R09,12.0,0.0
2012,HUD,R0X,6.0,1.0
2012,IAF,IAF,0.0,0.0
2012,IMLS,IMLS,0.0,0.0
2012,LSC,OLA,0.0,0.0
2012,LSC,OIG,0.0,0.0
2012,MCC,MCC,0.0,0.0
2012,MSPB,MSPB,0.0,1.0
2012,NARA,NARA,7610.0,5.0
2012,NASA,ARC,1.0,0.0
2012,NASA,DFRC,1.0,0.0
2012,NASA,GRC,2.0,0.0
2012,NASA,GSFC,4.0,0.0
2012,NASA,HQ,6.0,0.0
2012,NASA,JPL,0.0,0.0
2012,NASA,JSC,4.0,0.0
2012,NASA,KSC,3.0,0.0
2012,NASA,LaRC,1.0,0.0
2012,NASA,MSFC,0.0,0.0
2012,NASA,NSSC,0.0,0.0
2012,NASA,OGC,0.0,0.0
2012,NASA,OIG,0.0,0.0
2012,NASA,SSC,0.0,0.0
2012,NCPC,NCPC,0.0,0.0
2012,NCUA,NCUA,5.0,0.0
2012,NEA,NEA,10.0,0.0
2012,NEH,NEH,0.0,0.0
2012,NIGC,NIGC,29.0,0.0
2012,NLRB,NLRB,17.0,1.0
2012,NMB,NMB,1.0,0.0
2012,NRPC,NRPC,6.0,1.0
2012,NSF,OGC,36.0,0.0
2012,NSF,OIG,0.0,0.0
2012,NTSB,NTSB,62.0,0.0
2012,ODNI,ODNI,132.0,18.0
2012,OGE,OGE,0.0,0.0
2012,OMB,OMB,6.0,0.0
2012,ONDCP,ONDCP,3.0,0.0
2012,ONHIR,ONHIR,0.0,0.0
2012,OPIC,OPIC,1.0,0.0
2012,OPM,OPM,42.0,4.0
2012,OSC,OSC,97.0,8.0
2012,OSHRC,OSHRC,0.0,0.0
2012,OSTP,OSTP,0.0,0.0
2012,PBGC,PBGC,0.0,0.0
2012,PC,FOIA Office,15.0,0.0
2012,PC,OIG,2.0,0.0
2012,PRC,PRC,0.0,0.0
2012,RATB,RATB,0.0,0.0
2012,SBA,SBA,14.0,0.0
2012,SEC,SEC,172.0,11.0
2012,SIGAR,SIGAR,1.0,0.0
2012,SIGIR,SIGIR,0.0,0.0
2012,SSA,SSA,30.0,15.0
2012,SSS,SSS,0.0,0.0
2012,State,DoS,10464.0,352.0
2012,State,OIG,0.0,0.0
2012,STB,STB,0.0,0.0
2012,Treasury,BEP,0.0,0.0
2012,Treasury,BPD,0.0,0.0
2012,Treasury,CFPB,6.0,0.0
2012,Treasury,DO,155.0,27.0
2012,Treasury,FinCEN,0.0,0.0
2012,Treasury,FMS,3.0,1.0
2012,Treasury,IRS,118.0,0.0
2012,Treasury,MINT,0.0,0.0
2012,Treasury,OCC,0.0,4.0
2012,Treasury,TIGTA,0.0,0.0
2012,Treasury,TTB,0.0,0.0
2012,TVA,TVA,12.0,0.0
2012,U.S. CPSC,U.S. CPSC,232.0,0.0
2012,U.S. DOL,ADJ BDS,0.0,0.0
2012,U.S. DOL,ALJ,0.0,1.0
2012,U.S. DOL,ASP,1.0,0.0
2012,U.S. DOL,BLS,3.0,1.0
2012,U.S. DOL,CFO,1.0,0.0
2012,U.S. DOL,EBSA,17.0,2.0
2012,U.S. DOL,ETA,16.0,13.0
2012,U.S. DOL,EXEC SEC,0.0,0.0
2012,U.S. DOL,ILAB,0.0,0.0
2012,U.S. DOL,MSHA,42.0,11.0
2012,U.S. DOL,OASAM,24.0,8.0
2012,U.S. DOL,OCIA,5.0,0.0
2012,U.S. DOL,ODEP,1.0,0.0
2012,U.S. DOL,OFCCP,18.0,4.0
2012,U.S. DOL,OIG,8.0,2.0
2012,U.S. DOL,OLMS,0.0,6.0
2012,U.S. DOL,OPA,22.0,0.0
2012,U.S. DOL,OSEC,0.0,0.0
2012,U.S. DOL,OSHA,174.0,45.0
2012,U.S. DOL,OWCP,7.0,27.0
2012,U.S. DOL,SOL,21.0,1.0
2012,U.S. DOL,VETS,54.0,4.0
2012,U.S. DOL,WB,2.0,0.0
2012,U.S. DOL,WHD,319.0,14.0
2012,US ADF,US ADF,0.0,0.0
2012,US RRB,OIG,0.0,0.0
2012,US RRB,RRB,0.0,0.0
2012,USAID,USAID,201.0,35.0
2012,USCCR,USCCR,0.0,0.0
2012,USDA,AMS,16.0,4.0
2012,USDA,APHIS,129.0,80.0
2012,USDA,ASCR,0.0,0.0
2012,USDA,DM,20.0,1.0
2012,USDA,FAS,0.0,0.0
2012,USDA,FNCS,1.0,18.0
2012,USDA,FS,215.0,29.0
2012,USDA,FSA,12.0,0.0
2012,USDA,FSIS,74.0,0.0
2012,USDA,GIPSA,4.0,0.0
2012,USDA,NAD,0.0,1.0
2012,USDA,NRCS,15.0,0.0
2012,USDA,OBPA,0.0,0.0
2012,USDA,OCFO,2.0,2.0
2012,USDA,OGC,12.0,0.0
2012,USDA,OIG,20.0,4.0
2012,USDA,OSEC/OCIO,23.0,1.0
2012,USDA,RD,189.0,10.0
2012,USDA,REE,1.0,0.0
2012,USDA,RMA,8.0,13.0
2012,USIBWC,USIBWC,1.0,0.0
2012,USITC,USITC,0.0,0.0
2012,USNRC,USNRC,87.0,0.0
2012,USPS,PS,52.0,0.0
2012,USPS,OIG,0.0,0.0
2012,USPS,PIS,1.0,0.0
2012,USPS,PS & PIS,0.0,5.0
2012,USTDA,USTDA,1.0,0.0
2012,USTR,USTR,20.0,0.0
2012,VA,Admin,0.0,0.0
2012,VA,BVA,0.0,0.0
2012,VA,C&LA,3.0,0.0
2012,VA,CFM,48.0,0.0
2012,VA,GC,11.0,173.0
2012,VA,HRM,10.0,0.0
2012,VA,IG,4.0,0.0
2012,VA,Mgmt,5.0,0.0
2012,VA,NCA,18.0,0.0
2012,VA,OAL,21.0,0.0
2012,VA,OASHRA,2.0,0.0
2012,VA,OASP&IA,6.0,0.0
2012,VA,ODASB,1.0,0.0
2012,VA,ODASIA,1.0,0.0
2012,VA,ODI,1.0,0.0
2012,VA,OF,2.0,0.0
2012,VA,OIT,11.0,0.0
2012,VA,ORM,1.0,0.0
2012,VA,OSDBU,2.0,0.0
2012,VA,OSP,0.0,0.0
2012,VA,P&P,2.0,0.0
2012,VA,PA,3.0,0.0
2012,VA,SEC,23.0,0.0
2012,VA,VBA,196.0,0.0
2012,VA,VHA,244.0,0.0
2013,ABMC,ABMC,1.0,0.0
2013,ACUS,ACUS,0.0,0.0
2013,AFRH,AFRH,0.0,0.0
2013,BBG,BBG,11.0,0.0
2013,CEQ,CEQ,39.0,0.0
2013,CFPB,CFPB,2.0,0.0
2013,CFTC,CFTC,15.0,4.0
2013,CIA,CIA,692.0,163.0
2013,CIGIE,CIGIE,7.0,2.0
2013,CNCS,CNCS,4.0,0.0
2013,CO,CO,3.0,1.0
2013,CPPBSD,CPPBSD,0.0,0.0
2013,CSB,CSB,0.0,0.0
2013,CSOSA,CSOSA,56.0,0.0
2013,DHS,CBP,37848.0,0.0
2013,DHS,CRCL,0.0,0.0
2013,DHS,FEMA,496.0,31.0
2013,DHS,FLETC,1.0,1.0
2013,DHS,I&A,12.0,0.0
2013,DHS,ICE,4714.0,32.0
2013,DHS,NPPD,3099.0,0.0
2013,DHS,OGC,0.0,13.0
2013,DHS,OIG,34.0,28.0
2013,DHS,OPS,0.0,0.0
2013,DHS,PRIV,20.0,0.0
2013,DHS,S&T,1.0,0.0
2013,DHS,TSA,546.0,7.0
2013,DHS,USCG,877.0,29.0
2013,DHS,USCIS,3394.0,3.0
2013,DHS,USSS,719.0,1.0
2013,DNFSB,DNFSB,3.0,0.0
2013,DOC,BIS,1.0,3.0
2013,DOC,Census,3.0,4.0
2013,DOC,EDA,0.0,1.0
2013,DOC,ESA,0.0,0.0
2013,DOC,ITA,38.0,1.0
2013,DOC,MBDA,0.0,0.0
2013,DOC,NIST,24.0,4.0
2013,DOC,NOAA,103.0,16.0
2013,DOC,NTIA,8.0,3.0
2013,DOC,NTIS,0.0,0.0
2013,DOC,OIG,2.0,0.0
2013,DOC,OS,57.0,2.0
2013,DOC,PTO,2.0,0.0
2013,DoD,AF,654.0,141.0
2013,DoD,AFRICOM,41.0,
2013,DoD,ARMY,515.0,27.0
2013,DoD,ASBCA,0.0,0.0
2013,DoD,CENTCOM,177.0,
2013,DoD,DCAA,0.0,0.0
2013,DoD,DCMA,37.0,0.0
2013,DoD,DeCA,0.0,0.0
2013,DoD,DFAS,13.0,0.0
2013,DoD,DIA,809.0,92.0
2013,DoD,DISA,30.0,4.0
2013,DoD,DLA,1.0,0.0
2013,DoD,DoD IG,426.0,27.0
2013,DoD,DoDEA,0.0,
2013,DoD,DSS,5.0,0.0
2013,DoD,DTIC,15.0,
2013,DoD,DTRA,30.0,2.0
2013,DoD,EUCOM,35.0,
2013,DoD,JPRA,0.0,0.0
2013,DoD,NAVY,1163.0,3.0
2013,DoD,NGA,51.0,13.0
2013,DoD,NGB,45.0,
2013,DoD,NORTHCOM,11.0,
2013,DoD,NRO,48.0,6.0
2013,DoD,NSA,805.0,56.0
2013,DoD,OSD/JS,1183.0,302.0
2013,DoD,PACOM,84.0,
2013,DoD,SOCOM,169.0,
2013,DoD,SOUTHCOM,188.0,
2013,DoD,STRATCOM,11.0,
2013,DoD,TRANSCOM,34.0,
2013,DoD,TRICARE,13.0,
2013,DOE,BPA,26.0,0.0
2013,DOE,CBFO,0.0,0.0
2013,DOE,CH,0.0,0.0
2013,DOE,EMCBC,11.0,0.0
2013,DOE,GFO,0.0,0.0
2013,DOE,HQ,142.0,3.0
2013,DOE,ID,0.0,0.0
2013,DOE,NETL,1.0,0.0
2013,DOE,NNSA,244.0,0.0
2013,DOE,NR,0.0,0.0
2013,DOE,NRLFO,0.0,0.0
2013,DOE,ORO,7.0,0.0
2013,DOE,OSTI,3.0,0.0
2013,DOE,ROO,3.0,0.0
2013,DOE,SEPA,0.0,0.0
2013,DOE,SPR,0.0,0.0
2013,DOE,SRO,1.0,0.0
2013,DOE,SWPA,0.0,0.0
2013,DOE,WAPA,0.0,0.0
2013,DOI,BIA,44.0,
2013,DOI,BLM,66.0,
2013,DOI,BOEM,11.0,
2013,DOI,BOR,4.0,
2013,DOI,BSEE,21.0,
2013,DOI,FOIA/PA Appeals,0.0,164.0
2013,DOI,FWS,79.0,
2013,DOI,NPS,60.0,
2013,DOI,OIG,45.0,
2013,DOI,OS,44.0,
2013,DOI,OSM,3.0,
2013,DOI,SOL,43.0,
2013,DOI,USGS,3.0,
2013,DOJ,Office of the AG,168.0,0.0
2013,DOJ,Office of the DAG,121.0,0.0
2013,DOJ,Office of the Assoc. AG,20.0,0.0
2013,DOJ,Antitrust,49.0,0.0
2013,DOJ,ATF,592.0,0.0
2013,DOJ,BOP,872.0,0.0
2013,DOJ,Civil,34.0,0.0
2013,DOJ,Civil Rights,141.0,0.0
2013,DOJ,COPS,0.0,0.0
2013,DOJ,Criminal,170.0,0.0
2013,DOJ,CRS,0.0,0.0
2013,DOJ,DEA,164.0,0.0
2013,DOJ,ENRD,9.0,0.0
2013,DOJ,EOIR,180.0,0.0
2013,DOJ,EOUSA,1208.0,0.0
2013,DOJ,EOUST,0.0,0.0
2013,DOJ,FBI,2696.0,0.0
2013,DOJ,FCSC,0.0,0.0
2013,DOJ,JMD,17.0,0.0
2013,DOJ,NSD,147.0,0.0
2013,DOJ,OCDETF,1.0,0.0
2013,DOJ,OFDT,0.0,0.0
2013,DOJ,OIG,45.0,0.0
2013,DOJ,OIP,24.0,331.0
2013,DOJ,OJP,34.0,0.0
2013,DOJ,OLA,60.0,0.0
2013,DOJ,OLC,34.0,0.0
2013,DOJ,OLP,5.0,0.0
2013,DOJ,OPR,25.0,0.0
2013,DOJ,OSG,15.0,0.0
2013,DOJ,OVW,0.0,0.0
2013,DOJ,Pardon Attorney,0.0,0.0
2013,DOJ,Public Affairs,23.0,0.0
2013,DOJ,PRAO,1.0,0.0
2013,DOJ,TAX,2.0,0.0
2013,DOJ,USMS,120.0,0.0
2013,DOJ,USNCB,0.0,0.0
2013,DOJ,USPC,13.0,0.0
2013,DOT,FAA,352.0,26.0
2013,DOT,FHWA,23.0,10.0
2013,DOT,FMCSA,255.0,1.0
2013,DOT,FRA,83.0,1.0
2013,DOT,FTA,13.0,3.0
2013,DOT,MARAD,51.0,0.0
2013,DOT,NHTSA,24.0,0.0
2013,DOT,OIG,19.0,3.0
2013,DOT,OST,58.0,0.0
2013,DOT,PHMSA,58.0,0.0
2013,DOT,RITA,2.0,1.0
2013,DOT,SLSDC,0.0,0.0
2013,ED,FSA,45.0,0.0
2013,ED,IES,1.0,0.0
2013,ED,IES-NAGB,0.0,0.0
2013,ED,M,47.0,0.0
2013,ED,OCFO,0.0,0.0
2013,ED,OCFO-CAM,4.0,0.0
2013,ED,OCIO,1.0,0.0
2013,ED,OCO,0.0,0.0
2013,ED,OCR,7.0,0.0
2013,ED,OCR-1 Boston,0.0,0.0
2013,ED,OCR-2 New York,32.0,0.0
2013,ED,OCR-3 Philadelphia,1.0,0.0
2013,ED,OCR-4 Atlanta,12.0,0.0
2013,ED,OCR-5 Chicago,0.0,0.0
2013,ED,OCR-6 Dallas,1.0,0.0
2013,ED,OCR-7 Kansas City,9.0,0.0
2013,ED,OCR-8 Denver,0.0,0.0
2013,ED,OCR-9 San Francisco,0.0,0.0
2013,ED,OCR-10 Seattle,0.0,0.0
2013,ED,OCR-12 Cleveland,2.0,0.0
2013,ED,OCR-Metro D.C.,8.0,0.0
2013,ED,ODS,2.0,0.0
2013,ED,OELA,0.0,0.0
2013,ED,OESE,0.0,0.0
2013,ED,OGC,1.0,0.0
2013,ED,OIG,2.0,0.0
2013,ED,OII,0.0,0.0
2013,ED,OLCA,1.0,0.0
2013,ED,OM,1.0,0.0
2013,ED,OM-PIRMS,20.0,46.0
2013,ED,OPE,5.0,0.0
2013,ED,OPEPD,1.0,0.0
2013,ED,OS,20.0,0.0
2013,ED,OSDFS,0.0,0.0
2013,ED,OSERS,0.0,0.0
2013,ED,OUS,1.0,0.0
2013,ED,OVAE,0.0,0.0
2013,EEOC,ATLANTA,4.0,0.0
2013,EEOC,BIRMINGHAM,0.0,0.0
2013,EEOC,CHARLOTTE,0.0,0.0
2013,EEOC,CHICAGO,2.0,0.0
2013,EEOC,DALLAS,102.0,0.0
2013,EEOC,HOUSTON,0.0,0.0
2013,EEOC,INDIANAPOLIS,0.0,0.0
2013,EEOC,LOS ANGELES,0.0,0.0
2013,EEOC,MEMPHIS,8.0,0.0
2013,EEOC,MIAMI,8.0,0.0
2013,EEOC,NEW YORK,11.0,0.0
2013,EEOC,OLC/HDQ,4.0,0.0
2013,EEOC,PHILADELPHIA,9.0,0.0
2013,EEOC,PHOENIX,0.0,0.0
2013,EEOC,SAN FRANCISCO,42.0,0.0
2013,EEOC,ST. LOUIS,0.0,0.0
2013,EEOC,WFO,0.0,0.0
2013,EPA,HQ,790.0,157.0
2013,EPA,Region 1,9.0,0.0
2013,EPA,Region 2,115.0,0.0
2013,EPA,Region 3,89.0,0.0
2013,EPA,Region 4,25.0,0.0
2013,EPA,Region 5,15.0,0.0
2013,EPA,Region 6,61.0,0.0
2013,EPA,Region 7,10.0,0.0
2013,EPA,Region 8,26.0,0.0
2013,EPA,Region 9,9.0,0.0
2013,EPA,Region 10,116.0,0.0
2013,Ex-Im Bank,HQ,32.0,1.0
2013,FCA,FCA,0.0,0.0
2013,FCC,FCC,28.0,15.0
2013,FCSIC,FCSIC,0.0,0.0
2013,FDIC,FDIC,0.0,0.0
2013,FEC,FEC,12.0,3.0
2013,FERC,FERC,3.0,0.0
2013,FFIEC,FFIEC,0.0,0.0
2013,FHFA,FHFA-HQ,9.0,0.0
2013,FHFA,FHFA-OIG,4.0,0.0
2013,FLRA,FSIP,0.0,0.0
2013,FLRA,Authority,0.0,0.0
2013,FLRA,IG,0.0,0.0
2013,FLRA,OGC,0.0,0.0
2013,FLRA,ATRO,0.0,0.0
2013,FLRA,BORO,0.0,0.0
2013,FLRA,CHRO,0.0,0.0
2013,FLRA,DARO,0.0,0.0
2013,FLRA,DERO,0.0,0.0
2013,FLRA,SFRO,0.0,0.0
2013,FLRA,WARO,0.0,0.0
2013,FMC,FMC,18.0,0.0
2013,FMCS,FMCS,0.0,0.0
2013,FMSHRC,FMSHRC,0.0,0.0
2013,FOMC,FOMC,8.0,0.0
2013,FRB,FRB,19.0,1.0
2013,FRTIB,FRTIB,2.0,0.0
2013,FTC,FTC,3.0,0.0
2013,GSA,GSA,60.0,2.0
2013,HHS,ACF,141.0,0.0
2013,HHS,CMS,1426.0,145.0
2013,HHS,OIG,2.0,0.0
2013,HHS,AHRQ,0.0,0.0
2013,HHS,CDC,494.0,0.0
2013,HHS,FDA,2334.0,0.0
2013,HHS,HRSA,71.0,0.0
2013,HHS,IHS,22.0,0.0
2013,HHS,NIH,26.0,0.0
2013,HHS,SAMHSA,91.0,0.0
2013,HHS,OS,364.0,177.0
2013,HHS,OASH,128.0,0.0
2013,HHS,ACL,0.0,0.0
2013,HUD,HQ,130.0,4.0
2013,HUD,OIG,3.0,0.0
2013,HUD,R01,3.0,0.0
2013,HUD,R02,11.0,0.0
2013,HUD,R03,12.0,0.0
2013,HUD,R04,23.0,0.0
2013,HUD,R05,18.0,0.0
2013,HUD,R06,11.0,0.0
2013,HUD,R07,2.0,0.0
2013,HUD,R08,22.0,0.0
2013,HUD,R09,28.0,0.0
2013,HUD,R0X,3.0,0.0
2013,IAF,IAF,0.0,0.0
2013,IMLS,IMLS,0.0,0.0
2013,LSC,OLA,0.0,0.0
2013,LSC,OIG,0.0,0.0
2013,MCC,MCC,0.0,0.0
2013,MSPB,MSPB,0.0,1.0
2013,NARA,NARA,6600.0,9.0
2013,NASA,ARC,3.0,0.0
2013,NASA,DFRC,0.0,0.0
2013,NASA,GRC,0.0,0.0
2013,NASA,GSFC,2.0,0.0
2013,NASA,HQ,0.0,0.0
2013,NASA,JPL,0.0,0.0
2013,NASA,JSC,4.0,0.0
2013,NASA,KSC,2.0,0.0
2013,NASA,LaRC,0.0,0.0
2013,NASA,MSFC,0.0,0.0
2013,NASA,NSSC,0.0,0.0
2013,NASA,OGC,0.0,0.0
2013,NASA,OIG,0.0,0.0
2013,NASA,SSC,0.0,0.0
2013,NCPC,NCPC,0.0,0.0
2013,NCUA,NCUA,0.0,0.0
2013,NEA,NEA,4.0,0.0
2013,NEH,NEH,1.0,0.0
2013,NIGC,NIGC,28.0,0.0
2013,NLRB,NLRB,5.0,0.0
2013,NMB,NMB,0.0,0.0
2013,NRPC,NRPC,25.0,3.0
2013,NSF,OGC,125.0,0.0
2013,NSF,OIG,0.0,0.0
2013,NTSB,NTSB,147.0,0.0
2013,ODNI,ODNI,155.0,22.0
2013,OGE,OGE,1.0,0.0
2013,OMB,OMB,41.0,4.0
2013,ONDCP,ONDCP,6.0,0.0
2013,ONHIR,ONHIR,0.0,0.0
2013,OPIC,OPIC,2.0,0.0
2013,OPM,OPM,78.0,6.0
2013,OSC,OSC,122.0,12.0
2013,OSHRC,OSHRC,0.0,0.0
2013,OSTP,OSTP,1.0,0.0
2013,PBGC,PBGC,8.0,1.0
2013,PC,FOIA Office,41.0,3.0
2013,PC,OIG,0.0,0.0
2013,PRC,PRC,0.0,0.0
2013,RATB,RATB,0.0,0.0
2013,SBA,SBA,1.0,0.0
2013,SEC,SEC,151.0,7.0
2013,SIGAR,SIGAR,1.0,0.0
2013,SSA,SSA,67.0,17.0
2013,SSS,SSS,0.0,0.0
2013,State,DoS,8665.0,272.0
2013,State,OIG,4.0,0.0
2013,STB,STB,0.0,0.0
2013,Treasury,BEP,0.0,0.0
2013,Treasury,BPD,0.0,0.0
2013,Treasury,DO,197.0,34.0
2013,Treasury,FinCEN,0.0,0.0
2013,Treasury,FMS,1.0,0.0
2013,Treasury,IRS,217.0,0.0
2013,Treasury,MINT,0.0,0.0
2013,Treasury,OCC,2.0,2.0
2013,Treasury,TIGTA,0.0,0.0
2013,Treasury,TTB,0.0,0.0
2013,TVA,TVA,10.0,0.0
2013,U.S. CPSC,U.S. CPSC,230.0,0.0
2013,U.S. DOL,ADJ BDS,0.0,0.0
2013,U.S. DOL,ALJ,1.0,0.0
2013,U.S. DOL,ASP,0.0,0.0
2013,U.S. DOL,BLS,0.0,0.0
2013,U.S. DOL,CFO,1.0,0.0
2013,U.S. DOL,EBSA,24.0,8.0
2013,U.S. DOL,ETA,11.0,14.0
2013,U.S. DOL,EXEC SEC,0.0,0.0
2013,U.S. DOL,ILAB,1.0,0.0
2013,U.S. DOL,MSHA,38.0,14.0
2013,U.S. DOL,OASAM,25.0,10.0
2013,U.S. DOL,OCIA,8.0,0.0
2013,U.S. DOL,ODEP,0.0,0.0
2013,U.S. DOL,OFCCP,23.0,6.0
2013,U.S. DOL,OIG,17.0,4.0
2013,U.S. DOL,OLMS,1.0,4.0
2013,U.S. DOL,OPA,16.0,0.0
2013,U.S. DOL,OSEC,4.0,0.0
2013,U.S. DOL,OSHA,158.0,48.0
2013,U.S. DOL,OWCP,19.0,57.0
2013,U.S. DOL,SOL,15.0,0.0
2013,U.S. DOL,VETS,7.0,6.0
2013,U.S. DOL,WB,0.0,0.0
2013,U.S. DOL,WHD,251.0,12.0
2013,US ADF,US ADF,0.0,0.0
2013,US RRB,OIG,3.0,0.0
2013,US RRB,RRB,0.0,0.0
2013,USAID,USAID,233.0,20.0
2013,USCCR,USCCR,0.0,0.0
2013,USDA,AMS,27.0,6.0
2013,USDA,APHIS,233.0,83.0
2013,USDA,ASCR,0.0,0.0
2013,USDA,FAS,1.0,0.0
2013,USDA,FNCS,3.0,8.0
2013,USDA,FS,223.0,40.0
2013,USDA,FSA,17.0,0.0
2013,USDA,FSIS,91.0,3.0
2013,USDA,GIPSA,0.0,0.0
2013,USDA,NAD,0.0,0.0
2013,USDA,NRCS,94.0,4.0
2013,USDA,OBPA,0.0,0.0
2013,USDA,OCFO,5.0,1.0
2013,USDA,OGC,12.0,1.0
2013,USDA,OIG,69.0,1.0
2013,USDA,OSEC/OCIO/DM,66.0,7.0
2013,USDA,RD,296.0,17.0
2013,USDA,REE,0.0,0.0
2013,USDA,RMA,0.0,0.0
2013,USIBWC,USIBWC,0.0,0.0
2013,USITC,USITC,0.0,0.0
2013,USNRC,USNRC,77.0,8.0
2013,USPS,PS,90.0,0.0
2013,USPS,OIG,1.0,0.0
2013,USPS,PIS,6.0,0.0
2013,USPS,PS & PIS,0.0,6.0
2013,USTDA,USTDA,2.0,0.0
2013,USTR,USTR,35.0,1.0
2013,VA,Admin,3.0,0.0
2013,VA,BVA,1.0,0.0
2013,VA,C&LA,1.0,0.0
2013,VA,CFM,68.0,0.0
2013,VA,GC,12.0,218.0
2013,VA,HRM,19.0,0.0
2013,VA,IG,2.0,0.0
2013,VA,Mgmt,5.0,0.0
2013,VA,NCA,7.0,0.0
2013,VA,OAL,4.0,0.0
2013,VA,OASHRA,5.0,0.0
2013,VA,OASP&IA,9.0,0.0
2013,VA,ODASB,4.0,0.0
2013,VA,ODASIA,29.0,0.0
2013,VA,ODI,1.0,0.0
2013,VA,OF,0.0,0.0
2013,VA,OIT,15.0,0.0
2013,VA,ORM,2.0,0.0
2013,VA,OSDBU,2.0,0.0
2013,VA,OSP,0.0,0.0
2013,VA,P&P,1.0,0.0
2013,VA,PA,4.0,0.0
2013,VA,SEC,37.0,0.0
2013,VA,VBA,519.0,0.0
2013,VA,VHA,207.0,0.0
2014,ABMC,ABMC,0.0,0.0
2014,ACUS,ACUS,0.0,0.0
2014,AFRH,AFRH,0.0,0.0
2014,BBG,BBG,7.0,0.0
2014,CEQ,CEQ,35.0,0.0
2014,CFPB,CFPB,0.0,0.0
2014,CFTC,CFTC,27.0,4.0
2014,CIA,CIA,672.0,142.0
2014,CIGIE,CIGIE,6.0,0.0
2014,CNCS,CNCS,7.0,0.0
2014,CO,CO,3.0,0.0
2014,CPPBSD,CPPBSD,0.0,0.0
2014,CSB,CSB,11.0,0.0
2014,CSOSA,CSOSA,58.0,0.0
2014,DHS,CBP,34307.0,8.0
2014,DHS,CRCL,3.0,0.0
2014,DHS,FEMA,709.0,30.0
2014,DHS,FLETC,1.0,0.0
2014,DHS,I&A,22.0,0.0
2014,DHS,ICE,56863.0,43.0
2014,DHS,NPPD,3592.0,0.0
2014,DHS,OGC,0.0,11.0
2014,DHS,OIG,48.0,17.0
2014,DHS,OPS,0.0,0.0
2014,DHS,PRIV,64.0,0.0
2014,DHS,S&T,1.0,0.0
2014,DHS,TSA,924.0,12.0
2014,DHS,USCG,1261.0,33.0
2014,DHS,USCIS,5026.0,2.0
2014,DHS,USSS,659.0,4.0
2014,DNFSB,DNFSB,2.0,1.0
2014,DOC,BIS,6.0,2.0
2014,DOC,Census,2.0,4.0
2014,DOC,EDA,2.0,0.0
2014,DOC,ESA,0.0,0.0
2014,DOC,ITA,68.0,1.0
2014,DOC,MBDA,0.0,0.0
2014,DOC,NIST,28.0,2.0
2014,DOC,NOAA,138.0,18.0
2014,DOC,NTIA,9.0,0.0
2014,DOC,NTIS,1.0,0.0
2014,DOC,OIG,3.0,4.0
2014,DOC,OS,103.0,4.0
2014,DOC,PTO,2.0,0.0
2014,DoD,AF,699.0,139.0
2014,DoD,AFRICOM,63.0,
2014,DoD,ARMY,736.0,23.0
2014,DoD,ASBCA,0.0,0.0
2014,DoD,CENTCOM,151.0,
2014,DoD,DCAA,0.0,0.0
2014,DoD,DCMA,31.0,0.0
2014,DoD,DeCA,2.0,0.0
2014,DoD,DFAS,7.0,1.0
2014,DoD,DHA,34.0,8.0
2014,DoD,DIA,723.0,79.0
2014,DoD,DISA,32.0,0.0
2014,DoD,DLA,3.0,0.0
2014,DoD,DoD IG,546.0,19.0
2014,DoD,DoDEA,0.0,
2014,DoD,DSS,1.0,0.0
2014,DoD,DTIC,0.0,
2014,DoD,DTRA,31.0,2.0
2014,DoD,EUCOM,34.0,
2014,DoD,JPRA,0.0,0.0
2014,DoD,NAVY,2183.0,3.0
2014,DoD,NGA,64.0,11.0
2014,DoD,NGB,66.0,
2014,DoD,NORTHCOM,12.0,
2014,DoD,NRO,47.0,5.0
2014,DoD,NSA,1209.0,109.0
2014,DoD,OSD/JS,1177.0,331.0
2014,DoD,PACOM,41.0,
2014,DoD,SOCOM,276.0,
2014,DoD,SOUTHCOM,173.0,
2014,DoD,STRATCOM,33.0,
2014,DoD,TRANSCOM,70.0,
2014,DOE,BPA,2.0,0.0
2014,DOE,CBFO,0.0,0.0
2014,DOE,CH,1.0,0.0
2014,DOE,EMCBC,17.0,0.0
2014,DOE,GFO,0.0,0.0
2014,DOE,HQ,119.0,5.0
2014,DOE,ID,0.0,0.0
2014,DOE,NETL,1.0,0.0
2014,DOE,NNSA,190.0,0.0
2014,DOE,NR,0.0,0.0
2014,DOE,NRLFO,0.0,0.0
2014,DOE,ORO,3.0,0.0
2014,DOE,OSTI,6.0,0.0
2014,DOE,ROO,1.0,0.0
2014,DOE,SEPA,0.0,0.0
2014,DOE,SPR,0.0,0.0
2014,DOE,SRO,0.0,0.0
2014,DOE,SWPA,1.0,0.0
2014,DOE,WAPA,0.0,0.0
2014,DOI,BIA,36.0,
2014,DOI,BLM,67.0,
2014,DOI,BOEM,8.0,
2014,DOI,BOR,5.0,
2014,DOI,BSEE,14.0,
2014,DOI,FOIA/PA Appeals,0.0,268.0
2014,DOI,FWS,192.0,
2014,DOI,NPS,112.0,
2014,DOI,OIG,16.0,
2014,DOI,OS,43.0,
2014,DOI,OSM,13.0,
2014,DOI,SOL,48.0,
2014,DOI,USGS,24.0,
2014,DOJ,Office of the AG,236.0,
2014,DOJ,Office of the DAG,163.0,
2014,DOJ,Office of the Assoc. AG,41.0,
2014,DOJ,Antitrust,53.0,
2014,DOJ,ATF,1157.0,
2014,DOJ,BOP,688.0,
2014,DOJ,Civil,24.0,
2014,DOJ,Civil Rights,141.0,
2014,DOJ,COPS,0.0,
2014,DOJ,Criminal,145.0,
2014,DOJ,CRS,1.0,
2014,DOJ,DEA,216.0,
2014,DOJ,ENRD,2.0,
2014,DOJ,EOIR,983.0,
2014,DOJ,EOUSA,1783.0,
2014,DOJ,EOUST,1.0,
2014,DOJ,FBI,2656.0,
2014,DOJ,FCSC,1.0,
2014,DOJ,JMD,19.0,
2014,DOJ,NSD,92.0,
2014,DOJ,OCDETF,2.0,
2014,DOJ,OIG,46.0,
2014,DOJ,OIP,42.0,292.0
2014,DOJ,OJP,57.0,
2014,DOJ,OLA,72.0,
2014,DOJ,OLC,35.0,
2014,DOJ,OLP,6.0,
2014,DOJ,OPR,10.0,
2014,DOJ,OSG,19.0,
2014,DOJ,OVW,0.0,
2014,DOJ,Pardon Attorney,8.0,
2014,DOJ,Public Affairs,33.0,
2014,DOJ,PRAO,1.0,
2014,DOJ,TAX,6.0,
2014,DOJ,USMS,167.0,
2014,DOJ,USNCB,0.0,
2014,DOJ,USPC,32.0,0.0
2014,DOT,FAA,645.0,21.0
2014,DOT,FHWA,6.0,2.0
2014,DOT,FMCSA,597.0,1.0
2014,DOT,FRA,93.0,0.0
2014,DOT,FTA,5.0,1.0
2014,DOT,MARAD,31.0,1.0
2014,DOT,NHTSA,58.0,0.0
2014,DOT,OIG,21.0,1.0
2014,DOT,OST,95.0,1.0
2014,DOT,PHMSA,73.0,0.0
2014,DOT,RITA,0.0,0.0
2014,DOT,SLSDC,0.0,0.0
2014,ED,OCTAE,0.0,
2014,ED,OSHS,0.0,
2014,ED,OCTAE,,0.0
2014,ED,OSHS,,1.0
2014,ED,FSA,12.0,12.0
2014,ED,IES,3.0,1.0
2014,ED,IES-NAGB,0.0,0.0
2014,ED,M,49.0,7.0
2014,ED,OCFO,0.0,0.0
2014,ED,OCFO-CAM,7.0,1.0
2014,ED,OCIO,0.0,1.0
2014,ED,OCO,2.0,0.0
2014,ED,OCR,15.0,6.0
2014,ED,OCR-1 Boston,3.0,2.0
2014,ED,OCR-2 New York,61.0,4.0
2014,ED,OCR-3 Philadelphia,2.0,2.0
2014,ED,OCR-4 Atlanta,13.0,2.0
2014,ED,OCR-5 Chicago,1.0,5.0
2014,ED,OCR-6 Dallas,3.0,2.0
2014,ED,OCR-7 Kansas City,14.0,0.0
2014,ED,OCR-8 Denver,0.0,0.0
2014,ED,OCR-9 San Francisco,1.0,3.0
2014,ED,OCR-10 Seattle,0.0,4.0
2014,ED,OCR-12 Cleveland,4.0,3.0
2014,ED,OCR-Metro D.C.,35.0,4.0
2014,ED,ODS,5.0,0.0
2014,ED,OESE,1.0,0.0
2014,ED,OGC,0.0,1.0
2014,ED,OIG,2.0,2.0
2014,ED,OII,0.0,1.0
2014,ED,OLCA,0.0,0.0
2014,ED,OM,4.0,0.0
2014,ED,OM-PIRMS,9.0,12.0
2014,ED,OPE,9.0,1.0
2014,ED,OPEPD,3.0,0.0
2014,ED,OS,23.0,0.0
2014,ED,OSERS,1.0,1.0
2014,ED,OUS,1.0,0.0
2014,EEOC,ATLANTA,2.0,0.0
2014,EEOC,BIRMINGHAM,0.0,0.0
2014,EEOC,CHARLOTTE,1.0,0.0
2014,EEOC,CHICAGO,5.0,0.0
2014,EEOC,DALLAS,51.0,0.0
2014,EEOC,HOUSTON,8.0,0.0
2014,EEOC,INDIANAPOLIS,0.0,0.0
2014,EEOC,LOS ANGELES,0.0,0.0
2014,EEOC,MEMPHIS,0.0,0.0
2014,EEOC,MIAMI,7.0,0.0
2014,EEOC,NEW YORK,7.0,0.0
2014,EEOC,OLC/HDQ,12.0,3.0
2014,EEOC,PHILADELPHIA,19.0,0.0
2014,EEOC,PHOENIX,13.0,0.0
2014,EEOC,SAN FRANCISCO,70.0,0.0
2014,EEOC,ST. LOUIS,0.0,0.0
2014,EEOC,WFO,0.0,0.0
2014,EPA,HQ,828.0,188.0
2014,EPA,Region 1,4.0,0.0
2014,EPA,Region 2,192.0,0.0
2014,EPA,Region 3,419.0,0.0
2014,EPA,Region 4,36.0,0.0
2014,EPA,Region 5,24.0,0.0
2014,EPA,Region 6,33.0,0.0
2014,EPA,Region 7,5.0,0.0
2014,EPA,Region 8,32.0,0.0
2014,EPA,Region 9,5.0,0.0
2014,EPA,Region 10,110.0,0.0
2014,Ex-Im Bank,OIG,0.0,0.0
2014,Ex-Im Bank,HQ,31.0,1.0
2014,FCA,FCA,0.0,0.0
2014,FCC,FCC,28.0,5.0
2014,FCSIC,FCSIC,0.0,0.0
2014,FDIC,FDIC,0.0,0.0
2014,FEC,FEC,30.0,4.0
2014,FERC,FERC,7.0,0.0
2014,FFIEC,FFIEC,0.0,0.0
2014,FHFA,FHFA-HQ,5.0,0.0
2014,FHFA,FHFA-OIG,2.0,0.0
2014,FLRA,FSIP,0.0,0.0
2014,FLRA,Authority,0.0,0.0
2014,FLRA,IG,0.0,0.0
2014,FLRA,OGC,0.0,0.0
2014,FLRA,ATRO,0.0,0.0
2014,FLRA,BORO,0.0,0.0
2014,FLRA,CHRO,0.0,0.0
2014,FLRA,DARO,0.0,0.0
2014,FLRA,DERO,0.0,0.0
2014,FLRA,SFRO,0.0,0.0
2014,FLRA,WARO,0.0,0.0
2014,FMC,FMC,14.0,0.0
2014,FMCS,FMCS,2.0,0.0
2014,FMSHRC,FMSHRC,0.0,0.0
2014,FOMC,FOMC,8.0,0.0
2014,FRB,FRB,10.0,0.0
2014,FRTIB,FRTIB,1.0,0.0
2014,FTC,FTC,7.0,2.0
2014,GSA,GSA,84.0,2.0
2014,HHS,ACF,721.0,0.0
2014,HHS,CMS,2714.0,239.0
2014,HHS,OIG,16.0,0.0
2014,HHS,CDC,598.0,0.0
2014,HHS,FDA,2617.0,0.0
2014,HHS,HRSA,64.0,0.0
2014,HHS,IHS,17.0,0.0
2014,HHS,NIH,28.0,0.0
2014,HHS,SAMHSA,45.0,0.0
2014,HHS,OS,281.0,169.0
2014,HHS,OASH,92.0,0.0
2014,HHS,ACL,2.0,0.0
2014,HUD,HQ,219.0,6.0
2014,HUD,OIG,0.0,2.0
2014,HUD,R01,0.0,0.0
2014,HUD,R02,1.0,0.0
2014,HUD,R03,2.0,0.0
2014,HUD,R04,0.0,1.0
2014,HUD,R05,4.0,0.0
2014,HUD,R06,1.0,0.0
2014,HUD,R07,0.0,0.0
2014,HUD,R08,0.0,0.0
2014,HUD,R09,10.0,2.0
2014,HUD,R0X,0.0,0.0
2014,IAF,IAF,0.0,0.0
2014,IMLS,IMLS,0.0,0.0
2014,LSC,OLA,0.0,0.0
2014,LSC,OIG,0.0,0.0
2014,MCC,MCC,23.0,0.0
2014,MSPB,MSPB,10.0,1.0
2014,NARA,NARA,9361.0,28.0
2014,NASA,AFRC,0.0,0.0
2014,NASA,ARC,4.0,0.0
2014,NASA,GRC,0.0,0.0
2014,NASA,GSFC,1.0,0.0
2014,NASA,HQ,0.0,0.0
2014,NASA,JPL,0.0,0.0
2014,NASA,JSC,1.0,0.0
2014,NASA,KSC,5.0,0.0
2014,NASA,LaRC,0.0,0.0
2014,NASA,MSFC,0.0,0.0
2014,NASA,NSSC,0.0,0.0
2014,NASA,OGC,0.0,0.0
2014,NASA,OIG,0.0,0.0
2014,NASA,SSC,0.0,0.0
2014,NCPC,NCPC,0.0,0.0
2014,NCUA,NCUA,0.0,0.0
2014,NEA,NEA,3.0,0.0
2014,NEH,NEH,0.0,0.0
2014,NIGC,NIGC,8.0,0.0
2014,NLRB,NLRB,5.0,0.0
2014,NRPC,NRPC,10.0,5.0
2014,NSF,OGC,150.0,1.0
2014,NSF,OIG,0.0,0.0
2014,NTSB,NTSB,288.0,2.0
2014,ODNI,ODNI,210.0,26.0
2014,OGE,OGE,1.0,0.0
2014,OMB,OMB,27.0,0.0
2014,ONDCP,ONDCP,7.0,0.0
2014,ONHIR,ONHIR,0.0,0.0
2014,OPIC,OPIC,2.0,0.0
2014,OPM,OPM,66.0,2.0
2014,OSC,OSC,195.0,10.0
2014,OSHRC,OSHRC,0.0,0.0
2014,OSTP,OSTP,2.0,0.0
2014,PBGC,PBGC,0.0,0.0
2014,PC,FOIA Office,132.0,1.0
2014,PC,OIG,0.0,0.0
2014,PCLOB,PCLOB,1.0,2.0
2014,PRC,PRC,0.0,0.0
2014,RATB,RATB,0.0,0.0
2014,SBA,SBA,0.0,0.0
2014,SEC,SEC,149.0,23.0
2014,SIGAR,SIGAR,2.0,0.0
2014,SSA,SSA,84.0,30.0
2014,SSS,SSS,0.0,0.0
2014,State,DoS,10041.0,227.0
2014,State,OIG,4.0,8.0
2014,STB,STB,0.0,0.0
2014,Treasury,BEP,6.0,0.0
2014,Treasury,DO,267.0,63.0
2014,Treasury,FinCEN,1.0,3.0
2014,Treasury,IRS,317.0,4.0
2014,Treasury,MINT,0.0,0.0
2014,Treasury,OCC,5.0,2.0
2014,Treasury,TIGTA,2.0,0.0
2014,Treasury,TTB,1.0,0.0
2014,Treasury,Fiscal Service,2.0,0.0
2014,TVA,TVA,9.0,0.0
2014,U.S. CPSC,U.S. CPSC,214.0,0.0
2014,U.S. DOL,ADJ BDS,0.0,0.0
2014,U.S. DOL,ALJ,3.0,0.0
2014,U.S. DOL,ASP,3.0,0.0
2014,U.S. DOL,BLS,0.0,1.0
2014,U.S. DOL,CFO,0.0,0.0
2014,U.S. DOL,EBSA,32.0,10.0
2014,U.S. DOL,ETA,5.0,39.0
2014,U.S. DOL,EXEC SEC,0.0,0.0
2014,U.S. DOL,ILAB,0.0,0.0
2014,U.S. DOL,MSHA,59.0,20.0
2014,U.S. DOL,OASAM,23.0,13.0
2014,U.S. DOL,OCIA,3.0,0.0
2014,U.S. DOL,ODEP,0.0,0.0
2014,U.S. DOL,OFCCP,14.0,8.0
2014,U.S. DOL,OIG,15.0,1.0
2014,U.S. DOL,OLMS,6.0,3.0
2014,U.S. DOL,OPA,4.0,0.0
2014,U.S. DOL,OSEC,5.0,0.0
2014,U.S. DOL,OSHA,109.0,112.0
2014,U.S. DOL,OWCP,7.0,84.0
2014,U.S. DOL,SOL,10.0,2.0
2014,U.S. DOL,VETS,0.0,2.0
2014,U.S. DOL,WB,1.0,0.0
2014,U.S. DOL,WHD,262.0,21.0
2014,US ADF,US ADF,0.0,0.0
2014,US RRB,OIG,9.0,0.0
2014,US RRB,RRB,0.0,0.0
2014,USAID,USAID,265.0,18.0
2014,USCCR,USCCR,0.0,0.0
2014,USDA,AMS,26.0,9.0
2014,USDA,APHIS,425.0,91.0
2014,USDA,ASCR,2.0,0.0
2014,USDA,FAS,0.0,0.0
2014,USDA,FNCS,16.0,42.0
2014,USDA,FS,260.0,59.0
2014,USDA,FSA,30.0,6.0
2014,USDA,FSIS,133.0,3.0
2014,USDA,GIPSA,0.0,2.0
2014,USDA,NAD,8.0,0.0
2014,USDA,NRCS,13.0,1.0
2014,USDA,OBPA,0.0,0.0
2014,USDA,OCFO,10.0,1.0
2014,USDA,OGC,15.0,1.0
2014,USDA,OIG,88.0,0.0
2014,USDA,OSEC/OCIO/DM,20.0,5.0
2014,USDA,RD,258.0,16.0
2014,USDA,REE,0.0,0.0
2014,USDA,RMA,10.0,32.0
2014,USIBWC,USIBWC,3.0,0.0
2014,USITC,USITC,0.0,0.0
2014,USNRC,USNRC,21.0,2.0
2014,USPS,PS,144.0,0.0
2014,USPS,OIG,2.0,0.0
2014,USPS,PIS,12.0,0.0
2014,USPS,PS & PIS,0.0,22.0
2014,USTDA,USTDA,6.0,0.0
2014,USTR,USTR,23.0,0.0
2014,VA,Admin,6.0,0.0
2014,VA,BVA,2.0,0.0
2014,VA,C&LA,3.0,0.0
2014,VA,CFM,68.0,0.0
2014,VA,GC,15.0,268.0
2014,VA,HRM,6.0,0.0
2014,VA,IG,6.0,0.0
2014,VA,Mgmt,3.0,0.0
2014,VA,NCA,27.0,0.0
2014,VA,OAL,18.0,0.0
2014,VA,OASHRA,10.0,0.0
2014,VA,OASP&IA,16.0,0.0
2014,VA,ODASB,0.0,0.0
2014,VA,ODASIA,2.0,0.0
2014,VA,ODI,1.0,0.0
2014,VA,OF,0.0,0.0
2014,VA,OIT,27.0,0.0
2014,VA,ORM,0.0,0.0
2014,VA,OSDBU,2.0,0.0
2014,VA,OSP,0.0,0.0
2014,VA,P&P,1.0,0.0
2014,VA,PA,8.0,0.0
2014,VA,SEC,18.0,0.0
2014,VA,VBA,380.0,0.0
2014,VA,VHA,724.0,0.0
2015,ABMC,ABMC,0.0,0.0
2015,ACUS,ACUS,0.0,0.0
2015,AFRH,AFRH,0.0,0.0
2015,BBG,BBG,4.0,0.0
2015,CEQ,CEQ,56.0,0.0
2015,CFPB,CFPB,0.0,0.0
2015,CFTC,CFTC,53.0,1.0
2015,CIA,CIA,1115.0,139.0
2015,CIGIE,CIGIE,6.0,0.0
2015,CNCS,CNCS,0.0,0.0
2015,CO,CO,1.0,0.0
2015,CPPBSD,CPPBSD,1.0,0.0
2015,CSB,CSB,21.0,0.0
2015,CSOSA,CSOSA,21.0,0.0
2015,DHS,CBP,9280.0,15.0
2015,DHS,CRCL,14.0,0.0
2015,DHS,FEMA,760.0,33.0
2015,DHS,FLETC,22.0,0.0
2015,DHS,I&A,32.0,0.0
2015,DHS,ICE,555.0,83.0
2015,DHS,NPPD,4749.0,0.0
2015,DHS,OGC,0.0,32.0
2015,DHS,OIG,91.0,2.0
2015,DHS,PRIV,52.0,0.0
2015,DHS,S&T,1.0,0.0
2015,DHS,TSA,876.0,3.0
2015,DHS,USCG,1904.0,20.0
2015,DHS,USCIS,16247.0,0.0
2015,DHS,USSS,791.0,2.0
2015,DNFSB,DNFSB,1.0,0.0
2015,DOC,BIS,8.0,0.0
2015,DOC,Census,2.0,0.0
2015,DOC,EDA,5.0,0.0
2015,DOC,ESA,0.0,0.0
2015,DOC,ITA,135.0,0.0
2015,DOC,MBDA,1.0,0.0
2015,DOC,NIST,28.0,0.0
2015,DOC,NOAA,70.0,0.0
2015,DOC,NTIA,13.0,0.0
2015,DOC,NTIS,5.0,0.0
2015,DOC,OIG,2.0,0.0
2015,DOC,OS,72.0,0.0
2015,DOC,PTO,2.0,3.0
2015,DOC,AGC/Admin,0.0,56.0
2015,DoD,AF,593.0,93.0
2015,DoD,AFRICOM,130.0,
2015,DoD,ARMY,1122.0,114.0
2015,DoD,ASBCA,0.0,0.0
2015,DoD,CENTCOM,215.0,
2015,DoD,DCAA,0.0,0.0
2015,DoD,DCMA,44.0,5.0
2015,DoD,DeCA,0.0,0.0
2015,DoD,DFAS,15.0,0.0
2015,DoD,DHA,41.0,0.0
2015,DoD,DIA,855.0,73.0
2015,DoD,DISA,55.0,2.0
2015,DoD,DLA,4.0,2.0
2015,DoD,DoD IG,645.0,7.0
2015,DoD,DoDEA,1.0,0.0
2015,DoD,DSS,0.0,0.0
2015,DoD,DTIC,0.0,
2015,DoD,DTRA,44.0,2.0
2015,DoD,EUCOM,11.0,
2015,DoD,JPRA,0.0,
2015,DoD,NAVY,2101.0,8.0
2015,DoD,NGA,61.0,9.0
2015,DoD,NGB,76.0,
2015,DoD,NORTHCOM,33.0,
2015,DoD,NRO,39.0,1.0
2015,DoD,NSA,1495.0,179.0
2015,DoD,OSD/JS,1359.0,302.0
2015,DoD,PACOM,4.0,
2015,DoD,SOCOM,312.0,
2015,DoD,SOUTHCOM,186.0,
2015,DoD,STRATCOM,13.0,
2015,DoD,TRANSCOM,39.0,
2015,DOE,BPA,0.0,0.0
2015,DOE,CBFO,7.0,0.0
2015,DOE,CH,0.0,0.0
2015,DOE,EMCBC,12.0,0.0
2015,DOE,GFO,0.0,0.0
2015,DOE,HQ,91.0,9.0
2015,DOE,ID,1.0,0.0
2015,DOE,NETL,2.0,0.0
2015,DOE,NNSA,162.0,0.0
2015,DOE,NR,0.0,0.0
2015,DOE,NRLFO,0.0,0.0
2015,DOE,ORO,2.0,0.0
2015,DOE,OSTI,4.0,0.0
2015,DOE,ROO,0.0,0.0
2015,DOE,SEPA,0.0,0.0
2015,DOE,SPR,0.0,0.0
2015,DOE,SRO,0.0,0.0
2015,DOE,SWPA,0.0,0.0
2015,DOE,WAPA,0.0,0.0
2015,DOI,BIA,54.0,
2015,DOI,BLM,120.0,
2015,DOI,BOEM,19.0,
2015,DOI,BOR,6.0,
2015,DOI,BSEE,19.0,
2015,DOI,FOIA/PA Appeals,0.0,233.0
2015,DOI,FWS,151.0,
2015,DOI,NPS,91.0,
2015,DOI,OIG,14.0,
2015,DOI,OS,39.0,
2015,DOI,OSM,10.0,
2015,DOI,SOL,30.0,
2015,DOI,USGS,18.0,
2015,DOJ,Office of the AG,321.0,
2015,DOJ,Office of the DAG,228.0,
2015,DOJ,Office of the Assoc. AG,51.0,
2015,DOJ,Antitrust,40.0,
2015,DOJ,ATF,1610.0,
2015,DOJ,BOP,624.0,
2015,DOJ,Civil,22.0,
2015,DOJ,Civil Rights,180.0,
2015,DOJ,COPS,0.0,
2015,DOJ,Criminal,130.0,
2015,DOJ,CRS,1.0,
2015,DOJ,DEA,244.0,
2015,DOJ,ENRD,5.0,
2015,DOJ,EOIR,768.0,
2015,DOJ,EOUSA,1876.0,
2015,DOJ,EOUST,1.0,
2015,DOJ,FBI,2614.0,
2015,DOJ,FCSC,0.0,
2015,DOJ,JMD,50.0,
2015,DOJ,NSD,110.0,
2015,DOJ,OCDETF,2.0,
2015,DOJ,OIG,32.0,
2015,DOJ,OIP,54.0,270.0
2015,DOJ,OJP,99.0,
2015,DOJ,OLA,114.0,
2015,DOJ,OLC,49.0,
2015,DOJ,OLP,12.0,
2015,DOJ,OPR,4.0,
2015,DOJ,OSG,32.0,
2015,DOJ,OVW,3.0,
2015,DOJ,Pardon Attorney,28.0,
2015,DOJ,Public Affairs,47.0,
2015,DOJ,PRAO,0.0,
2015,DOJ,TAX,5.0,
2015,DOJ,USMS,370.0,
2015,DOJ,USNCB,3.0,
2015,DOJ,USPC,15.0,2.0
2015,DOT,FAA,761.0,8.0
2015,DOT,FHWA,0.0,0.0
2015,DOT,FMCSA,584.0,1.0
2015,DOT,FRA,240.0,6.0
2015,DOT,FTA,3.0,4.0
2015,DOT,MARAD,14.0,1.0
2015,DOT,NHTSA,73.0,1.0
2015,DOT,OIG,13.0,1.0
2015,DOT,OST,78.0,0.0
2015,DOT,PHMSA,99.0,0.0
2015,DOT,RITA,0.0,0.0
2015,DOT,SLSDC,0.0,0.0
2015,ED,OCTAE,0.0,
2015,ED,OSHS,0.0,
2015,ED,OM-OCPO,20.0,
2015,ED,OCTAE,,0.0
2015,ED,OSHS,,0.0
2015,ED,OM-OCPO,,14.0
2015,ED,FSA,38.0,8.0
2015,ED,IES,0.0,3.0
2015,ED,IES-NAGB,0.0,0.0
2015,ED,M,38.0,9.0
2015,ED,OCFO,0.0,0.0
2015,ED,OCFO-CAM,1.0,1.0
2015,ED,OCIO,0.0,0.0
2015,ED,OCO,0.0,0.0
2015,ED,OCR,15.0,1.0
2015,ED,OCR-1 Boston,14.0,0.0
2015,ED,OCR-2 New York,30.0,3.0
2015,ED,OCR-3 Philadelphia,2.0,2.0
2015,ED,OCR-4 Atlanta,17.0,1.0
2015,ED,OCR-5 Chicago,0.0,4.0
2015,ED,OCR-6 Dallas,5.0,1.0
2015,ED,OCR-7 Kansas City,10.0,2.0
2015,ED,OCR-8 Denver,2.0,0.0
2015,ED,OCR-9 San Francisco,0.0,3.0
2015,ED,OCR-10 Seattle,0.0,0.0
2015,ED,OCR-12 Cleveland,5.0,0.0
2015,ED,OCR-Metro D.C.,6.0,1.0
2015,ED,ODS,0.0,1.0
2015,ED,OESE,0.0,1.0
2015,ED,OGC,4.0,9.0
2015,ED,OIG,1.0,2.0
2015,ED,OII,2.0,1.0
2015,ED,OLCA,0.0,0.0
2015,ED,OM,4.0,0.0
2015,ED,OPE,6.0,1.0
2015,ED,OPEPD,3.0,0.0
2015,ED,OS,38.0,0.0
2015,ED,OSERS,3.0,1.0
2015,ED,OUS,1.0,0.0
2015,EEOC,ATLANTA,0.0,0.0
2015,EEOC,BIRMINGHAM,26.0,0.0
2015,EEOC,CHARLOTTE,3.0,0.0
2015,EEOC,CHICAGO,1.0,0.0
2015,EEOC,DALLAS,112.0,0.0
2015,EEOC,HOUSTON,81.0,0.0
2015,EEOC,INDIANAPOLIS,0.0,0.0
2015,EEOC,LOS ANGELES,0.0,0.0
2015,EEOC,MEMPHIS,1.0,0.0
2015,EEOC,MIAMI,21.0,0.0
2015,EEOC,NEW YORK,22.0,0.0
2015,EEOC,OLC/HDQ,10.0,3.0
2015,EEOC,PHILADELPHIA,136.0,0.0
2015,EEOC,PHOENIX,32.0,0.0
2015,EEOC,SAN FRANCISCO,3.0,0.0
2015,EEOC,ST. LOUIS,3.0,0.0
2015,EEOC,WFO,0.0,0.0
2015,EPA,HQ,834.0,174.0
2015,EPA,Region 1,3.0,0.0
2015,EPA,Region 2,204.0,0.0
2015,EPA,Region 3,107.0,0.0
2015,EPA,Region 4,65.0,0.0
2015,EPA,Region 5,16.0,0.0
2015,EPA,Region 6,26.0,0.0
2015,EPA,Region 7,4.0,0.0
2015,EPA,Region 8,31.0,0.0
2015,EPA,Region 9,14.0,0.0
2015,EPA,Region 10,51.0,0.0
2015,Ex-Im Bank,OIG,0.0,0.0
2015,Ex-Im Bank,HQ,33.0,0.0
2015,FCA,FCA,0.0,0.0
2015,FCC,FCC,25.0,9.0
2015,FCSIC,FCSIC,0.0,0.0
2015,FDIC,FDIC,13.0,0.0
2015,FEC,FEC,37.0,4.0
2015,FERC,FERC,11.0,0.0
2015,FFIEC,FFIEC,0.0,0.0
2015,FHFA,FHFA-HQ,5.0,0.0
2015,FHFA,FHFA-OIG,7.0,0.0
2015,FLRA,FSIP,0.0,0.0
2015,FLRA,Authority,0.0,0.0
2015,FLRA,IG,0.0,0.0
2015,FLRA,OGC,0.0,0.0
2015,FLRA,ATRO,0.0,0.0
2015,FLRA,BORO,0.0,0.0
2015,FLRA,CHRO,0.0,0.0
2015,FLRA,DARO,0.0,0.0
2015,FLRA,DERO,0.0,0.0
2015,FLRA,SFRO,0.0,0.0
2015,FLRA,WARO,0.0,0.0
2015,FMC,FMC,10.0,0.0
2015,FMCS,FMCS,2.0,0.0
2015,FMSHRC,FMSHRC,0.0,0.0
2015,FOMC,FOMC,1.0,0.0
2015,FRB,FRB,14.0,1.0
2015,FRTIB,FRTIB,2.0,0.0
2015,FTC,FTC,8.0,0.0
2015,GSA,GSA,49.0,1.0
2015,HHS,ACF,514.0,0.0
2015,HHS,CMS,1801.0,264.0
2015,HHS,OIG,3.0,0.0
2015,HHS,CDC,673.0,0.0
2015,HHS,FDA,2337.0,0.0
2015,HHS,HRSA,36.0,0.0
2015,HHS,IHS,36.0,0.0
2015,HHS,NIH,24.0,0.0
2015,HHS,SAMHSA,41.0,0.0
2015,HHS,OS,245.0,173.0
2015,HHS,OASH,35.0,0.0
2015,HHS,ACL,0.0,0.0
2015,HUD,HQ,222.0,6.0
2015,HUD,OIG,0.0,0.0
2015,HUD,R01,0.0,0.0
2015,HUD,R02,2.0,0.0
2015,HUD,R03,1.0,0.0
2015,HUD,R04,11.0,0.0
2015,HUD,R05,5.0,0.0
2015,HUD,R06,0.0,0.0
2015,HUD,R07,3.0,0.0
2015,HUD,R08,0.0,0.0
2015,HUD,R09,11.0,0.0
2015,HUD,R0X,1.0,0.0
2015,IAF,IAF,0.0,0.0
2015,IMLS,IMLS,0.0,0.0
2015,LSC,OLA,3.0,0.0
2015,LSC,OIG,0.0,0.0
2015,MCC,MCC,0.0,0.0
2015,MSPB,MSPB,44.0,0.0
2015,NARA,NARA,8325.0,105.0
2015,NASA,AFRC,0.0,0.0
2015,NASA,ARC,0.0,0.0
2015,NASA,GRC,0.0,0.0
2015,NASA,GSFC,0.0,0.0
2015,NASA,HQ,0.0,0.0
2015,NASA,JPL,0.0,0.0
2015,NASA,JSC,6.0,0.0
2015,NASA,KSC,1.0,0.0
2015,NASA,LaRC,1.0,0.0
2015,NASA,MSFC,0.0,0.0
2015,NASA,NSSC,0.0,0.0
2015,NASA,OGC,0.0,2.0
2015,NASA,OIG,2.0,0.0
2015,NASA,SSC,0.0,0.0
2015,NCPC,NCPC,0.0,0.0
2015,NCUA,NCUA,0.0,0.0
2015,NEA,NEA,1.0,0.0
2015,NEH,NEH,0.0,0.0
2015,NIGC,NIGC,17.0,0.0
2015,NLRB,NLRB,266.0,1.0
2015,NMB,NMB,0.0,0.0
2015,NRPC,NRPC,33.0,4.0
2015,NSF,OGC,166.0,0.0
2015,NSF,OIG,0.0,0.0
2015,NTSB,NTSB,679.0,4.0
2015,ODNI,ODNI,272.0,22.0
2015,OGE,OGE,1.0,0.0
2015,OMB,OMB,42.0,5.0
2015,ONDCP,ONDCP,1.0,0.0
2015,ONHIR,ONHIR,0.0,0.0
2015,OPIC,OPIC,5.0,0.0
2015,OPM,OPM,77.0,17.0
2015,OSC,OSC,222.0,7.0
2015,OSHRC,OSHRC,0.0,0.0
2015,OSTP,OSTP,7.0,0.0
2015,PBGC,PBGC,0.0,0.0
2015,PC,FOIA Office,130.0,0.0
2015,PC,OIG,0.0,0.0
2015,PCLOB,PCLOB,0.0,0.0
2015,PRC,PRC,0.0,0.0
2015,SBA,SBA,7.0,1.0
2015,SEC,SEC,432.0,7.0
2015,SIGAR,SIGAR,1.0,0.0
2015,SSA,SSA,146.0,32.0
2015,SSS,SSS,0.0,0.0
2015,State,DoS,20622.0,367.0
2015,State,OIG,4.0,9.0
2015,STB,STB,0.0,0.0
2015,Treasury,BEP,4.0,0.0
2015,Treasury,DO,396.0,91.0
2015,Treasury,FinCEN,8.0,1.0
2015,Treasury,IRS,348.0,0.0
2015,Treasury,MINT,0.0,0.0
2015,Treasury,OCC,8.0,1.0
2015,Treasury,TIGTA,0.0,2.0
2015,Treasury,TTB,0.0,4.0
2015,Treasury,Fiscal Service,3.0,2.0
2015,TVA,TVA,11.0,0.0
2015,U.S. CPSC,U.S. CPSC,188.0,0.0
2015,U.S. DOL,ADJ BDS,0.0,0.0
2015,U.S. DOL,ALJ,3.0,0.0
2015,U.S. DOL,ASP,2.0,0.0
2015,U.S. DOL,BLS,1.0,0.0
2015,U.S. DOL,CFO,1.0,0.0
2015,U.S. DOL,EBSA,41.0,9.0
2015,U.S. DOL,ETA,9.0,53.0
2015,U.S. DOL,EXEC SEC,0.0,0.0
2015,U.S. DOL,ILAB,1.0,0.0
2015,U.S. DOL,MSHA,42.0,23.0
2015,U.S. DOL,OASAM,27.0,8.0
2015,U.S. DOL,OCIA,19.0,0.0
2015,U.S. DOL,ODEP,1.0,0.0
2015,U.S. DOL,OFCCP,18.0,7.0
2015,U.S. DOL,OIG,39.0,0.0
2015,U.S. DOL,OLMS,6.0,7.0
2015,U.S. DOL,OPA,4.0,0.0
2015,U.S. DOL,OSEC,7.0,0.0
2015,U.S. DOL,OSHA,97.0,176.0
2015,U.S. DOL,OWCP,8.0,79.0
2015,U.S. DOL,SOL,7.0,4.0
2015,U.S. DOL,VETS,0.0,11.0
2015,U.S. DOL,WB,1.0,0.0
2015,U.S. DOL,WHD,259.0,28.0
2015,US ADF,US ADF,0.0,0.0
2015,US RRB,OIG,10.0,0.0
2015,US RRB,RRB,0.0,0.0
2015,USAB,USAB,0.0,0.0
2015,USAID,USAID,301.0,6.0
2015,USCCR,USCCR,0.0,0.0
2015,USDA,AMS,19.0,13.0
2015,USDA,APHIS,436.0,87.0
2015,USDA,ASCR,0.0,1.0
2015,USDA,FAS,7.0,1.0
2015,USDA,FNCS,30.0,160.0
2015,USDA,FS,280.0,76.0
2015,USDA,FSA,29.0,1.0
2015,USDA,FSIS,109.0,4.0
2015,USDA,GIPSA,1.0,0.0
2015,USDA,NAD,10.0,0.0
2015,USDA,NRCS,46.0,3.0
2015,USDA,OBPA,0.0,0.0
2015,USDA,OCFO,15.0,0.0
2015,USDA,OGC,20.0,1.0
2015,USDA,OIG,97.0,0.0
2015,USDA,OSEC/OCIO/DM,16.0,7.0
2015,USDA,RD,23.0,5.0
2015,USDA,REE,0.0,0.0
2015,USDA,RMA,10.0,33.0
2015,USIBWC,USIBWC,0.0,0.0
2015,USITC,USITC,0.0,0.0
2015,USNRC,USNRC,8.0,0.0
2015,USPS,PS,51.0,
2015,USPS,OIG,2.0,0.0
2015,USPS,PIS,29.0,
2015,USPS,PS & PIS,0.0,14.0
2015,USTDA,USTDA,21.0,0.0
2015,USTR,USTR,15.0,0.0
2015,VA,Admin,2.0,0.0
2015,VA,BVA,0.0,0.0
2015,VA,C&LA,14.0,0.0
2015,VA,CFM,18.0,0.0
2015,VA,GC,29.0,270.0
2015,VA,HRM,20.0,0.0
2015,VA,IG,0.0,0.0
2015,VA,Mgmt,6.0,0.0
2015,VA,NCA,34.0,0.0
2015,VA,OAL,20.0,0.0
2015,VA,OASHRA,12.0,0.0
2015,VA,OASP&IA,20.0,0.0
2015,VA,ODASB,0.0,0.0
2015,VA,ODASIA,20.0,0.0
2015,VA,ODI,2.0,0.0
2015,VA,OIT,6.0,0.0
2015,VA,ORM,1.0,0.0
2015,VA,OSDBU,0.0,0.0
2015,VA,OSP,0.0,0.0
2015,VA,P&P,2.0,0.0
2015,VA,PA,3.0,0.0
2015,VA,SEC,14.0,0.0
2015,VA,VBA,379.0,0.0
2015,VA,VHA,330.0,0.0
