Year,Agency,Component,Number of Appeals Pending as of Start of Fiscal Year,Number of Appeals Received in Fiscal Year,Number of Appeals Processed in Fiscal Year,Number of Appeals Pending as of End of Fiscal Year
2008,CEQ,CEQ,0,3,3,0
2008,CFTC,CFTC,0,5,4,1
2008,CO,CO,1,0,1,0
2008,CPPBSD,CPPBSD,0,1,1,0
2008,CSB,CSB,0,0,0,0
2008,DHS,CBP,196,132,209,119
2008,DHS,FLETC,0,4,4,0
2008,DHS,OGC,186,214,75,325
2008,DHS,TSA,15,25,34,6
2008,DHS,USCG,22,33,22,33
2008,DHS,USCIS,2950,1180,2146,1984
2008,DHS,USSS,24,104,100,28
2008,DNFSB,OGC,0,0,0,0
2008,DNFSB,OGM,0,0,0,0
2008,DOC,PTO,0,17,17,0
2008,DOC,AGC/Admin.,80,53,46,87
2008,DoD,AF,48,63,96,15
2008,DoD,ARMY,98,123,156,65
2008,DoD,ASBCA,0,0,0,0
2008,DoD,CENTCOM,0,0,0,0
2008,DoD,DCAA,0,0,0,0
2008,DoD,DCMA,0,0,0,0
2008,DoD,DeCA,0,0,0,0
2008,DoD,DFAS,0,2,2,0
2008,DoD,DIA,164,47,20,191
2008,DoD,DISA,0,2,2,0
2008,DoD,DLA,2,20,16,6
2008,DoD,DoDEA,0,0,0,0
2008,DoD,DoDIG,1,19,13,7
2008,DoD,DSS,0,0,0,0
2008,DoD,DTIC,0,0,0,0
2008,DoD,DTRA,1,1,2,0
2008,DoD,EUCOM,0,0,0,0
2008,DoD,JFCOM,0,0,0,0
2008,DoD,NAVY,2,398,355,45
2008,DoD,NGA,9,1,3,7
2008,DoD,NORTHCOM,0,0,0,0
2008,DoD,NRO,3,3,2,4
2008,DoD,NSA,8,50,50,8
2008,DoD,OSD/JS,349,135,145,339
2008,DoD,PACOM,0,0,0,0
2008,DoD,SOCOM,0,0,0,0
2008,DoD,SOUTHCOM,0,0,0,0
2008,DoD,STRATCOM,0,0,0,0
2008,DoD,TRANSCOM,0,0,0,0
2008,DoD,TRICARE,0,0,0,0
2008,DOE,HQ,9,55,51,13
2008,DOI,Appeals,639,214,300,553
2008,DOJ,OIP,1530,2846,3660,716
2008,DOJ,USPC,2,6,7,1
2008,DOT,FAA,67,89,80,76
2008,DOT,FHWA,9,10,8,11
2008,DOT,FMCSA,4,11,9,6
2008,DOT,FRA,1,2,2,1
2008,DOT,FTA,0,5,3,2
2008,DOT,MARAD,0,5,5,0
2008,DOT,NHTSA,1,7,7,1
2008,DOT,OIG,0,8,7,1
2008,DOT,OST,2,4,6,0
2008,DOT,PHMSA,3,1,2,2
2008,DOT,RITA,0,0,0,0
2008,DOT,SLSDC,0,1,1,0
2008,ED,OM-RIMS,24,67,54,37
2008,EPA,HQ,196,129,165,160
2008,Ex-Im Bank,Ex-Im Bank,1,0,1,0
2008,FCA,FCA,0,0,0,0
2008,FCC,FCC,21,25,20,26
2008,FCSIC,FCSIC,0,0,0,0
2008,FDIC,FDIC,0,3,1,2
2008,FEC,FEC,0,1,0,1
2008,FERC,FERC,0,8,7,1
2008,FFIEC,FFIEC,0,0,0,0
2008,FLRA,FSIP,0,0,0,0
2008,FLRA,Authority,0,2,2,0
2008,FLRA,OGC,0,3,3,0
2008,FMCS,FMCS,0,0,0,0
2008,FMSHRC,FMSHRC,0,0,0,0
2008,FOMC,FOMC,0,0,0,0
2008,FRB,FRB,0,11,11,0
2008,FTC,FTC,2,15,15,2
2008,GSA,GSA,0,18,18,0
2008,HHS,CMS,384,36,273,147
2008,HHS,OS,250,163,97,316
2008,HUD,Agency,2,39,41,0
2008,IAF,IAF,0,0,0,0
2008,IMLS,IMLS,0,0,0,0
2008,MSPB,MSPB,0,10,10,0
2008,NARA,NARA,8,42,21,29
2008,NASA,OGC,0,22,13,9
2008,NCUA,NCUA,0,3,3,0
2008,NEH,NEH,0,2,2,0
2008,NIGC,NIGC,0,3,3,0
2008,NMB,NMB,0,1,1,0
2008,NRPC,NRPC,0,2,1,1
2008,NSF,Foundation,0,10,10,0
2008,NSF,OIG,0,0,0,0
2008,OGE,OGE,0,0,0,0
2008,OMB,OMB,1,8,7,2
2008,ONDCP,OLC,0,1,1,0
2008,OPIC,OPIC,1,2,2,1
2008,OPM,OPM,0,35,32,3
2008,OSHRC,OSHRC,0,0,0,0
2008,OSTP,OSTP,0,1,0,1
2008,PC,FOIA Office,0,4,1,3
2008,PC,OIG,0,1,0,1
2008,PRC,PRC,0,0,0,0
2008,SBA,SBA,2,24,22,4
2008,SEC,HQ,36,196,187,45
2008,SSA,SSA,23,52,74,1
2008,SSS,SSS,0,0,0,0
2008,State,DoS,807,182,486,503
2008,STB,STB,0,0,0,0
2008,Treasury,BEP,0,2,1,1
2008,Treasury,BPD,0,0,0,0
2008,Treasury,DO,17,12,16,13
2008,Treasury,FinCEN,8,3,11,0
2008,Treasury,FMS,0,8,7,1
2008,Treasury,IRS,27,262,247,42
2008,Treasury,MINT,0,1,1,0
2008,Treasury,OCC,0,21,13,8
2008,Treasury,OTS,0,1,1,0
2008,Treasury,TIGTA,5,18,19,4
2008,Treasury,TTB,4,6,1,9
2008,TVA,TVA,1,10,8,3
2008,U.S. CPSC,U.S. CPSC,0,24,24,0
2008,U.S. DOL,DOL,231,360,383,208
2008,US RRB,OIG,0,0,0,0
2008,US RRB,RRB,1,1,2,0
2008,USAID,USAID,2,7,4,5
2008,USIBWC,USIBWC,0,0,0,0
2008,USITC,USITC,0,0,0,0
2008,USNRC,USNRC,1,8,9,0
2008,VA,GC (02),141,157,230,68
2009,CEQ,CEQ,0,0,0,0
2009,CFTC,CFTC,1,4,5,0
2009,CIA,CIA,172,241,212,201
2009,CO,CO,0,0,0,0
2009,CPPBSD,CPPBSD,0,1,1,0
2009,CSB,CSB,0,3,3,0
2009,DHS,CBP,119,540,271,388
2009,DHS,FLETC,0,2,2,0
2009,DHS,OGC,381,212,73,520
2009,DHS,TSA,6,33,37,2
2009,DHS,USCG,33,74,38,69
2009,DHS,USCIS,1978,1217,1185,2010
2009,DHS,USSS,22,51,67,6
2009,DNFSB,OGC,0,0,0,0
2009,DNFSB,OGM,0,0,0,0
2009,DOC,PTO,0,15,15,0
2009,DOC,AGC/Admin.,87,68,95,60
2009,DoD,AF,37,200,184,53
2009,DoD,AFRICOM,0,0,0,0
2009,DoD,ARMY,65,147,195,17
2009,DoD,ASBCA,0,0,0,0
2009,DoD,CENTCOM,0,0,0,0
2009,DoD,DCAA,0,5,5,0
2009,DoD,DCMA,0,3,3,0
2009,DoD,DeCA,0,2,2,0
2009,DoD,DFAS,0,3,2,1
2009,DoD,DIA,188,42,14,216
2009,DoD,DISA,0,3,1,2
2009,DoD,DLA,6,16,14,8
2009,DoD,DoDEA,0,0,0,0
2009,DoD,DoDIG,7,16,10,13
2009,DoD,DSS,0,2,2,0
2009,DoD,DTIC,0,0,0,0
2009,DoD,DTRA,0,3,3,0
2009,DoD,EUCOM,0,0,0,0
2009,DoD,JFCOM,0,0,0,0
2009,DoD,NAVY,45,282,307,20
2009,DoD,NGA,7,4,0,11
2009,DoD,NGB,0,0,0,0
2009,DoD,NORTHCOM,0,0,0,0
2009,DoD,NRO,4,5,2,7
2009,DoD,NSA,8,74,59,23
2009,DoD,OSD/JS,340,154,222,272
2009,DoD,PACOM,0,0,0,0
2009,DoD,SOCOM,0,0,0,0
2009,DoD,SOUTHCOM,0,0,0,0
2009,DoD,STRATCOM,0,0,0,0
2009,DoD,TRANSCOM,0,0,0,0
2009,DoD,TRICARE,0,0,0,0
2009,DOE,HQ,13,49,58,4
2009,DOI,Appeals,553,149,259,443
2009,DOJ,OIP,716,2884,2948,652
2009,DOJ,USPC,1,13,12,2
2009,DOT,FAA,77,115,110,82
2009,DOT,FHWA,11,20,20,11
2009,DOT,FMCSA,6,2,8,0
2009,DOT,FRA,1,6,4,3
2009,DOT,FTA,2,0,2,0
2009,DOT,MARAD,0,5,3,2
2009,DOT,NHTSA,1,7,8,0
2009,DOT,OIG,1,12,10,3
2009,DOT,OST,0,3,1,2
2009,DOT,PHMSA,2,1,3,0
2009,DOT,RITA,0,3,3,0
2009,DOT,SLSDC,0,0,0,0
2009,ED,OM-RIMS,37,46,55,28
2009,EPA,HQ,160,167,217,110
2009,Ex-Im Bank,AGENCY,0,2,2,0
2009,FCA,FCA,0,2,2,0
2009,FCC,FCC,30,14,37,7
2009,FCSIC,FCSIC,0,0,0,0
2009,FDIC,FDIC,2,51,49,4
2009,FEC,FEC,1,1,1,1
2009,FERC,FERC,1,14,13,2
2009,FFIEC,FFIEC,0,0,0,0
2009,FHFA,FHFA,0,10,10,0
2009,FLRA,FSIP,0,0,0,0
2009,FLRA,Authority,0,2,2,0
2009,FLRA,OGC,0,0,0,0
2009,FMC,FMC,0,1,0,1
2009,FMCS,FMCS,0,0,0,0
2009,FMSHRC,FMSHRC,0,0,0,0
2009,FOMC,FOMC,0,0,0,0
2009,FRB,FRB,0,22,21,1
2009,FTC,FTC,2,13,14,1
2009,GSA,GSA,0,16,16,0
2009,HHS,CMS,147,7,4,150
2009,HHS,OS,316,153,170,299
2009,HUD,Agency,0,39,39,0
2009,IAF,IAF,0,0,0,0
2009,IMLS,IMLS,0,0,0,0
2009,MSPB,MSPB,0,5,5,0
2009,NARA,NARA,29,43,66,6
2009,NASA,OGC,0,22,13,9
2009,NCUA,NCUA,0,12,10,2
2009,NEH,NEH,0,3,3,0
2009,NIGC,NIGC,0,3,3,0
2009,NMB,NMB,0,0,0,0
2009,NRPC,NRPC,0,1,0,1
2009,NSF,Foundation,0,3,3,0
2009,NSF,OIG,0,4,4,0
2009,OGE,OGE,0,0,0,0
2009,OMB,OMB,2,7,9,0
2009,ONDCP,OLC,0,0,0,0
2009,OPIC,OPIC,1,1,2,0
2009,OPM,OPM,3,30,31,2
2009,OSHRC,OSHRC,0,0,0,0
2009,OSTP,OSTP,0,3,3,0
2009,PC,FOIA Office,3,6,9,0
2009,PC,OIG,1,0,1,0
2009,PRC,PRC,0,0,0,0
2009,SBA,SBA,4,35,39,0
2009,SEC,HQ,45,247,267,25
2009,SIGIR,SIGIR,0,2,2,0
2009,SSA,SSA,1,113,105,9
2009,SSS,SSS,0,0,0,0
2009,State,DoS,508,242,248,502
2009,STB,STB,0,1,1,0
2009,Treasury,BEP,1,7,8,0
2009,Treasury,BPD,0,3,3,0
2009,Treasury,DO,13,36,20,29
2009,Treasury,FinCEN,0,4,4,0
2009,Treasury,FMS,1,7,8,0
2009,Treasury,IRS,42,241,223,60
2009,Treasury,MINT,0,3,3,0
2009,Treasury,OCC,8,28,12,24
2009,Treasury,OTS,0,8,8,0
2009,Treasury,TIGTA,4,20,23,1
2009,Treasury,TTB,7,7,9,5
2009,TVA,TVA,3,11,14,0
2009,U.S. CPSC,U.S. CPSC,0,19,19,0
2009,U.S. DOL,DOL,208,349,369,188
2009,US RRB,OIG,0,0,0,0
2009,US RRB,RRB,0,3,3,0
2009,USAID,USAID,5,14,9,10
2009,USITC,USITC,1,1,1,1
2009,USNRC,USNRC,0,25,20,5
2009,VA,GC,68,241,87,222
2010,ABMC,ABMC,0,0,0,0
2010,ACUS,ACUS,0,0,0,0
2010,BBG,BBG,0,2,2,0
2010,CEQ,CEQ,0,1,1,0
2010,CFTC,CFTC,0,7,7,0
2010,CIA,CIA,200,224,181,243
2010,CIGIE,CIGIE,0,0,0,0
2010,CNCS,CNCS,0,5,5,0
2010,CO,CO,0,0,0,0
2010,CPPBSD,CPPBSD,0,0,0,0
2010,CSB,CSB,0,0,0,0
2010,CSOSA,HQ,0,0,0,0
2010,DHS,CBP,388,450,815,23
2010,DHS,FLETC,0,1,1,0
2010,DHS,ICE,331,25,331,25
2010,DHS,OGC,520,157,134,543
2010,DHS,TSA,2,21,14,9
2010,DHS,USCG,69,42,62,49
2010,DHS,USCIS,2009,2004,3924,89
2010,DHS,USSS,6,40,44,2
2010,DNFSB,OGC,0,1,1,0
2010,DNFSB,OGM,0,0,0,0
2010,DOC,PTO,0,11,11,0
2010,DOC,AGC/Admin.,60,86,73,73
2010,DoD,AF,51,256,210,97
2010,DoD,ARMY,17,164,154,27
2010,DoD,ASBCA,0,0,0,0
2010,DoD,DCAA,0,4,4,0
2010,DoD,DCMA,0,5,2,3
2010,DoD,DeCA,0,0,0,0
2010,DoD,DFAS,1,2,3,0
2010,DoD,DIA,217,50,57,210
2010,DoD,DISA,2,2,0,4
2010,DoD,DLA,8,11,17,2
2010,DoD,DoDIG,17,29,26,20
2010,DoD,DSS,0,0,0,0
2010,DoD,DTRA,0,2,2,0
2010,DoD,NAVY,20,327,327,20
2010,DoD,NGA,11,6,11,6
2010,DoD,NRO,7,3,6,4
2010,DoD,NSA,23,77,56,44
2010,DoD,OSD/JS,273,169,148,294
2010,DOE,BPA,0,0,0,0
2010,DOE,CBFO,0,0,0,0
2010,DOE,CH,0,0,0,0
2010,DOE,EMCBC,0,0,0,0
2010,DOE,GFO,0,0,0,0
2010,DOE,HQ,4,91,88,7
2010,DOE,ID,0,0,0,0
2010,DOE,NETL,0,0,0,0
2010,DOE,NNSA,0,0,0,0
2010,DOE,NR,0,0,0,0
2010,DOE,NRLFO,0,0,0,0
2010,DOE,ORO,0,0,0,0
2010,DOE,OSTI,0,0,0,0
2010,DOE,ROO,0,0,0,0
2010,DOE,SEPA,0,0,0,0
2010,DOE,SPR,0,0,0,0
2010,DOE,SRO,0,0,0,0
2010,DOE,SWPA,0,0,0,0
2010,DOE,WAPA,0,0,0,0
2010,DOI,Appeals,443,151,304,290
2010,DOJ,OIP,661,3340,3404,597
2010,DOJ,USPC,3,11,9,5
2010,DOT,FAA,86,108,124,70
2010,DOT,FHWA,11,8,7,12
2010,DOT,FMCSA,0,10,6,4
2010,DOT,FRA,3,1,4,0
2010,DOT,FTA,0,1,1,0
2010,DOT,MARAD,6,2,6,2
2010,DOT,NHTSA,0,16,16,0
2010,DOT,OIG,3,3,6,0
2010,DOT,OST,2,6,7,1
2010,DOT,PHMSA,0,3,3,0
2010,DOT,RITA,0,1,0,1
2010,DOT,SLSDC,0,0,0,0
2010,ED,OM-RIMS,28,23,29,22
2010,EEOC,OLC/HDQ,30,313,302,41
2010,EPA,HQ,110,204,215,99
2010,Ex-Im Bank,HQ,0,2,2,0
2010,FCA,FCA,0,0,0,0
2010,FCC,FCC,8,21,16,13
2010,FCSIC,FCSIC,0,0,0,0
2010,FDIC,FDIC,4,17,20,1
2010,FEC,FEC,1,2,0,3
2010,FERC,FERC,2,7,9,0
2010,FFIEC,FFIEC,0,0,0,0
2010,FHFA,FHFA,0,5,4,1
2010,FLRA,FSIP,0,0,0,0
2010,FLRA,Authority,0,3,1,2
2010,FLRA,OGC,0,0,0,0
2010,FMC,FMC,1,1,1,1
2010,FMCS,FMCS,0,1,1,0
2010,FMSHRC,FMSHRC,0,0,0,0
2010,FOMC,FOMC,0,1,1,0
2010,FRB,FRB,1,10,9,2
2010,FTC,FTC,1,12,13,0
2010,GSA,GSA,0,23,21,2
2010,HHS,ACF,0,0,0,0
2010,HHS,AOA,0,0,0,0
2010,HHS,CMS,150,26,145,31
2010,HHS,OIG,0,0,0,0
2010,HHS,AHRQ,0,0,0,0
2010,HHS,CDC,0,0,0,0
2010,HHS,FDA,0,0,0,0
2010,HHS,HRSA,0,0,0,0
2010,HHS,IHS,0,0,0,0
2010,HHS,NIH,0,0,0,0
2010,HHS,SAMHSA,0,0,0,0
2010,HHS,OS,267,168,224,211
2010,HHS,OPHS/PSC,0,0,0,0
2010,HUD,HQ,0,14,4,10
2010,HUD,OIG,0,6,5,1
2010,HUD,R01,0,0,0,0
2010,HUD,R02,0,1,1,0
2010,HUD,R03,0,2,2,0
2010,HUD,R04,0,0,0,0
2010,HUD,R05,0,1,1,0
2010,HUD,R06,0,3,3,0
2010,HUD,R07,0,0,0,0
2010,HUD,R08,0,1,1,0
2010,HUD,R09,0,1,1,0
2010,HUD,R0X,0,0,0,0
2010,IAF,IAF,0,0,0,0
2010,IMLS,IMLS,0,0,0,0
2010,LSC,LSC,0,0,0,0
2010,MCC,MCC,0,0,0,0
2010,MSPB,OCB,0,7,7,0
2010,NARA,NARA,6,39,37,8
2010,NASA,ARC,0,0,0,0
2010,NASA,DFRC,0,0,0,0
2010,NASA,GRC,0,0,0,0
2010,NASA,GSFC,0,0,0,0
2010,NASA,HQ,0,0,0,0
2010,NASA,JPL,0,0,0,0
2010,NASA,JSC,0,0,0,0
2010,NASA,KSC,0,0,0,0
2010,NASA,LaRC,0,0,0,0
2010,NASA,MSFC,0,0,0,0
2010,NASA,NSSC,0,0,0,0
2010,NASA,OGC,1,33,32,2
2010,NASA,OIG,0,0,0,0
2010,NASA,SSC,0,0,0,0
2010,NCPC,NCPC,0,0,0,0
2010,NCUA,NCUA,2,12,12,2
2010,NEA,NEA,0,2,2,0
2010,NEH,NEH,0,2,2,0
2010,NIGC,NIGC,0,2,2,0
2010,NLRB,NLRB,2,27,27,2
2010,NMB,NMB,0,2,2,0
2010,NRPC,NRPC,1,5,4,2
2010,NSF,OGC,0,6,5,1
2010,NSF,OIG,0,0,0,0
2010,NTSB,HQ,3,5,7,1
2010,ODNI,ODNI,0,7,4,3
2010,OGE,OGE,0,4,4,0
2010,OMB,OMB,0,7,7,0
2010,ONDCP,OLC,0,0,0,0
2010,ONHIR,ONHIR,0,0,0,0
2010,OPIC,OPIC,0,4,4,0
2010,OPM,OPM,2,35,34,3
2010,OSC,OSC,12,14,19,7
2010,OSHRC,OSHRC,0,0,0,0
2010,OSTP,OSTP,0,1,1,0
2010,PBGC,PBGC,0,4,3,1
2010,PC,FOIA Office,0,8,8,0
2010,PC,OIG,0,0,0,0
2010,PRC,PRC,0,1,1,0
2010,SBA,SBA,0,20,19,1
2010,SEC,HQ,25,189,199,15
2010,SIGAR,SIGAR,0,0,0,0
2010,SIGIR,SIGIR,0,1,1,0
2010,SSA,SSA,9,155,148,16
2010,SSS,SSS,0,0,0,0
2010,State,DoS,501,174,320,355
2010,STB,STB,0,0,0,0
2010,Treasury,BEP,0,2,2,0
2010,Treasury,BPD,0,2,2,0
2010,Treasury,DO,29,23,20,32
2010,Treasury,FinCEN,0,3,3,0
2010,Treasury,FMS,0,4,4,0
2010,Treasury,IRS,60,263,288,35
2010,Treasury,MINT,0,3,3,0
2010,Treasury,OCC,13,45,46,12
2010,Treasury,OTS,0,9,8,1
2010,Treasury,TIGTA,1,17,18,0
2010,Treasury,TTB,5,1,6,0
2010,TVA,TVA,0,4,4,0
2010,U.S. CPSC,U.S. CPSC,0,24,24,0
2010,U.S. DOL,ADJ BDS,1,0,0,1
2010,U.S. DOL,ALJ,1,1,0,2
2010,U.S. DOL,ASP,0,0,0,0
2010,U.S. DOL,BLS,0,2,2,0
2010,U.S. DOL,CFO,1,2,3,0
2010,U.S. DOL,EBSA,3,13,16,0
2010,U.S. DOL,ETA,32,59,76,15
2010,U.S. DOL,ILAB,0,0,0,0
2010,U.S. DOL,MSHA,4,20,12,12
2010,U.S. DOL,OASAM,4,10,11,3
2010,U.S. DOL,OCIA,0,0,0,0
2010,U.S. DOL,ODEP,0,0,0,0
2010,U.S. DOL,OFCCP,3,4,4,3
2010,U.S. DOL,OIG,4,5,7,2
2010,U.S. DOL,OLMS,0,11,5,6
2010,U.S. DOL,OPA,0,0,0,0
2010,U.S. DOL,OSHA,90,148,177,61
2010,U.S. DOL,OWCP,23,41,44,20
2010,U.S. DOL,SOL,2,1,3,0
2010,U.S. DOL,VETS,5,7,7,5
2010,U.S. DOL,WB,0,0,0,0
2010,U.S. DOL,WHD,15,29,31,13
2010,US ADF,US ADF,0,0,0,0
2010,US RRB,OIG,0,0,0,0
2010,US RRB,RRB,0,3,3,0
2010,USAID,USAID,10,12,7,15
2010,USCCR,USCCR,0,0,0,0
2010,USDA,AMS,8,17,18,7
2010,USDA,APHIS,70,17,30,57
2010,USDA,ASCR,0,0,0,0
2010,USDA,DM,0,2,1,1
2010,USDA,FAS,0,0,0,0
2010,USDA,FNCS,4,16,13,7
2010,USDA,FS,36,63,68,31
2010,USDA,FSA,7,32,35,4
2010,USDA,FSIS,5,0,0,5
2010,USDA,GIPSA,0,1,1,0
2010,USDA,NAD,1,0,0,1
2010,USDA,NRCS,1,13,12,2
2010,USDA,OBPA,0,0,0,0
2010,USDA,OCFO,0,0,0,0
2010,USDA,OGC,3,6,6,3
2010,USDA,OIG,2,15,11,6
2010,USDA,OSEC,0,3,1,2
2010,USDA,RD,17,9,11,15
2010,USDA,REE,2,2,4,0
2010,USDA,RMA,3,1,2,2
2010,USIBWC,USIBWC,0,1,1,0
2010,USITC,USITC,0,1,1,0
2010,USNRC,USNRC,5,24,28,1
2010,USPS,PS and PIS,0,133,130,3
2010,USPS,OIG,1,21,21,1
2010,USTDA,USTDA,0,0,0,0
2010,USTR,USTR,0,2,2,0
2010,VA,Admin,0,0,0,0
2010,VA,BVA,0,0,0,0
2010,VA,C&LA,0,0,0,0
2010,VA,CFM,0,0,0,0
2010,VA,GC,156,231,185,202
2010,VA,HRM,0,0,0,0
2010,VA,IG,0,0,0,0
2010,VA,Mgmt,0,0,0,0
2010,VA,NCA,0,0,0,0
2010,VA,OAL,0,0,0,0
2010,VA,OASHRA,0,0,0,0
2010,VA,OASP&IA,0,0,0,0
2010,VA,ODASB,0,0,0,0
2010,VA,ODASIA,0,0,0,0
2010,VA,ODI,0,0,0,0
2010,VA,OF,0,0,0,0
2010,VA,OI&T,0,0,0,0
2010,VA,ORM,0,0,0,0
2010,VA,OSDBU,0,0,0,0
2010,VA,OSP,0,0,0,0
2010,VA,P&P,0,0,0,0
2010,VA,PA,0,0,0,0
2010,VA,SEC,0,0,0,0
2010,VA,VBA,0,0,0,0
2010,VA,VHA,0,0,0,0
2011,ABMC,ABMC,0,0,0,0
2011,ACUS,ACUS,0,0,0,0
2011,AFRH,AFRH,0,1,1,0
2011,BBG,BBG,0,6,6,0
2011,CEQ,CEQ,0,0,0,0
2011,CFTC,CFTC,1,4,3,2
2011,CIA,CIA,243,212,255,200
2011,CIGIE,CIGIE,0,0,0,0
2011,CNCS,CNCS,0,1,1,0
2011,CO,CO,0,2,2,0
2011,CPPBSD,CPPBSD,0,0,0,0
2011,CSB,CSB,0,3,3,0
2011,CSOSA,CSOSA,0,0,0,0
2011,DHS,CBP,23,338,343,18
2011,DHS,FLETC,0,1,1,0
2011,DHS,ICE,25,245,230,40
2011,DHS,OGC,201,114,164,151
2011,DHS,OIG,16,12,14,14
2011,DHS,TSA,9,41,46,4
2011,DHS,USCG,46,44,41,49
2011,DHS,USCIS,89,1079,1049,119
2011,DHS,USSS,2,43,45,0
2011,DNFSB,OGC,0,0,0,0
2011,DNFSB,OGM,0,0,0,0
2011,DOC,PTO,0,7,6,1
2011,DOC,AGC/Admin.,73,76,102,47
2011,DoD,AF,74,258,169,163
2011,DoD,ARMY,27,141,139,29
2011,DoD,ASBCA,0,0,0,0
2011,DoD,DCAA,0,2,2,0
2011,DoD,DCMA,3,3,6,0
2011,DoD,DeCA,0,0,0,0
2011,DoD,DFAS,0,1,1,0
2011,DoD,DIA,209,76,82,203
2011,DoD,DISA,4,0,1,3
2011,DoD,DLA,2,8,9,1
2011,DoD,DoD IG,20,22,15,27
2011,DoD,DSS,0,0,0,0
2011,DoD,DTRA,0,1,0,1
2011,DoD,NAVY,20,306,314,12
2011,DoD,NGA,1,9,10,0
2011,DoD,NRO,6,4,8,2
2011,DoD,NSA,44,52,28,68
2011,DoD,OSD/JS,303,183,123,363
2011,DOE,BPA,0,0,0,0
2011,DOE,CBFO,0,0,0,0
2011,DOE,CH,0,0,0,0
2011,DOE,EMCBC,0,0,0,0
2011,DOE,GFO,0,0,0,0
2011,DOE,HQ,7,74,70,11
2011,DOE,ID,0,0,0,0
2011,DOE,NETL,0,0,0,0
2011,DOE,NNSA,0,0,0,0
2011,DOE,NR,0,0,0,0
2011,DOE,NRLFO,0,0,0,0
2011,DOE,ORO,0,0,0,0
2011,DOE,OSTI,0,0,0,0
2011,DOE,ROO,0,0,0,0
2011,DOE,SEPA,0,0,0,0
2011,DOE,SPR,0,0,0,0
2011,DOE,SRO,0,0,0,0
2011,DOE,SWPA,0,0,0,0
2011,DOE,WAPA,0,0,0,0
2011,DOI,Appeals,290,174,230,234
2011,DOJ,OIP,597,3250,3354,493
2011,DOJ,USPC,4,8,8,4
2011,DOT,FAA,69,106,128,47
2011,DOT,FHWA,12,8,6,14
2011,DOT,FMCSA,4,7,6,5
2011,DOT,FRA,0,2,2,0
2011,DOT,FTA,0,7,2,5
2011,DOT,MARAD,3,1,4,0
2011,DOT,NHTSA,0,11,10,1
2011,DOT,OIG,0,4,4,0
2011,DOT,OST,1,5,4,2
2011,DOT,PHMSA,0,2,2,0
2011,DOT,RITA,1,0,1,0
2011,DOT,SLSDC,0,0,0,0
2011,ED,OM-PIRMS,22,32,15,39
2011,EEOC,OLC/HDQ,33,598,602,29
2011,EPA,HQ,99,215,208,106
2011,EPA,Region 1,0,0,0,0
2011,EPA,Region 2,0,0,0,0
2011,EPA,Region 3,0,0,0,0
2011,EPA,Region 4,0,0,0,0
2011,EPA,Region 5,0,0,0,0
2011,EPA,Region 6,0,0,0,0
2011,EPA,Region 7,0,0,0,0
2011,EPA,Region 8,0,0,0,0
2011,EPA,Region 9,0,0,0,0
2011,EPA,Region 10,0,0,0,0
2011,Ex-Im Bank,HQ,0,1,0,1
2011,FCA,FCA,0,0,0,0
2011,FCC,FCC,13,17,17,13
2011,FCSIC,FCSIC,0,0,0,0
2011,FDIC,FDIC,1,39,38,2
2011,FEC,FEC,3,1,3,1
2011,FERC,FERC,0,15,14,1
2011,FFIEC,FFIEC,0,0,0,0
2011,FHFA,FHFA FOIA,1,11,12,0
2011,FLRA,FSIP,0,0,0,0
2011,FLRA,Authority,2,3,5,0
2011,FLRA,OGC,0,3,3,0
2011,FMC,FMC,1,0,1,0
2011,FMCS,FMCS,0,0,0,0
2011,FMSHRC,FMSHRC,0,0,0,0
2011,FOMC,FOMC,0,1,1,0
2011,FRB,FRB,2,16,17,1
2011,FRTIB,FRTIB,0,0,0,0
2011,FTC,FTC,0,28,25,3
2011,GSA,GSA,2,22,21,3
2011,HHS,CMS,31,125,120,36
2011,HHS,OS,211,191,199,203
2011,HUD,HQ,10,9,17,2
2011,HUD,OIG,1,10,11,0
2011,HUD,R01,0,0,0,0
2011,HUD,R02,1,1,2,0
2011,HUD,R03,0,1,1,0
2011,HUD,R04,0,0,0,0
2011,HUD,R05,0,3,3,0
2011,HUD,R06,0,2,2,0
2011,HUD,R07,0,0,0,0
2011,HUD,R08,1,0,1,0
2011,HUD,R09,0,0,0,0
2011,HUD,R0X,0,0,0,0
2011,IAF,IAF,0,0,0,0
2011,IMLS,IMLS,0,0,0,0
2011,LSC,LSC,0,2,2,0
2011,MCC,MCC,0,1,1,0
2011,MSPB,MSPB,0,8,8,0
2011,NARA,NARA,6,66,64,8
2011,NASA,ARC,0,0,0,0
2011,NASA,DFRC,0,0,0,0
2011,NASA,GRC,0,0,0,0
2011,NASA,GSFC,0,0,0,0
2011,NASA,HQ,0,0,0,0
2011,NASA,JPL,0,0,0,0
2011,NASA,JSC,0,0,0,0
2011,NASA,KSC,0,0,0,0
2011,NASA,LaRC,0,0,0,0
2011,NASA,MSFC,0,0,0,0
2011,NASA,NSSC,0,0,0,0
2011,NASA,OGC,2,19,21,0
2011,NASA,OIG,0,2,2,0
2011,NASA,SSC,0,0,0,0
2011,NCPC,NCPC,0,1,1,0
2011,NCUA,NCUA,2,9,10,1
2011,NEA,NEA,0,4,4,0
2011,NEH,NEH,0,2,1,1
2011,NIGC,NIGC,1,1,2,0
2011,NLRB,NLRB,2,79,58,23
2011,NMB,NMB,0,0,0,0
2011,NRPC,NRPC,2,7,7,2
2011,NSF,OGC,1,10,11,0
2011,NSF,OIG,0,10,10,0
2011,NTSB,NTSB,1,9,10,0
2011,ODNI,ODNI,3,15,3,15
2011,OGE,OGE,0,3,3,0
2011,OMB,OMB,0,10,10,0
2011,ONDCP,ONDCP,0,1,1,0
2011,ONHIR,ONHIR,0,0,0,0
2011,OPIC,OPIC,0,2,2,0
2011,OPM,OPM,3,31,26,8
2011,OSC,OSC,7,9,7,9
2011,OSHRC,OSHRC,0,0,0,0
2011,OSTP,OSTP,0,6,6,0
2011,PBGC,PBGC,1,7,5,3
2011,PC,FOIA Office,0,12,10,2
2011,PC,OIG,0,1,1,0
2011,PRC,PRC,0,0,0,0
2011,RATB,RATB,0,0,0,0
2011,SBA,SBA,1,22,22,1
2011,SEC,SEC,15,169,162,22
2011,SIGAR,SIGAR,0,1,1,0
2011,SIGIR,SIGIR,0,0,0,0
2011,SSA,SSA,16,98,100,14
2011,SSS,SSS,0,0,0,0
2011,State,DoS,368,342,381,329
2011,State,OIG,0,0,0,0
2011,STB,STB,0,0,0,0
2011,Treasury,BEP,0,1,1,0
2011,Treasury,BPD,0,5,5,0
2011,Treasury,CFPB,0,0,0,0
2011,Treasury,DO,32,57,37,52
2011,Treasury,FinCEN,0,10,10,0
2011,Treasury,FMS,0,3,1,2
2011,Treasury,IRS,35,199,230,4
2011,Treasury,MINT,0,4,4,0
2011,Treasury,OCC,12,35,35,12
2011,Treasury,OTS,1,4,5,0
2011,Treasury,TIGTA,0,24,21,3
2011,Treasury,TTB,0,5,5,0
2011,TVA,TVA,0,4,4,0
2011,U.S. CPSC,U.S. CPSC,0,21,21,0
2011,U.S. DOL,ADJ BDS,1,0,0,1
2011,U.S. DOL,ALJ,2,1,2,1
2011,U.S. DOL,ASP,0,0,0,0
2011,U.S. DOL,BLS,0,0,0,0
2011,U.S. DOL,CFO,0,0,0,0
2011,U.S. DOL,EBSA,0,13,10,3
2011,U.S. DOL,ETA,15,50,57,8
2011,U.S. DOL,EXEC SEC,0,0,0,0
2011,U.S. DOL,ILAB,0,0,0,0
2011,U.S. DOL,MSHA,12,24,24,12
2011,U.S. DOL,OASAM,3,15,11,7
2011,U.S. DOL,OCIA,0,0,0,0
2011,U.S. DOL,ODEP,0,0,0,0
2011,U.S. DOL,OFCCP,3,6,8,1
2011,U.S. DOL,OIG,2,1,0,3
2011,U.S. DOL,OLMS,6,10,13,3
2011,U.S. DOL,OPA,0,0,0,0
2011,U.S. DOL,OSEC,0,0,0,0
2011,U.S. DOL,OSHA,61,120,162,19
2011,U.S. DOL,OWCP,20,54,55,19
2011,U.S. DOL,SOL,0,2,2,0
2011,U.S. DOL,VETS,5,7,9,3
2011,U.S. DOL,WB,0,0,0,0
2011,U.S. DOL,WHD,13,35,40,8
2011,US ADF,US ADF,0,0,0,0
2011,US RRB,OIG,0,0,0,0
2011,US RRB,RRB,0,4,4,0
2011,USAID,USAID,13,13,3,23
2011,USCCR,USCCR,0,0,0,0
2011,USDA,AMS,7,7,6,8
2011,USDA,APHIS,57,24,11,70
2011,USDA,ASCR,0,3,3,0
2011,USDA,DM,0,1,1,0
2011,USDA,FAS,0,0,0,0
2011,USDA,FNCS,7,35,30,12
2011,USDA,FS,27,52,54,25
2011,USDA,FSA,3,31,29,5
2011,USDA,FSIS,5,1,1,5
2011,USDA,GIPSA,0,2,1,1
2011,USDA,NAD,1,0,0,1
2011,USDA,NRCS,2,15,15,2
2011,USDA,OBPA,0,0,0,0
2011,USDA,OCFO,0,0,0,0
2011,USDA,OGC,3,1,3,1
2011,USDA,OIG,6,13,12,7
2011,USDA,OSEC/OCIO,2,3,2,3
2011,USDA,RD,15,23,21,17
2011,USDA,REE,0,2,2,0
2011,USDA,RMA,2,12,1,13
2011,USIBWC,USIBWC,0,2,2,0
2011,USITC,USITC,0,1,1,0
2011,USNRC,USNRC,1,13,14,0
2011,USPS,OIG,0,19,18,1
2011,USPS,PS & PIS,3,109,102,10
2011,USTDA,USTDA,0,2,2,0
2011,USTR,USTR,0,5,5,0
2011,VA,GC,202,345,229,318
2012,ABMC,ABMC,0,0,0,0
2012,ACUS,ACUS,0,0,0,0
2012,AFRH,AFRH,0,0,0,0
2012,BBG,BBG,0,4,4,0
2012,CEQ,CEQ,0,1,1,0
2012,CFTC,CFTC,2,6,3,5
2012,CIA,CIA,200,315,302,213
2012,CIGIE,CIGIE,0,3,1,2
2012,CNCS,CNCS,0,2,1,1
2012,CO,CO,0,0,0,0
2012,CPPBSD,CPPBSD,0,0,0,0
2012,CSB,CSB,0,1,1,0
2012,CSOSA,CSOSA,0,2,2,0
2012,DHS,CBP,18,474,476,16
2012,DHS,FLETC,0,1,1,0
2012,DHS,ICE,40,288,303,25
2012,DHS,OGC,150,113,161,102
2012,DHS,OIG,14,19,19,14
2012,DHS,TSA,4,32,25,11
2012,DHS,USCG,49,35,51,33
2012,DHS,USCIS,186,1349,1431,104
2012,DHS,USSS,0,34,23,11
2012,DNFSB,OGC,0,0,0,0
2012,DNFSB,OGM,0,0,0,0
2012,DOC,PTO,1,10,10,1
2012,DOC,AGC/Admin,56,66,86,36
2012,DoD,AF,45,303,219,129
2012,DoD,ARMY,29,122,125,26
2012,DoD,ASBCA,0,0,0,0
2012,DoD,DCAA,0,3,3,0
2012,DoD,DCMA,1,8,6,3
2012,DoD,DeCA,0,0,0,0
2012,DoD,DFAS,0,6,6,0
2012,DoD,DIA,203,117,163,157
2012,DoD,DISA,3,1,1,3
2012,DoD,DLA,1,23,18,6
2012,DoD,DoD IG,27,23,20,30
2012,DoD,DSS,0,1,0,1
2012,DoD,DTRA,1,1,1,1
2012,DoD,NAVY,12,293,288,17
2012,DoD,NGA,1,4,0,5
2012,DoD,NRO,2,6,7,1
2012,DoD,NSA,67,57,44,80
2012,DoD,OSD/JS,363,180,179,364
2012,DOE,BPA,0,0,0,0
2012,DOE,CBFO,0,0,0,0
2012,DOE,CH,0,0,0,0
2012,DOE,EMCBC,0,0,0,0
2012,DOE,GFO,0,0,0,0
2012,DOE,HQ,11,74,73,12
2012,DOE,ID,0,0,0,0
2012,DOE,NETL,0,0,0,0
2012,DOE,NNSA,0,0,0,0
2012,DOE,NR,0,0,0,0
2012,DOE,NRLFO,0,0,0,0
2012,DOE,ORO,0,0,0,0
2012,DOE,OSTI,0,0,0,0
2012,DOE,ROO,0,0,0,0
2012,DOE,SEPA,0,0,0,0
2012,DOE,SPR,0,0,0,0
2012,DOE,SRO,0,0,0,0
2012,DOE,SWPA,0,0,0,0
2012,DOE,WAPA,0,0,0,0
2012,DOI,FOIA/PA Appeals,234,188,225,197
2012,DOJ,OIP,497,3564,3403,658
2012,DOJ,USPC,4,5,9,0
2012,DOT,FAA,47,110,128,29
2012,DOT,FHWA,14,8,9,13
2012,DOT,FMCSA,5,2,5,2
2012,DOT,FRA,0,2,2,0
2012,DOT,FTA,5,8,12,1
2012,DOT,MARAD,0,1,0,1
2012,DOT,NHTSA,1,6,7,0
2012,DOT,OIG,0,2,0,2
2012,DOT,OST,2,7,9,0
2012,DOT,PHMSA,0,0,0,0
2012,DOT,RITA,0,1,1,0
2012,DOT,SLSDC,0,0,0,0
2012,ED,OM-PIRMS,41,25,34,32
2012,EEOC,OLC/HDQ,28,370,380,18
2012,EPA,HQ,106,215,246,75
2012,Ex-Im Bank,HQ,1,1,0,2
2012,FCA,FCA,0,0,0,0
2012,FCC,FCC,15,18,23,10
2012,FCSIC,FCSIC,0,0,0,0
2012,FDIC,FDIC,2,44,40,6
2012,FEC,FEC,1,4,4,1
2012,FERC,FERC,1,5,5,1
2012,FFIEC,FFIEC,0,1,1,0
2012,FHFA,FHFA FOIA,0,11,10,1
2012,FHFA,FHFA-OIG,0,1,1,0
2012,FLRA,FSIP,0,0,0,0
2012,FLRA,Authority,0,0,0,0
2012,FLRA,OGC,0,2,2,0
2012,FMC,FMC,0,0,0,0
2012,FMCS,FMCS,0,1,1,0
2012,FMSHRC,FMSHRC,0,0,0,0
2012,FOMC,FOMC,0,1,1,0
2012,FRB,FRB,1,25,18,8
2012,FRTIB,FRTIB,0,0,0,0
2012,FTC,FTC,3,29,32,0
2012,GSA,GSA,3,33,28,8
2012,HHS,CMS,36,111,53,94
2012,HHS,OS,203,200,192,211
2012,HUD,HQ,2,33,32,3
2012,HUD,OIG,0,10,10,0
2012,HUD,R01,0,0,0,0
2012,HUD,R02,0,1,1,0
2012,HUD,R03,0,1,0,1
2012,HUD,R04,0,3,3,0
2012,HUD,R05,0,1,1,0
2012,HUD,R06,0,4,4,0
2012,HUD,R07,0,0,0,0
2012,HUD,R08,0,1,1,0
2012,HUD,R09,0,1,1,0
2012,HUD,R0X,0,1,0,1
2012,IAF,IAF,0,0,0,0
2012,IMLS,IMLS,0,0,0,0
2012,LSC,OLA,0,2,2,0
2012,LSC,OIG,0,0,0,0
2012,MCC,MCC,0,1,1,0
2012,MSPB,MSPB,0,23,22,1
2012,NARA,NARA,6,61,60,7
2012,NASA,ARC,0,0,0,0
2012,NASA,DFRC,0,0,0,0
2012,NASA,GRC,0,0,0,0
2012,NASA,GSFC,0,0,0,0
2012,NASA,HQ,0,0,0,0
2012,NASA,JPL,0,0,0,0
2012,NASA,JSC,0,0,0,0
2012,NASA,KSC,0,0,0,0
2012,NASA,LaRC,0,0,0,0
2012,NASA,MSFC,0,0,0,0
2012,NASA,NSSC,0,0,0,0
2012,NASA,OGC,0,23,21,2
2012,NASA,OIG,0,3,3,0
2012,NASA,SSC,0,0,0,0
2012,NCPC,NCPC,0,2,2,0
2012,NCUA,NCUA,1,7,8,0
2012,NEA,NEA,0,1,1,0
2012,NEH,NEH,1,1,2,0
2012,NIGC,NIGC,0,0,0,0
2012,NLRB,NLRB,22,34,54,2
2012,NMB,NMB,0,0,0,0
2012,NRPC,NRPC,2,2,3,1
2012,NSF,OGC,0,4,4,0
2012,NSF,OIG,0,8,8,0
2012,NTSB,NTSB,0,7,7,0
2012,ODNI,ODNI,15,16,12,19
2012,OGE,OGE,0,4,4,0
2012,OMB,OMB,0,17,17,0
2012,ONDCP,ONDCP,0,0,0,0
2012,ONHIR,ONHIR,0,0,0,0
2012,OPIC,OPIC,0,4,4,0
2012,OPM,OPM,8,30,34,4
2012,OSC,OSC,9,8,6,11
2012,OSHRC,OSHRC,0,0,0,0
2012,OSTP,OSTP,0,8,8,0
2012,PBGC,PBGC,2,6,8,0
2012,PC,FOIA Office,2,9,11,0
2012,PC,OIG,0,0,0,0
2012,PRC,PRC,0,0,0,0
2012,RATB,RATB,0,1,1,0
2012,SBA,SBA,1,21,22,0
2012,SEC,SEC,22,115,121,16
2012,SIGAR,SIGAR,0,0,0,0
2012,SIGIR,SIGIR,0,1,1,0
2012,SSA,SSA,14,867,844,37
2012,SSS,SSS,0,0,0,0
2012,State,DoS,329,212,130,411
2012,State,OIG,0,0,0,0
2012,STB,STB,0,0,0,0
2012,Treasury,BEP,0,0,0,0
2012,Treasury,BPD,0,0,0,0
2012,Treasury,CFPB,0,12,8,4
2012,Treasury,DO,52,23,22,53
2012,Treasury,FinCEN,0,14,13,1
2012,Treasury,FMS,2,6,7,1
2012,Treasury,IRS,4,184,178,10
2012,Treasury,MINT,0,3,3,0
2012,Treasury,OCC,12,47,54,5
2012,Treasury,TIGTA,3,23,25,1
2012,Treasury,TTB,0,1,1,0
2012,TVA,TVA,0,6,6,0
2012,U.S. CPSC,U.S. CPSC,0,19,19,0
2012,U.S. DOL,ADJ BDS,1,0,0,1
2012,U.S. DOL,ALJ,1,1,2,0
2012,U.S. DOL,ASP,0,0,0,0
2012,U.S. DOL,BLS,0,1,0,1
2012,U.S. DOL,CFO,0,0,0,0
2012,U.S. DOL,EBSA,3,7,6,4
2012,U.S. DOL,ETA,8,55,49,14
2012,U.S. DOL,EXEC SEC,0,0,0,0
2012,U.S. DOL,ILAB,0,0,0,0
2012,U.S. DOL,MSHA,12,26,25,13
2012,U.S. DOL,OASAM,7,12,10,9
2012,U.S. DOL,OCIA,0,0,0,0
2012,U.S. DOL,ODEP,0,0,0,0
2012,U.S. DOL,OFCCP,1,12,10,3
2012,U.S. DOL,OIG,3,2,1,4
2012,U.S. DOL,OLMS,3,8,4,7
2012,U.S. DOL,OPA,0,0,0,0
2012,U.S. DOL,OSEC,0,0,0,0
2012,U.S. DOL,OSHA,19,129,109,39
2012,U.S. DOL,OWCP,19,115,98,36
2012,U.S. DOL,SOL,0,3,2,1
2012,U.S. DOL,VETS,3,1,1,3
2012,U.S. DOL,WB,0,0,0,0
2012,U.S. DOL,WHD,8,42,37,13
2012,US ADF,US ADF,0,0,0,0
2012,US RRB,OIG,0,0,0,0
2012,US RRB,RRB,0,2,2,0
2012,USAID,USAID,23,18,5,36
2012,USCCR,USCCR,0,0,0,0
2012,USDA,AMS,7,5,8,4
2012,USDA,APHIS,71,36,23,84
2012,USDA,ASCR,0,1,1,0
2012,USDA,DM,0,2,1,1
2012,USDA,FAS,0,0,0,0
2012,USDA,FNCS,12,31,24,19
2012,USDA,FS,25,66,57,34
2012,USDA,FSA,5,18,22,1
2012,USDA,FSIS,5,3,7,1
2012,USDA,GIPSA,1,3,3,1
2012,USDA,NAD,1,0,0,1
2012,USDA,NRCS,2,11,13,0
2012,USDA,OBPA,0,0,0,0
2012,USDA,OCFO,0,4,2,2
2012,USDA,OGC,1,0,1,0
2012,USDA,OIG,7,10,12,5
2012,USDA,OSEC/OCIO,2,4,3,3
2012,USDA,RD,17,11,1,27
2012,USDA,REE,0,2,1,1
2012,USDA,RMA,13,3,1,15
2012,USIBWC,USIBWC,0,0,0,0
2012,USITC,USITC,0,0,0,0
2012,USNRC,USNRC,0,10,10,0
2012,USPS,OIG,1,20,18,3
2012,USPS,PS & PIS,10,128,121,17
2012,USTDA,USTDA,0,1,0,1
2012,USTR,USTR,0,1,1,0
2012,VA,GC,318,225,353,190
2013,ABMC,ABMC,0,0,0,0
2013,ACUS,ACUS,0,0,0,0
2013,AFRH,AFRH,0,0,0,0
2013,BBG,BBG,0,3,2,1
2013,CEQ,CEQ,0,1,1,0
2013,CFPB,CFPB,4,16,20,0
2013,CFTC,CFTC,5,5,6,4
2013,CIA,CIA,213,338,360,191
2013,CIGIE,CIGIE,2,3,3,2
2013,CNCS,CNCS,1,0,1,0
2013,CO,CO,0,1,0,1
2013,CPPBSD,CPPBSD,0,0,0,0
2013,CSB,CSB,0,0,0,0
2013,CSOSA,CSOSA,0,0,0,0
2013,DHS,CBP,16,346,354,8
2013,DHS,FEMA,60,16,45,31
2013,DHS,FLETC,0,7,5,2
2013,DHS,ICE,0,350,317,33
2013,DHS,OGC,111,92,179,24
2013,DHS,OIG,14,17,3,28
2013,DHS,TSA,11,18,22,7
2013,DHS,USCG,40,34,45,29
2013,DHS,USCIS,105,1959,2001,63
2013,DHS,USSS,11,66,75,2
2013,DNFSB,DNFSB,0,0,0,0
2013,DOC,PTO,1,28,28,1
2013,DOC,AGC/Admin.,36,48,48,36
2013,DoD,AF,72,258,176,154
2013,DoD,ARMY,26,115,106,35
2013,DoD,ASBCA,0,0,0,0
2013,DoD,DCAA,0,6,6,0
2013,DoD,DCMA,3,3,6,0
2013,DoD,DeCA,0,0,0,0
2013,DoD,DFAS,0,2,2,0
2013,DoD,DIA,158,91,155,94
2013,DoD,DISA,3,1,0,4
2013,DoD,DLA,6,7,13,0
2013,DoD,DoD IG,30,26,29,27
2013,DoD,DSS,0,1,1,0
2013,DoD,DTRA,1,4,3,2
2013,DoD,NAVY,17,315,312,20
2013,DoD,NGA,5,10,2,13
2013,DoD,NRO,1,12,6,7
2013,DoD,NSA,80,87,99,68
2013,DoD,OSD/JS,364,173,229,308
2013,DOE,BPA,0,0,0,0
2013,DOE,CBFO,0,0,0,0
2013,DOE,CH,0,0,0,0
2013,DOE,EMCBC,0,0,0,0
2013,DOE,GFO,0,0,0,0
2013,DOE,HQ,12,77,80,9
2013,DOE,ID,0,0,0,0
2013,DOE,NETL,0,0,0,0
2013,DOE,NNSA,0,0,0,0
2013,DOE,NR,0,0,0,0
2013,DOE,NRLFO,0,0,0,0
2013,DOE,ORO,0,0,0,0
2013,DOE,OSTI,0,0,0,0
2013,DOE,ROO,0,0,0,0
2013,DOE,SEPA,0,0,0,0
2013,DOE,SPR,0,0,0,0
2013,DOE,SRO,0,0,0,0
2013,DOE,SWPA,0,0,0,0
2013,DOE,WAPA,0,0,0,0
2013,DOI,FOIA/PA Appeals,197,175,177,195
2013,DOJ,OIP,657,3327,3398,586
2013,DOJ,USPC,0,0,0,0
2013,DOT,FAA,29,83,83,29
2013,DOT,FHWA,13,13,16,10
2013,DOT,FMCSA,2,3,4,1
2013,DOT,FRA,0,5,4,1
2013,DOT,FTA,1,3,1,3
2013,DOT,MARAD,1,3,4,0
2013,DOT,NHTSA,0,9,9,0
2013,DOT,OIG,2,6,5,3
2013,DOT,OST,0,4,4,0
2013,DOT,PHMSA,0,0,0,0
2013,DOT,RITA,0,1,0,1
2013,DOT,SLSDC,0,0,0,0
2013,ED,OM-PIRMS,32,43,20,55
2013,EEOC,OLC/HDQ,18,291,291,18
2013,EPA,HQ,81,283,182,182
2013,EPA,Region 1,0,0,0,0
2013,EPA,Region 2,0,0,0,0
2013,EPA,Region 3,0,0,0,0
2013,EPA,Region 4,0,0,0,0
2013,EPA,Region 5,1,0,1,0
2013,EPA,Region 6,1,0,1,0
2013,EPA,Region 7,0,0,0,0
2013,EPA,Region 8,0,0,0,0
2013,EPA,Region 9,0,0,0,0
2013,EPA,Region 10,0,0,0,0
2013,Ex-Im Bank,HQ,1,3,2,2
2013,FCA,FCA,0,1,1,0
2013,FCC,FCC,10,28,16,22
2013,FCSIC,FCSIC,0,0,0,0
2013,FDIC,FDIC,6,29,34,1
2013,FEC,FEC,1,3,1,3
2013,FERC,FERC,1,13,12,2
2013,FFIEC,FFIEC,0,0,0,0
2013,FHFA,FHFA-HQ,1,10,11,0
2013,FHFA,FHFA-OIG,0,2,2,0
2013,FLRA,FSIP,0,0,0,0
2013,FLRA,Authority,0,0,0,0
2013,FLRA,IG,0,0,0,0
2013,FLRA,OGC,0,4,3,1
2013,FLRA,ATRO,0,0,0,0
2013,FLRA,BORO,0,0,0,0
2013,FLRA,CHRO,0,0,0,0
2013,FLRA,DARO,0,0,0,0
2013,FLRA,DERO,0,0,0,0
2013,FLRA,SFRO,0,0,0,0
2013,FLRA,WARO,0,0,0,0
2013,FMC,FMC,0,0,0,0
2013,FMCS,FMCS,0,2,1,1
2013,FMSHRC,FMSHRC,0,1,1,0
2013,FOMC,FOMC,0,0,0,0
2013,FRB,FRB,8,31,37,2
2013,FRTIB,FRTIB,0,1,1,0
2013,FTC,FTC,0,29,26,3
2013,GSA,GSA,8,21,23,6
2013,HHS,CMS,94,116,59,151
2013,HHS,OS,211,199,222,188
2013,HUD,HQ,3,25,24,4
2013,HUD,OIG,0,1,1,0
2013,HUD,R01,0,1,1,0
2013,HUD,R02,0,0,0,0
2013,HUD,R03,1,3,4,0
2013,HUD,R04,0,4,4,0
2013,HUD,R05,0,3,3,0
2013,HUD,R06,0,3,3,0
2013,HUD,R07,0,1,1,0
2013,HUD,R08,0,1,1,0
2013,HUD,R09,0,4,4,0
2013,HUD,R0X,1,0,1,0
2013,IAF,IAF,0,0,0,0
2013,IMLS,IMLS,0,1,1,0
2013,LSC,OLA,1,0,1,0
2013,LSC,OIG,0,0,0,0
2013,MCC,MCC,0,2,1,1
2013,MSPB,MSPB,1,18,18,1
2013,NARA,NARA,7,70,63,14
2013,NASA,ARC,0,0,0,0
2013,NASA,DFRC,0,0,0,0
2013,NASA,GRC,0,0,0,0
2013,NASA,GSFC,0,0,0,0
2013,NASA,HQ,0,0,0,0
2013,NASA,JPL,0,0,0,0
2013,NASA,JSC,0,0,0,0
2013,NASA,KSC,0,0,0,0
2013,NASA,LaRC,0,0,0,0
2013,NASA,MSFC,0,0,0,0
2013,NASA,NSSC,0,0,0,0
2013,NASA,OGC,2,19,16,5
2013,NASA,OIG,0,0,0,0
2013,NASA,SSC,0,0,0,0
2013,NCPC,NCPC,0,0,0,0
2013,NCUA,NCUA,0,5,5,0
2013,NEA,NEA,0,1,1,0
2013,NEH,NEH,0,0,0,0
2013,NIGC,NIGC,0,3,3,0
2013,NLRB,NLRB,2,27,26,3
2013,NMB,NMB,0,0,0,0
2013,NRPC,NRPC,1,4,2,3
2013,NSF,OGC,0,8,2,6
2013,NSF,OIG,0,2,2,0
2013,NTSB,NTSB,0,7,4,3
2013,ODNI,ODNI,19,26,23,22
2013,OGE,OGE,0,2,2,0
2013,OMB,OMB,0,9,4,5
2013,ONDCP,ONDCP,0,0,0,0
2013,ONHIR,ONHIR,0,0,0,0
2013,OPIC,OPIC,0,1,1,0
2013,OPM,OPM,4,41,39,6
2013,OSC,OSC,11,9,8,12
2013,OSHRC,OSHRC,0,0,0,0
2013,OSTP,OSTP,0,5,5,0
2013,PBGC,PBGC,0,5,3,2
2013,PC,FOIA Office,0,8,5,3
2013,PC,OIG,0,1,1,0
2013,PRC,PRC,0,0,0,0
2013,RATB,RATB,0,1,1,0
2013,SBA,SBA,0,13,12,1
2013,SEC,SEC,16,143,149,10
2013,SIGAR,SIGAR,0,1,1,0
2013,SSA,SSA,37,452,459,30
2013,SSS,SSS,0,0,0,0
2013,State,DoS,401,276,367,310
2013,State,OIG,0,6,3,3
2013,STB,STB,0,0,0,0
2013,Treasury,BEP,0,2,2,0
2013,Treasury,BPD,0,4,4,0
2013,Treasury,DO,53,25,13,65
2013,Treasury,FinCEN,1,14,14,1
2013,Treasury,FMS,1,12,12,1
2013,Treasury,IRS,10,239,235,14
2013,Treasury,MINT,0,5,5,0
2013,Treasury,OCC,8,22,27,3
2013,Treasury,TIGTA,1,35,34,2
2013,Treasury,TTB,0,0,0,0
2013,TVA,TVA,0,9,9,0
2013,U.S. CPSC,U.S. CPSC,0,12,12,0
2013,U.S. DOL,ADJ BDS,0,1,1,0
2013,U.S. DOL,ALJ,0,1,1,0
2013,U.S. DOL,ASP,0,0,0,0
2013,U.S. DOL,BLS,1,2,2,1
2013,U.S. DOL,CFO,0,0,0,0
2013,U.S. DOL,EBSA,4,11,4,11
2013,U.S. DOL,ETA,14,44,40,18
2013,U.S. DOL,EXEC SEC,0,0,0,0
2013,U.S. DOL,ILAB,0,0,0,0
2013,U.S. DOL,MSHA,13,9,8,14
2013,U.S. DOL,OASAM,9,11,7,13
2013,U.S. DOL,OCIA,0,0,0,0
2013,U.S. DOL,ODEP,0,0,0,0
2013,U.S. DOL,OFCCP,3,10,6,7
2013,U.S. DOL,OIG,2,2,2,2
2013,U.S. DOL,OLMS,7,6,9,4
2013,U.S. DOL,OPA,0,0,0,0
2013,U.S. DOL,OSEC,0,0,0,0
2013,U.S. DOL,OSHA,39,118,103,54
2013,U.S. DOL,OWCP,36,210,179,67
2013,U.S. DOL,SOL,1,3,0,4
2013,U.S. DOL,VETS,3,12,9,6
2013,U.S. DOL,WB,0,0,0,0
2013,U.S. DOL,WHD,13,24,22,15
2013,US ADF,US ADF,0,0,0,0
2013,US RRB,OIG,0,0,0,0
2013,US RRB,RRB,0,2,2,0
2013,USAID,USAID,36,9,25,20
2013,USCCR,USCCR,0,0,0,0
2013,USDA,AMS,4,14,11,7
2013,USDA,APHIS,84,25,19,90
2013,USDA,ASCR,0,0,0,0
2013,USDA,FAS,0,1,1,0
2013,USDA,FNCS,19,34,42,11
2013,USDA,FS,34,79,67,46
2013,USDA,FSA,1,26,25,2
2013,USDA,FSIS,1,9,6,4
2013,USDA,GIPSA,1,1,2,0
2013,USDA,NAD,0,0,0,0
2013,USDA,NRCS,0,7,2,5
2013,USDA,OBPA,0,0,0,0
2013,USDA,OCFO,2,0,1,1
2013,USDA,OGC,0,2,1,1
2013,USDA,OIG,5,11,15,1
2013,USDA,OSEC/OCIO/DM,4,4,1,7
2013,USDA,RD,27,5,0,32
2013,USDA,REE,1,2,3,0
2013,USDA,RMA,15,9,0,24
2013,USIBWC,USIBWC,0,0,0,0
2013,USITC,USITC,0,0,0,0
2013,USNRC,USNRC,0,23,15,8
2013,USPS,OIG,3,38,35,6
2013,USPS,PS & PIS,17,93,96,14
2013,USTDA,USTDA,1,0,1,0
2013,USTR,USTR,0,3,2,1
2013,VA,Admin,0,0,0,0
2013,VA,BVA,0,0,0,0
2013,VA,C&LA,0,0,0,0
2013,VA,CFM,0,0,0,0
2013,VA,GC,190,298,243,245
2013,VA,HRM,0,0,0,0
2013,VA,IG,0,0,0,0
2013,VA,Mgmt,0,0,0,0
2013,VA,NCA,0,0,0,0
2013,VA,OAL,0,0,0,0
2013,VA,OASHRA,0,0,0,0
2013,VA,OASP&IA,0,0,0,0
2013,VA,ODASB,0,0,0,0
2013,VA,ODASIA,0,0,0,0
2013,VA,ODI,0,0,0,0
2013,VA,OF,0,0,0,0
2013,VA,OIT,0,0,0,0
2013,VA,ORM,0,0,0,0
2013,VA,OSDBU,0,0,0,0
2013,VA,OSP,0,0,0,0
2013,VA,P&P,0,0,0,0
2013,VA,PA,0,0,0,0
2013,VA,SEC,0,0,0,0
2013,VA,VBA,0,0,0,0
2013,VA,VHA,0,0,0,0
2014,ABMC,ABMC,0,0,0,0
2014,ACUS,ACUS,0,0,0,0
2014,AFRH,AFRH,0,0,0,0
2014,BBG,BBG,1,96,97,0
2014,CEQ,CEQ,0,0,0,0
2014,CFPB,CFPB,0,28,25,3
2014,CFTC,CFTC,4,8,6,6
2014,CIA,CIA,191,294,324,161
2014,CIGIE,CIGIE,2,8,10,0
2014,CNCS,CNCS,0,1,1,0
2014,CO,CO,1,0,1,0
2014,CPPBSD,CPPBSD,0,0,0,0
2014,CSB,CSB,0,3,3,0
2014,CSOSA,CSOSA,0,1,1,0
2014,DHS,CBP,16,1004,991,29
2014,DHS,FEMA,31,16,17,30
2014,DHS,FLETC,2,2,4,0
2014,DHS,ICE,33,477,339,171
2014,DHS,OGC,24,93,101,16
2014,DHS,OIG,28,16,25,19
2014,DHS,TSA,7,35,36,6
2014,DHS,USCG,29,32,28,33
2014,DHS,USCIS,63,1926,1919,70
2014,DHS,USSS,2,33,30,5
2014,DNFSB,DNFSB,0,1,0,1
2014,DOC,PTO,1,13,14,0
2014,DOC,AGC/Admin,36,56,55,37
2014,DoD,AF,124,210,186,148
2014,DoD,ARMY,35,105,114,26
2014,DoD,ASBCA,0,0,0,0
2014,DoD,DCAA,0,2,2,0
2014,DoD,DCMA,0,5,2,3
2014,DoD,DeCA,0,1,1,0
2014,DoD,DFAS,0,1,0,1
2014,DoD,DHA,4,17,8,13
2014,DoD,DIA,91,58,68,81
2014,DoD,DISA,4,6,10,0
2014,DoD,DLA,0,8,8,0
2014,DoD,DoD IG,27,19,22,24
2014,DoD,DSS,0,0,0,0
2014,DoD,DTRA,2,1,1,2
2014,DoD,NAVY,21,252,257,16
2014,DoD,NGA,13,7,9,11
2014,DoD,NRO,6,5,6,5
2014,DoD,NSA,67,177,133,111
2014,DoD,OSD/JS,308,185,134,359
2014,DOE,BPA,0,0,0,0
2014,DOE,CBFO,0,0,0,0
2014,DOE,CH,0,0,0,0
2014,DOE,EMCBC,0,0,0,0
2014,DOE,GFO,0,0,0,0
2014,DOE,HQ,9,79,77,11
2014,DOE,ID,0,0,0,0
2014,DOE,NETL,0,0,0,0
2014,DOE,NNSA,0,0,0,0
2014,DOE,NR,0,0,0,0
2014,DOE,NRLFO,0,0,0,0
2014,DOE,ORO,0,0,0,0
2014,DOE,OSTI,0,0,0,0
2014,DOE,ROO,0,0,0,0
2014,DOE,SEPA,0,0,0,0
2014,DOE,SPR,0,0,0,0
2014,DOE,SRO,0,0,0,0
2014,DOE,SWPA,0,0,0,0
2014,DOE,WAPA,0,0,0,0
2014,DOI,FOIA/PA Appeals,197,165,90,272
2014,DOJ,OIP,593,3203,3093,703
2014,DOJ,USPC,1,6,7,0
2014,DOT,FAA,32,49,60,21
2014,DOT,FHWA,10,19,27,2
2014,DOT,FMCSA,1,3,3,1
2014,DOT,FRA,1,1,1,1
2014,DOT,FTA,2,5,6,1
2014,DOT,MARAD,0,3,2,1
2014,DOT,NHTSA,0,9,9,0
2014,DOT,OIG,3,0,2,1
2014,DOT,OST,0,6,5,1
2014,DOT,PHMSA,0,3,3,0
2014,DOT,RITA,1,1,2,0
2014,DOT,SLSDC,0,0,0,0
2014,ED,OCTAE,0,0,0,0
2014,ED,OSHS,1,0,0,1
2014,ED,FSA,10,11,6,15
2014,ED,IES,1,0,0,1
2014,ED,IES-NAGB,0,0,0,0
2014,ED,M,5,3,1,7
2014,ED,OCFO,0,0,0,0
2014,ED,OCFO-CAM,1,0,0,1
2014,ED,OCIO,1,0,0,1
2014,ED,OCO,0,0,0,0
2014,ED,OCR,3,4,1,6
2014,ED,OCR-1 Boston,0,2,0,2
2014,ED,OCR-2 New York,2,3,1,4
2014,ED,OCR-3 Philadelphia,3,1,2,2
2014,ED,OCR-4 Atlanta,1,3,1,3
2014,ED,OCR-5 Chicago,4,6,4,6
2014,ED,OCR-6 Dallas,1,3,0,4
2014,ED,OCR-7 Kansas City,0,0,0,0
2014,ED,OCR-8 Denver,0,0,0,0
2014,ED,OCR-9 San Francisco,2,1,0,3
2014,ED,OCR-10 Seattle,1,4,1,4
2014,ED,OCR-12 Cleveland,1,2,0,3
2014,ED,OCR-Metro D.C.,3,1,0,4
2014,ED,ODS,0,0,0,0
2014,ED,OESE,0,1,0,1
2014,ED,OGC,1,0,0,1
2014,ED,OIG,3,8,9,2
2014,ED,OII,1,0,0,1
2014,ED,OLCA,0,0,0,0
2014,ED,OM,0,0,0,0
2014,ED,OM-PIRMS,8,5,1,12
2014,ED,OPE,1,0,0,1
2014,ED,OPEPD,0,0,0,0
2014,ED,OS,0,0,0,0
2014,ED,OSERS,1,0,0,1
2014,ED,OUS,0,0,0,0
2014,EEOC,OLC/HDQ,15,296,295,16
2014,EPA,HQ,182,226,185,223
2014,EPA,Region 1,0,0,0,0
2014,EPA,Region 2,0,0,0,0
2014,EPA,Region 3,0,0,0,0
2014,EPA,Region 4,0,0,0,0
2014,EPA,Region 5,0,0,0,0
2014,EPA,Region 6,0,0,0,0
2014,EPA,Region 7,0,0,0,0
2014,EPA,Region 8,0,0,0,0
2014,EPA,Region 9,0,0,0,0
2014,EPA,Region 10,0,0,0,0
2014,Ex-Im Bank,HQ,2,2,2,2
2014,FCA,FCA,0,1,1,0
2014,FCC,FCC,30,24,48,6
2014,FCSIC,FCSIC,0,0,0,0
2014,FDIC,FDIC,1,26,25,2
2014,FEC,FEC,3,4,3,4
2014,FERC,FERC,2,21,23,0
2014,FFIEC,FFIEC,0,1,1,0
2014,FHFA,FHFA-HQ,0,11,10,1
2014,FHFA,FHFA-OIG,0,4,4,0
2014,FLRA,FSIP,0,0,0,0
2014,FLRA,Authority,0,0,0,0
2014,FLRA,IG,0,0,0,0
2014,FLRA,OGC,1,2,3,0
2014,FLRA,ATRO,0,0,0,0
2014,FLRA,BORO,0,0,0,0
2014,FLRA,CHRO,0,0,0,0
2014,FLRA,DARO,0,0,0,0
2014,FLRA,DERO,0,0,0,0
2014,FLRA,SFRO,0,0,0,0
2014,FLRA,WARO,0,0,0,0
2014,FMCS,FMCS,1,0,1,0
2014,FMSHRC,FMSHRC,0,0,0,0
2014,FOMC,FOMC,0,0,0,0
2014,FRB,FRB,2,14,16,0
2014,FRTIB,FRTIB,0,2,2,0
2014,FTC,FTC,3,15,16,2
2014,GSA,GSA,6,12,16,2
2014,HHS,CMS,151,122,28,245
2014,HHS,OS,190,203,218,175
2014,HUD,HQ,4,31,29,6
2014,HUD,OIG,0,11,9,2
2014,HUD,R01,0,0,0,0
2014,HUD,R02,0,1,1,0
2014,HUD,R03,0,2,2,0
2014,HUD,R04,0,6,5,1
2014,HUD,R05,0,7,6,1
2014,HUD,R06,0,3,3,0
2014,HUD,R07,0,0,0,0
2014,HUD,R08,0,1,1,0
2014,HUD,R09,0,3,1,2
2014,HUD,R0X,0,2,2,0
2014,IAF,IAF,0,1,1,0
2014,IMLS,IMLS,0,0,0,0
2014,LSC,OLA,0,3,3,0
2014,LSC,OIG,0,2,2,0
2014,MCC,MCC,1,1,2,0
2014,MSPB,MSPB,1,10,9,2
2014,NARA,NARA,14,81,67,28
2014,NASA,AFRC,0,0,0,0
2014,NASA,ARC,0,0,0,0
2014,NASA,GRC,0,0,0,0
2014,NASA,GSFC,0,0,0,0
2014,NASA,HQ,0,0,0,0
2014,NASA,JPL,0,0,0,0
2014,NASA,JSC,0,0,0,0
2014,NASA,KSC,0,0,0,0
2014,NASA,LaRC,0,0,0,0
2014,NASA,MSFC,0,0,0,0
2014,NASA,NSSC,0,0,0,0
2014,NASA,OGC,5,17,21,1
2014,NASA,OIG,0,1,1,0
2014,NASA,SSC,0,0,0,0
2014,NCPC,NCPC,0,1,1,0
2014,NCUA,NCUA,0,3,2,1
2014,NEA,NEA,0,0,0,0
2014,NEH,NEH,0,2,2,0
2014,NIGC,NIGC,0,2,1,1
2014,NLRB,NLRB,3,21,21,3
2014,NMB,NMB,0,2,2,0
2014,NRPC,NRPC,3,6,4,5
2014,NSF,OGC,6,5,10,1
2014,NSF,OIG,0,4,4,0
2014,NTSB,NTSB,3,11,12,2
2014,ODNI,ODNI,22,14,10,26
2014,OGE,OGE,0,1,1,0
2014,OMB,OMB,5,10,12,3
2014,ONDCP,ONDCP,0,0,0,0
2014,ONHIR,ONHIR,0,0,0,0
2014,OPIC,OPIC,0,4,4,0
2014,OPM,OPM,6,17,21,2
2014,OSC,OSC,12,5,6,11
2014,OSHRC,OSHRC,0,1,1,0
2014,OSTP,OSTP,0,4,4,0
2014,PBGC,PBGC,1,10,10,1
2014,PC,FOIA Office,3,3,5,1
2014,PC,OIG,0,1,1,0
2014,PCLOB,PCLOB,0,4,2,2
2014,PRC,PRC,0,1,1,0
2014,RATB,RATB,0,0,0,0
2014,SBA,SBA,1,21,22,0
2014,SEC,SEC,10,452,432,30
2014,SIGAR,SIGAR,0,1,1,0
2014,SSA,SSA,30,285,255,60
2014,SSS,SSS,0,2,2,0
2014,State,DoS,293,351,382,262
2014,State,OIG,3,5,0,8
2014,STB,STB,0,0,0,0
2014,Treasury,BEP,0,8,8,0
2014,Treasury,DO,65,16,16,65
2014,Treasury,FinCEN,1,11,8,4
2014,Treasury,IRS,13,184,188,9
2014,Treasury,MINT,0,6,6,0
2014,Treasury,OCC,3,28,22,9
2014,Treasury,TIGTA,3,27,26,4
2014,Treasury,TTB,0,0,0,0
2014,Treasury,Fiscal Service,1,14,13,2
2014,TVA,TVA,0,7,6,1
2014,U.S. CPSC,U.S. CPSC,0,14,14,0
2014,U.S. DOL,ADJ BDS,0,1,1,0
2014,U.S. DOL,ALJ,0,0,0,0
2014,U.S. DOL,ASP,0,0,0,0
2014,U.S. DOL,BLS,1,0,0,1
2014,U.S. DOL,CFO,0,0,0,0
2014,U.S. DOL,EBSA,11,8,9,10
2014,U.S. DOL,ETA,18,52,27,43
2014,U.S. DOL,EXEC SEC,0,0,0,0
2014,U.S. DOL,ILAB,0,0,0,0
2014,U.S. DOL,MSHA,14,21,12,23
2014,U.S. DOL,OASAM,13,7,7,13
2014,U.S. DOL,OCIA,0,0,0,0
2014,U.S. DOL,ODEP,0,0,0,0
2014,U.S. DOL,OFCCP,7,2,1,8
2014,U.S. DOL,OIG,2,1,2,1
2014,U.S. DOL,OLMS,4,1,2,3
2014,U.S. DOL,OPA,0,0,0,0
2014,U.S. DOL,OSEC,0,0,0,0
2014,U.S. DOL,OSHA,54,113,48,119
2014,U.S. DOL,OWCP,67,167,147,87
2014,U.S. DOL,SOL,4,0,2,2
2014,U.S. DOL,VETS,6,3,3,6
2014,U.S. DOL,WB,0,0,0,0
2014,U.S. DOL,WHD,15,24,16,23
2014,US ADF,US ADF,0,0,0,0
2014,US RRB,OIG,0,0,0,0
2014,US RRB,RRB,0,1,1,0
2014,USAID,USAID,20,16,18,18
2014,USCCR,USCCR,0,1,1,0
2014,USDA,AMS,7,10,8,9
2014,USDA,APHIS,90,36,31,95
2014,USDA,ASCR,0,0,0,0
2014,USDA,FAS,0,2,2,0
2014,USDA,FNCS,12,47,6,53
2014,USDA,FS,46,71,50,67
2014,USDA,FSA,1,22,16,7
2014,USDA,FSIS,2,18,16,4
2014,USDA,GIPSA,1,3,1,3
2014,USDA,NAD,0,0,0,0
2014,USDA,NRCS,5,4,9,0
2014,USDA,OBPA,0,0,0,0
2014,USDA,OCFO,1,0,0,1
2014,USDA,OGC,1,2,2,1
2014,USDA,OIG,1,8,8,1
2014,USDA,OSEC/OCIO/DM,8,8,10,6
2014,USDA,RD,32,8,10,30
2014,USDA,REE,0,0,0,0
2014,USDA,RMA,24,3,0,27
2014,USIBWC,USIBWC,0,0,0,0
2014,USITC,USITC,0,3,3,0
2014,USNRC,USNRC,8,37,42,3
2014,USPS,OIG,6,35,38,3
2014,USPS,PS & PIS,13,174,152,35
2014,USTDA,USTDA,0,1,1,0
2014,USTR,USTR,1,0,1,0
2014,VA,Admin,0,0,0,0
2014,VA,BVA,0,0,0,0
2014,VA,C&LA,0,0,0,0
2014,VA,CFM,0,0,0,0
2014,VA,GC,244,280,237,287
2014,VA,HRM,0,0,0,0
2014,VA,IG,1,19,15,5
2014,VA,Mgmt,0,0,0,0
2014,VA,NCA,0,0,0,0
2014,VA,OAL,0,0,0,0
2014,VA,OASHRA,0,0,0,0
2014,VA,OASP&IA,0,0,0,0
2014,VA,ODASB,0,0,0,0
2014,VA,ODASIA,0,0,0,0
2014,VA,ODI,0,0,0,0
2014,VA,OF,0,0,0,0
2014,VA,OIT,0,0,0,0
2014,VA,ORM,0,0,0,0
2014,VA,OSDBU,0,0,0,0
2014,VA,OSP,0,0,0,0
2014,VA,P&P,0,0,0,0
2014,VA,PA,0,0,0,0
2014,VA,SEC,0,0,0,0
2014,VA,VBA,0,0,0,0
2014,VA,VHA,0,0,0,0
2015,ABMC,ABMC,0,0,0,0
2015,ACUS,ACUS,0,3,3,0
2015,AFRH,AFRH,0,2,2,0
2015,BBG,BBG,0,3,3,0
2015,CEQ,CEQ,0,1,1,0
2015,CFPB,CFPB,3,28,29,2
2015,CFTC,CFTC,7,9,15,1
2015,CIA,CIA,161,257,261,157
2015,CIGIE,CIGIE,0,0,0,0
2015,CNCS,CNCS,0,0,0,0
2015,CO,CO,0,0,0,0
2015,CPPBSD,CPPBSD,0,0,0,0
2015,CSB,CSB,0,0,0,0
2015,CSOSA,CSOSA,0,0,0,0
2015,DHS,CBP,29,1735,1647,117
2015,DHS,FEMA,30,19,14,35
2015,DHS,FLETC,0,0,0,0
2015,DHS,ICE,171,599,609,161
2015,DHS,OGC,16,116,100,32
2015,DHS,OIG,19,19,36,2
2015,DHS,TSA,13,20,29,4
2015,DHS,USCG,33,30,41,22
2015,DHS,USCIS,70,1987,2002,55
2015,DHS,USSS,5,154,156,3
2015,DNFSB,DNFSB,1,0,1,0
2015,DOC,OIG,0,6,6,0
2015,DOC,PTO,0,29,26,3
2015,DOC,AGC/Admin,37,51,32,56
2015,DoD,AF,148,210,240,118
2015,DoD,ARMY,26,121,25,122
2015,DoD,ASBCA,0,0,0,0
2015,DoD,DCAA,0,4,4,0
2015,DoD,DCMA,3,4,2,5
2015,DoD,DeCA,0,0,0,0
2015,DoD,DFAS,1,2,3,0
2015,DoD,DHA,14,3,12,5
2015,DoD,DIA,80,40,43,77
2015,DoD,DISA,0,2,0,2
2015,DoD,DLA,0,20,13,7
2015,DoD,DoD IG,24,20,35,9
2015,DoD,DSS,0,3,3,0
2015,DoD,DTRA,2,3,3,2
2015,DoD,NAVY,16,319,307,28
2015,DoD,NGA,11,5,7,9
2015,DoD,NRO,5,4,8,1
2015,DoD,NSA,111,99,28,182
2015,DoD,OSD/JS,361,224,270,315
2015,DOE,HQ,11,76,75,12
2015,DOI,FOIA/PA Appeals,272,191,221,242
2015,DOJ,OIP,702,3923,4107,518
2015,DOJ,USPC,1,3,2,2
2015,DOT,FAA,23,102,101,24
2015,DOT,FHWA,2,15,17,0
2015,DOT,FMCSA,0,1,0,1
2015,DOT,FRA,1,7,2,6
2015,DOT,FTA,1,6,3,4
2015,DOT,MARAD,1,3,3,1
2015,DOT,NHTSA,0,12,11,1
2015,DOT,OIG,1,5,5,1
2015,DOT,OST,0,5,5,0
2015,DOT,PHMSA,0,8,8,0
2015,DOT,RITA,0,0,0,0
2015,DOT,SLSDC,0,0,0,0
2015,ED,OCTAE,0,0,0,0
2015,ED,OM-OCPO,6,9,1,14
2015,ED,OSHS,0,0,0,0
2015,ED,FSA,13,7,12,8
2015,ED,IES,1,2,0,3
2015,ED,IES-NAGB,0,0,0,0
2015,ED,M,7,2,0,9
2015,ED,OCFO,0,0,0,0
2015,ED,OCFO-CAM,1,0,0,1
2015,ED,OCIO,0,0,0,0
2015,ED,OCO,0,0,0,0
2015,ED,OCR,5,2,5,2
2015,ED,OCR-1 Boston,2,0,2,0
2015,ED,OCR-2 New York,4,3,4,3
2015,ED,OCR-3 Philadelphia,3,3,4,2
2015,ED,OCR-4 Atlanta,2,2,3,1
2015,ED,OCR-5 Chicago,6,5,7,4
2015,ED,OCR-6 Dallas,5,3,6,2
2015,ED,OCR-7 Kansas City,0,3,1,2
2015,ED,OCR-8 Denver,0,0,0,0
2015,ED,OCR-9 San Francisco,3,3,3,3
2015,ED,OCR-10 Seattle,4,0,4,0
2015,ED,OCR-12 Cleveland,3,0,3,0
2015,ED,OCR-Metro D.C.,5,2,5,2
2015,ED,ODS,1,0,0,1
2015,ED,OESE,2,1,2,1
2015,ED,OGC,8,1,0,9
2015,ED,OIG,2,0,0,2
2015,ED,OII,1,0,0,1
2015,ED,OLCA,0,0,0,0
2015,ED,OM,0,1,1,0
2015,ED,OPE,1,0,0,1
2015,ED,OPEPD,0,1,0,1
2015,ED,OS,0,0,0,0
2015,ED,OSERS,1,0,0,1
2015,ED,OUS,0,0,0,0
2015,EEOC,OLC/HDQ,16,272,275,13
2015,EPA,HQ,191,222,228,185
2015,Ex-Im Bank,OIG,0,0,0,0
2015,Ex-Im Bank,HQ,2,4,6,0
2015,FCA,FCA,0,1,1,0
2015,FCC,FCC,5,16,9,12
2015,FCSIC,FCSIC,0,0,0,0
2015,FDIC,FDIC,2,19,21,0
2015,FEC,FEC,4,4,4,4
2015,FERC,FERC,0,13,12,1
2015,FFIEC,FFIEC,0,1,1,0
2015,FHFA,FHFA-HQ,1,2,2,1
2015,FHFA,FHFA-OIG,0,6,6,0
2015,FLRA,FSIP,0,0,0,0
2015,FLRA,Authority,0,2,2,0
2015,FLRA,IG,0,0,0,0
2015,FLRA,OGC,0,2,2,0
2015,FLRA,ATRO,0,0,0,0
2015,FLRA,BORO,0,0,0,0
2015,FLRA,CHRO,0,0,0,0
2015,FLRA,DARO,0,0,0,0
2015,FLRA,DERO,0,0,0,0
2015,FLRA,SFRO,0,0,0,0
2015,FLRA,WARO,0,0,0,0
2015,FMC,FMC,0,0,0,0
2015,FMCS,FMCS,0,0,0,0
2015,FMSHRC,FMSHRC,0,0,0,0
2015,FOMC,FOMC,0,1,1,0
2015,FRB,FRB,0,19,18,1
2015,FRTIB,FRTIB,0,2,2,0
2015,FTC,FTC,2,36,37,1
2015,GSA,GSA,2,37,37,2
2015,HHS,CMS,243,116,92,267
2015,HHS,OS,183,196,190,189
2015,HUD,HQ,6,21,16,11
2015,HUD,OIG,2,5,6,1
2015,HUD,R01,0,0,0,0
2015,HUD,R02,0,0,0,0
2015,HUD,R03,0,1,1,0
2015,HUD,R04,1,2,3,0
2015,HUD,R05,1,2,3,0
2015,HUD,R06,0,1,1,0
2015,HUD,R07,0,0,0,0
2015,HUD,R08,0,1,1,0
2015,HUD,R09,2,3,5,0
2015,HUD,R0X,0,2,2,0
2015,IAF,IAF,0,0,0,0
2015,IMLS,IMLS,0,1,1,0
2015,LSC,OLA,0,1,1,0
2015,LSC,OIG,0,0,0,0
2015,MCC,MCC,0,0,0,0
2015,MSPB,MSPB,1,4,5,0
2015,NARA,NARA,28,104,27,105
2015,NASA,OGC,1,31,27,5
2015,NASA,OIG,0,0,0,0
2015,NCPC,NCPC,0,0,0,0
2015,NCUA,NCUA,1,3,4,0
2015,NEA,NEA,0,0,0,0
2015,NEH,NEH,0,1,1,0
2015,NIGC,NIGC,1,1,2,0
2015,NLRB,NLRB,3,24,24,3
2015,NMB,NMB,0,0,0,0
2015,NRPC,NRPC,5,6,3,8
2015,NSF,OGC,1,3,4,0
2015,NSF,OIG,0,0,0,0
2015,NTSB,NTSB,2,9,7,4
2015,ODNI,ODNI,26,17,21,22
2015,OGE,OGE,0,6,6,0
2015,OMB,OMB,3,5,3,5
2015,ONDCP,ONDCP,0,0,0,0
2015,ONHIR,ONHIR,0,0,0,0
2015,OPIC,OPIC,0,1,1,0
2015,OPM,OPM,2,35,20,17
2015,OSC,OSC,11,3,7,7
2015,OSHRC,OSHRC,0,0,0,0
2015,OSTP,OSTP,0,6,6,0
2015,PBGC,PBGC,1,20,18,3
2015,PC,FOIA Office,1,7,8,0
2015,PC,OIG,0,1,1,0
2015,PCLOB,PCLOB,2,1,3,0
2015,PRC,PRC,0,0,0,0
2015,SBA,SBA,0,23,18,5
2015,SEC,SEC,27,495,505,17
2015,SIGAR,SIGAR,0,0,0,0
2015,SSA,SSA,60,252,272,40
2015,SSS,SSS,0,0,0,0
2015,State,DoS,260,242,118,384
2015,State,OIG,8,1,0,9
2015,STB,STB,0,2,2,0
2015,Treasury,BEP,0,4,4,0
2015,Treasury,DO,78,26,9,95
2015,Treasury,FinCEN,1,16,16,1
2015,Treasury,IRS,9,236,240,5
2015,Treasury,MINT,0,2,2,0
2015,Treasury,OCC,9,10,18,1
2015,Treasury,TIGTA,3,20,21,2
2015,Treasury,TTB,4,0,0,4
2015,Treasury,Fiscal Service,2,18,17,3
2015,TVA,TVA,1,6,7,0
2015,U.S. CPSC,U.S. CPSC,0,19,19,0
2015,U.S. DOL,ADJ BDS,0,0,0,0
2015,U.S. DOL,ALJ,0,0,0,0
2015,U.S. DOL,ASP,0,0,0,0
2015,U.S. DOL,BLS,1,1,2,0
2015,U.S. DOL,CFO,0,0,0,0
2015,U.S. DOL,EBSA,10,14,14,10
2015,U.S. DOL,ETA,43,43,32,54
2015,U.S. DOL,EXEC SEC,0,0,0,0
2015,U.S. DOL,ILAB,0,0,0,0
2015,U.S. DOL,MSHA,23,14,13,24
2015,U.S. DOL,OASAM,13,5,10,8
2015,U.S. DOL,OCIA,0,0,0,0
2015,U.S. DOL,ODEP,0,0,0,0
2015,U.S. DOL,OFCCP,8,5,5,8
2015,U.S. DOL,OIG,1,0,1,0
2015,U.S. DOL,OLMS,3,7,3,7
2015,U.S. DOL,OPA,0,0,0,0
2015,U.S. DOL,OSEC,0,1,0,1
2015,U.S. DOL,OSHA,119,163,86,196
2015,U.S. DOL,OWCP,87,83,79,91
2015,U.S. DOL,SOL,2,4,2,4
2015,U.S. DOL,VETS,6,12,6,12
2015,U.S. DOL,WB,0,0,0,0
2015,U.S. DOL,WHD,23,52,44,31
2015,US ADF,US ADF,0,0,0,0
2015,US RRB,OIG,0,0,0,0
2015,US RRB,RRB,0,0,0,0
2015,USAB,USAB,0,1,1,0
2015,USAID,USAID,18,17,29,6
2015,USCCR,USCCR,0,0,0,0
2015,USDA,AMS,9,6,3,12
2015,USDA,APHIS,95,20,20,95
2015,USDA,ASCR,0,1,1,0
2015,USDA,FAS,0,2,1,1
2015,USDA,FNCS,53,131,6,178
2015,USDA,FS,67,65,51,81
2015,USDA,FSA,7,18,22,3
2015,USDA,FSIS,6,12,12,6
2015,USDA,GIPSA,3,1,3,1
2015,USDA,NAD,0,0,0,0
2015,USDA,NRCS,0,11,8,3
2015,USDA,OBPA,0,0,0,0
2015,USDA,OCFO,1,0,0,1
2015,USDA,OGC,1,0,0,1
2015,USDA,OIG,1,7,6,2
2015,USDA,OSEC/OCIO/DM,6,6,4,8
2015,USDA,RD,16,19,29,6
2015,USDA,REE,0,2,2,0
2015,USDA,RMA,33,3,3,33
2015,USIBWC,USIBWC,0,1,1,0
2015,USITC,USITC,0,4,4,0
2015,USNRC,USNRC,3,73,70,6
2015,USPS,OIG,3,22,24,1
2015,USPS,PS & PIS,32,200,204,28
2015,USTDA,USTDA,0,0,0,0
2015,USTR,USTR,0,6,5,1
2015,VA,Admin,0,0,0,0
2015,VA,BVA,0,0,0,0
2015,VA,C&LA,0,0,0,0
2015,VA,CFM,0,0,0,0
2015,VA,GC,287,334,332,289
2015,VA,HRM,0,0,0,0
2015,VA,IG,5,44,45,4
2015,VA,Mgmt,0,0,0,0
2015,VA,NCA,0,0,0,0
2015,VA,OAL,0,0,0,0
2015,VA,OASHRA,0,0,0,0
2015,VA,OASP&IA,0,0,0,0
2015,VA,ODASB,0,0,0,0
2015,VA,ODASIA,0,0,0,0
2015,VA,ODI,0,0,0,0
2015,VA,OIT,0,0,0,0
2015,VA,ORM,0,0,0,0
2015,VA,OSDBU,0,0,0,0
2015,VA,OSP,0,0,0,0
2015,VA,P&P,0,0,0,0
2015,VA,PA,0,0,0,0
2015,VA,SEC,0,0,0,0
2015,VA,VBA,0,0,0,0
2015,VA,VHA,0,0,0,0
