Year,Agency,Component,Number of Backlogged Requests as of End of Fiscal Year from Previous Annual Report,Nnumber of Backlogged Requests as of End of Fiscal Year from Current Annual Report
2008,CEQ,CEQ,20,5
2008,CFTC,CFTC,0,6
2008,CNCS,CNCS,0,0
2008,CO,CO,1,10
2008,CPPBSD,CPPBSD,4,2
2008,CSB,CSB,35,25
2008,DHS,CBP,0,4794
2008,DHS,CRCL,0,5
2008,DHS,FEMA,0,544
2008,DHS,FLETC,0,7
2008,DHS,I&A,0,0
2008,DHS,ICE,0,8
2008,DHS,MGMT,0,1
2008,DHS,NPPD,0,13
2008,DHS,OGC,0,5
2008,DHS,OIG,0,23
2008,DHS,OPS,0,0
2008,DHS,PLCY,0,7
2008,DHS,PRIV,0,22
2008,DHS,S&T,0,6
2008,DHS,TSA,0,349
2008,DHS,US-VISIT,0,2
2008,DHS,USCG,0,1044
2008,DHS,USCIS,0,67545
2008,DHS,USSS,0,504
2008,DNFSB,OGC,0,0
2008,DNFSB,OGM,0,0
2008,DOC,BIS,1,6
2008,DOC,Census,1,1
2008,DOC,EDA,0,0
2008,DOC,ESA,0,0
2008,DOC,ITA,0,0
2008,DOC,MBDA,0,0
2008,DOC,NIST,15,17
2008,DOC,NOAA,143,102
2008,DOC,NTIA,0,0
2008,DOC,NTIS,1,0
2008,DOC,OIG,4,2
2008,DOC,OS,14,15
2008,DOC,PTO,1,0
2008,DoD,AF,0,789
2008,DoD,ARMY,0,2950
2008,DoD,ASBCA,0,0
2008,DoD,CENTCOM,0,182
2008,DoD,DCAA,0,0
2008,DoD,DCMA,0,25
2008,DoD,DeCA,0,0
2008,DoD,DFAS,0,0
2008,DoD,DIA,0,2898
2008,DoD,DISA,0,157
2008,DoD,DLA,0,27
2008,DoD,DoDEA,0,3
2008,DoD,DoDIG,0,28
2008,DoD,DSS,0,2
2008,DoD,DTIC,0,0
2008,DoD,DTRA,0,10
2008,DoD,EUCOM,0,53
2008,DoD,JFCOM,0,48
2008,DoD,NAVY,0,1277
2008,DoD,NGA,0,221
2008,DoD,NORTHCOM,0,0
2008,DoD,NRO,0,0
2008,DoD,NSA,0,282
2008,DoD,OSD/JS,0,2245
2008,DoD,PACOM,0,37
2008,DoD,SOCOM,0,240
2008,DoD,SOUTHCOM,0,0
2008,DoD,STRATCOM,0,1
2008,DoD,TRANSCOM,0,47
2008,DoD,TRICARE,0,11
2008,DOE,BPA,0,2
2008,DOE,CBFO,0,0
2008,DOE,CH,0,1
2008,DOE,EMCBC,0,2
2008,DOE,GFO,0,1
2008,DOE,HQ,0,108
2008,DOE,ID,0,1
2008,DOE,NETL,0,2
2008,DOE,NNSA/AL,0,116
2008,DOE,NR,0,2
2008,DOE,ORO,0,10
2008,DOE,OSTI,0,0
2008,DOE,PNSO,0,0
2008,DOE,RL,0,0
2008,DOE,SEPA,0,0
2008,DOE,SPR,0,1
2008,DOE,SROO,0,1
2008,DOE,SWPA,0,0
2008,DOE,WAPA,0,0
2008,DOI,BIA,0,121
2008,DOI,BLM,0,46
2008,DOI,BOR,0,9
2008,DOI,FWS,0,84
2008,DOI,MMS,0,9
2008,DOI,NPS,0,30
2008,DOI,OIG,0,252
2008,DOI,OS,0,46
2008,DOI,OSM,0,3
2008,DOI,SOL,0,66
2008,DOI,USGS,0,0
2008,DOJ,Office of the AG,0,90
2008,DOJ,Office of the DAG,0,61
2008,DOJ,Office of the Assoc. AG,0,9
2008,DOJ,Antitrust,0,27
2008,DOJ,ATF,0,29
2008,DOJ,BOP,0,401
2008,DOJ,Civil,0,10
2008,DOJ,Civil Rights,0,48
2008,DOJ,COPS,0,0
2008,DOJ,Criminal,0,231
2008,DOJ,CRS,0,0
2008,DOJ,DEA,0,768
2008,DOJ,ENRD,0,9
2008,DOJ,EOIR,0,176
2008,DOJ,EOUSA,0,1160
2008,DOJ,EOUST,0,26
2008,DOJ,FBI,0,1001
2008,DOJ,FCSC,0,0
2008,DOJ,JMD,0,23
2008,DOJ,NDIC,0,0
2008,DOJ,NSD,0,49
2008,DOJ,ODR,0,0
2008,DOJ,OFDT,0,2
2008,DOJ,OIG,0,13
2008,DOJ,OIP,0,14
2008,DOJ,OIPL,0,3
2008,DOJ,OJP,0,22
2008,DOJ,OLA,0,36
2008,DOJ,OLC,0,17
2008,DOJ,OLP,0,16
2008,DOJ,OPR,0,11
2008,DOJ,OSG,0,0
2008,DOJ,OVW,0,0
2008,DOJ,Pardon Attorney,0,8
2008,DOJ,Public Affairs,0,7
2008,DOJ,PRAO,0,0
2008,DOJ,TAX,0,1
2008,DOJ,USMS,0,3
2008,DOJ,USNCB,0,0
2008,DOJ,USPC,0,93
2008,DOT,FAA,0,884
2008,DOT,FHWA,0,48
2008,DOT,FMCSA,0,145
2008,DOT,FRA,0,105
2008,DOT,FTA,0,27
2008,DOT,MARAD,0,170
2008,DOT,NHTSA,0,22
2008,DOT,OIG,0,72
2008,DOT,OST,0,63
2008,DOT,PHMSA,0,46
2008,DOT,RITA,0,1
2008,DOT,SLSDC,0,0
2008,ED,FSA,90,57
2008,ED,IES,7,1
2008,ED,OCFO,4,1
2008,ED,OCFO-CAM,38,30
2008,ED,OCFO-FSS,0,6
2008,ED,OCIO,3,0
2008,ED,OCO,1,3
2008,ED,OCR,8,1
2008,ED,OCR-Atlanta,2,9
2008,ED,OCR-Boston,5,4
2008,ED,OCR-Chicago,4,2
2008,ED,OCR-Cleveland,0,0
2008,ED,OCR-Dallas,2,3
2008,ED,OCR-Denver,2,0
2008,ED,OCR-Kansas City,8,5
2008,ED,OCR-Metro,2,6
2008,ED,OCR-New York,33,30
2008,ED,OCR-Philadelphia,9,22
2008,ED,OCR-San Francisco,2,0
2008,ED,OCR-Seattle,4,0
2008,ED,OELA,4,8
2008,ED,OESE,60,13
2008,ED,OGC,9,7
2008,ED,OIG,6,2
2008,ED,OII,40,6
2008,ED,OLCA,3,1
2008,ED,OM,3,0
2008,ED,OM-RIMS,241,46
2008,ED,OPE,16,21
2008,ED,OPEPD,2,8
2008,ED,OS,4,9
2008,ED,OSDFS,24,33
2008,ED,OSERS,18,12
2008,ED,OUS,2,1
2008,ED,OVAE,3,1
2008,EPA,HQ,718,783
2008,Ex-Im Bank,Ex-Im Bank,13,9
2008,FCA,FCA,0,0
2008,FCC,FCC,0,25
2008,FCSIC,FCSIC,0,0
2008,FDIC,FDIC,0,10
2008,FEC,FEC,10,6
2008,FERC,FERC,0,1
2008,FFIEC,FFIEC,0,0
2008,FLRA,Authority,0,10
2008,FMC,FMC,3,11
2008,FMCS,FMCS,0,0
2008,FMSHRC,FMSHRC,0,0
2008,FOMC,FOMC,0,0
2008,FRB,FRB,0,5
2008,FTC,FTC,0,1
2008,GSA,GSA,6,2
2008,HHS,ACF,0,546
2008,HHS,AOA,0,1
2008,HHS,CMS,0,10477
2008,HHS,OIG,0,3
2008,HHS,OPHS,0,258
2008,HHS,AHRQ,0,5
2008,HHS,CDC,403,586
2008,HHS,FDA,0,6568
2008,HHS,HRSA,0,28
2008,HHS,IHS,0,49
2008,HHS,NIH,0,101
2008,HHS,SAMHSA,0,43
2008,HHS,OS,0,686
2008,HUD,FO,325,260
2008,HUD,HQ,394,368
2008,HUD,IG,45,69
2008,IAF,IAF,0,0
2008,IMLS,IMLS,0,1
2008,MSPB,MSPB,15,6
2008,NARA,NARA,5177,5781
2008,NASA,ARC,0,14
2008,NASA,DFRC,0,0
2008,NASA,GRC,0,0
2008,NASA,GSFC,0,16
2008,NASA,HQS,0,38
2008,NASA,JPL,0,4
2008,NASA,JSC,0,0
2008,NASA,KSC,0,0
2008,NASA,LaRC,0,16
2008,NASA,MSFC,0,0
2008,NASA,NSSC,0,0
2008,NASA,OIG,0,0
2008,NASA,SSC,0,0
2008,NCUA,NCUA,0,0
2008,NEH,NEH,4,2
2008,NIGC,NIGC,0,1
2008,NMB,NMB,0,0
2008,NRPC,NRPC,5,17
2008,NSF,Foundation,2,1
2008,NSF,OIG,0,0
2008,OGE,OGE,0,0
2008,OMB,OMB,0,0
2008,ONDCP,OLC,0,0
2008,OPIC,OPIC,0,0
2008,OPM,OPM,986,93
2008,OSHRC,OSHRC,0,0
2008,OSTP,OSTP,0,5
2008,PC,FOIA Office,4,16
2008,PC,OIG,0,0
2008,SBA,SBA,2,8
2008,SEC,HQ,6909,899
2008,SSA,SSA,125,147
2008,SSS,SSS,0,0
2008,State,DoS,0,4319
2008,State,OIG,0,8
2008,STB,STB,0,0
2008,Treasury,BEP,0,0
2008,Treasury,BPD,0,0
2008,Treasury,DO,607,355
2008,Treasury,FinCEN,5,0
2008,Treasury,FMS,3,0
2008,Treasury,IRS,605,331
2008,Treasury,MINT,2,0
2008,Treasury,OCC,0,0
2008,Treasury,OTS,65,32
2008,Treasury,TIGTA,0,0
2008,Treasury,TTB,0,0
2008,TVA,TVA,0,0
2008,U.S. CPSC,U.S. CPSC,188,320
2008,US RRB,OIG,5,5
2008,US RRB,RRB,0,0
2008,USIBWC,USIBWC,0,0
2008,USITC,USITC,0,0
2008,USNRC,USNRC,17,6
2008,VA,A&MM (049),0,217
2008,VA,Admin (03),0,0
2008,VA,BVA (01),0,0
2008,VA,OC&LA (009),0,0
2008,VA,OCFM (00CFM),0,2
2008,VA,ODM&EEO (06),0,0
2008,VA,GC (02),0,0
2008,VA,OHRM (05),0,0
2008,VA,IG (50),0,0
2008,VA,NCA (40),0,1
2008,VA,OASHRA (006),0,0
2008,VA,OASP&IA (002),0,0
2008,VA,ODASB (041),0,0
2008,VA,ODASIA (075),0,0
2008,VA,OF (047),0,0
2008,VA,OI&T (005),0,15
2008,VA,MGMT (004),0,0
2008,VA,ORM (08),0,0
2008,VA,OSDBU (00SB),0,0
2008,VA,P&P (008),0,0
2008,VA,PA (80),0,0
2008,VA,S&LE (07),0,0
2008,VA,SEC (00),0,0
2008,VA,VBA (20),0,2100
2008,VA,VCS (785),0,0
2008,VA,VHA (10),0,505
2009,CEQ,CEQ,0,5
2009,CFTC,CFTC,6,6
2009,CIA,CIA,940,592
2009,CNCS,CNCS (OGC),0,2
2009,CO,CO,10,2
2009,CPPBSD,CPPBSD,2,2
2009,CSB,CSB,25,26
2009,DHS,CBP,4794,88
2009,DHS,CRCL,5,11
2009,DHS,FEMA,544,803
2009,DHS,FLETC,7,36
2009,DHS,I&A,0,8
2009,DHS,ICE,8,10
2009,DHS,MGMT,1,4
2009,DHS,NPPD,13,11
2009,DHS,OGC,5,17
2009,DHS,OIG,23,7
2009,DHS,OPS,0,0
2009,DHS,PLCY,7,30
2009,DHS,PRIV,22,66
2009,DHS,S&T,6,2
2009,DHS,TSA,349,212
2009,DHS,US-VISIT,2,1
2009,DHS,USCG,1044,385
2009,DHS,USCIS,67545,16801
2009,DHS,USSS,504,426
2009,DNFSB,OGC,0,0
2009,DNFSB,OGM,0,0
2009,DOC,BIS,6,8
2009,DOC,Census,1,1
2009,DOC,EDA,0,0
2009,DOC,ESA,0,0
2009,DOC,ITA,0,16
2009,DOC,MBDA,0,0
2009,DOC,NIST,17,29
2009,DOC,NOAA,102,98
2009,DOC,NTIA,0,0
2009,DOC,NTIS,0,0
2009,DOC,OIG,2,1
2009,DOC,OS,15,6
2009,DOC,PTO,0,0
2009,DoD,AF,789,725
2009,DoD,AFRICOM,0,1
2009,DoD,ARMY,2950,3542
2009,DoD,ASBCA,0,0
2009,DoD,CENTCOM,218,198
2009,DoD,DCAA,0,6
2009,DoD,DCMA,25,9
2009,DoD,DeCA,0,3
2009,DoD,DFAS,11,21
2009,DoD,DIA,2569,2561
2009,DoD,DISA,243,250
2009,DoD,DLA,107,65
2009,DoD,DoDEA,3,4
2009,DoD,DoDIG,36,32
2009,DoD,DSS,2,1
2009,DoD,DTIC,5,16
2009,DoD,DTRA,10,15
2009,DoD,EUCOM,53,59
2009,DoD,JFCOM,48,67
2009,DoD,NAVY,1402,1139
2009,DoD,NGA,158,291
2009,DoD,NGB,0,0
2009,DoD,NORTHCOM,0,4
2009,DoD,NRO,49,66
2009,DoD,NSA,333,357
2009,DoD,OSD/JS,2293,1708
2009,DoD,PACOM,39,35
2009,DoD,SOCOM,240,170
2009,DoD,SOUTHCOM,97,81
2009,DoD,STRATCOM,1,1
2009,DoD,TRANSCOM,54,58
2009,DoD,TRICARE,11,11
2009,DOE,BPA,2,2
2009,DOE,CBFO,0,0
2009,DOE,CH,1,0
2009,DOE,EMCBC,2,4
2009,DOE,GFO,1,5
2009,DOE,HQ,108,128
2009,DOE,ID,1,0
2009,DOE,NETL,2,5
2009,DOE,NNSA/AL,163,140
2009,DOE,NR,2,0
2009,DOE,ORO,10,11
2009,DOE,OSTI,0,1
2009,DOE,PNSO,0,0
2009,DOE,RL,0,1
2009,DOE,SEPA,0,0
2009,DOE,SPR,1,0
2009,DOE,SROO,1,0
2009,DOE,SWPA,0,0
2009,DOE,WAPA,0,0
2009,DOI,BIA,121,100
2009,DOI,BLM,46,47
2009,DOI,BOR,9,15
2009,DOI,FWS,84,71
2009,DOI,MMS,9,9
2009,DOI,NPS,30,45
2009,DOI,OIG,252,253
2009,DOI,OS,46,154
2009,DOI,OSM,3,2
2009,DOI,SOL,70,61
2009,DOI,USGS,0,0
2009,DOJ,Office of the AG,90,121
2009,DOJ,Office of the DAG,61,81
2009,DOJ,Office of the Assoc. AG,9,12
2009,DOJ,Antitrust,27,29
2009,DOJ,ATF,29,45
2009,DOJ,BOP,401,381
2009,DOJ,Civil,10,20
2009,DOJ,Civil Rights,48,78
2009,DOJ,COPS,0,0
2009,DOJ,Criminal,231,111
2009,DOJ,CRS,0,0
2009,DOJ,DEA,768,439
2009,DOJ,ENRD,9,11
2009,DOJ,EOIR,176,183
2009,DOJ,EOUSA,1160,1162
2009,DOJ,EOUST,26,7
2009,DOJ,FBI,1001,1758
2009,DOJ,FCSC,0,0
2009,DOJ,JMD,23,43
2009,DOJ,NDIC,0,4
2009,DOJ,NSD,49,136
2009,DOJ,ODR,0,0
2009,DOJ,OFDT,2,2
2009,DOJ,OIG,13,10
2009,DOJ,OIP,14,9
2009,DOJ,OIPL,3,7
2009,DOJ,OJP,22,28
2009,DOJ,OLA,36,107
2009,DOJ,OLC,17,41
2009,DOJ,OLP,16,15
2009,DOJ,OPR,11,11
2009,DOJ,OSG,0,0
2009,DOJ,OVW,0,0
2009,DOJ,Pardon Attorney,8,0
2009,DOJ,Public Affairs,7,9
2009,DOJ,PRAO,0,0
2009,DOJ,TAX,1,4
2009,DOJ,USMS,3,15
2009,DOJ,USNCB,0,14
2009,DOJ,USPC,93,63
2009,DOT,FAA,884,857
2009,DOT,FHWA,48,29
2009,DOT,FMCSA,145,38
2009,DOT,FRA,105,126
2009,DOT,FTA,27,3
2009,DOT,MARAD,170,194
2009,DOT,NHTSA,22,3
2009,DOT,OIG,72,15
2009,DOT,OST,63,15
2009,DOT,PHMSA,46,4
2009,DOT,RITA,1,0
2009,DOT,SLSDC,0,0
2009,ED,FSA,57,68
2009,ED,IES,1,2
2009,ED,IES-NAGB,0,5
2009,ED,OCFO,1,4
2009,ED,OCFO-CAM,30,6
2009,ED,OCFO-FSS,6,1
2009,ED,OCIO,0,2
2009,ED,OCO,3,1
2009,ED,OCR,1,4
2009,ED,OCR-Atlanta,9,12
2009,ED,OCR-Boston,4,14
2009,ED,OCR-Chicago,2,5
2009,ED,OCR-Cleveland,0,0
2009,ED,OCR-Dallas,3,4
2009,ED,OCR-Denver,0,4
2009,ED,OCR-Kansas City,5,9
2009,ED,OCR-Metro,6,10
2009,ED,OCR-New York,30,23
2009,ED,OCR-Philadelphia,22,19
2009,ED,OCR-San Francisco,0,3
2009,ED,OCR-Seattle,0,3
2009,ED,OELA,8,3
2009,ED,OESE,13,24
2009,ED,OGC,7,8
2009,ED,OIG,2,6
2009,ED,OII,6,19
2009,ED,OLCA,1,5
2009,ED,OM,0,3
2009,ED,OM-RIMS,46,93
2009,ED,OPE,21,18
2009,ED,OPEPD,8,10
2009,ED,OS,9,9
2009,ED,OSDFS,33,13
2009,ED,OSERS,12,8
2009,ED,OUS,1,0
2009,ED,OVAE,1,1
2009,EPA,HQ,445,282
2009,EPA,Region 1,5,5
2009,EPA,Region 2,128,19
2009,EPA,Region 3,49,0
2009,EPA,Region 4,0,0
2009,EPA,Region 5,11,2
2009,EPA,Region 6,118,21
2009,EPA,Region 7,5,0
2009,EPA,Region 8,4,0
2009,EPA,Region 9,0,0
2009,EPA,Region 10,18,3
2009,Ex-Im Bank,AGENCY,9,29
2009,FCA,FCA,0,0
2009,FCC,FCC,25,27
2009,FCSIC,FCSIC,0,0
2009,FDIC,FDIC,10,170
2009,FEC,FEC,6,11
2009,FERC,FERC,0,0
2009,FFIEC,FFIEC,0,0
2009,FHFA,FHFA,7,5
2009,FLRA,FSIP,0,0
2009,FLRA,Authority,10,1
2009,FLRA,IG,0,0
2009,FLRA,OGC,0,0
2009,FLRA,ATRO,0,0
2009,FLRA,BORO,0,0
2009,FLRA,CHRO,0,0
2009,FLRA,DARO,0,0
2009,FLRA,DERO,0,0
2009,FLRA,SFRO,0,0
2009,FLRA,WARO,0,0
2009,FMC,FMC,11,12
2009,FMCS,FMCS,0,0
2009,FMSHRC,FMSHRC,0,0
2009,FOMC,FOMC,0,0
2009,FRB,FRB,5,129
2009,FTC,FTC,1,10
2009,GSA,GSA,2,10
2009,HHS,ACF,408,699
2009,HHS,AOA,1,0
2009,HHS,CMS,10477,10312
2009,HHS,OIG,3,21
2009,HHS,OPHS,292,196
2009,HHS,AHRQ,0,0
2009,HHS,CDC,586,488
2009,HHS,FDA,6568,4818
2009,HHS,HRSA,28,30
2009,HHS,IHS,49,31
2009,HHS,NIH,100,70
2009,HHS,SAMHSA,51,83
2009,HHS,OS,686,722
2009,HUD,FO,260,207
2009,HUD,HQ,368,192
2009,HUD,IG,69,7
2009,IAF,IAF,0,0
2009,IMLS,IMLS,0,0
2009,MSPB,MSPB,6,5
2009,NARA,NARA,5781,6856
2009,NASA,ARC,0,14
2009,NASA,DFRC,0,0
2009,NASA,GRC,0,0
2009,NASA,GSFC,0,16
2009,NASA,HQS,0,38
2009,NASA,JPL,0,4
2009,NASA,JSC,0,0
2009,NASA,KSC,0,0
2009,NASA,LaRC,0,16
2009,NASA,MSFC,0,0
2009,NASA,NSSC,0,0
2009,NASA,OIG,0,0
2009,NASA,SSC,0,0
2009,NCUA,NCUA,0,0
2009,NEH,NEH,2,3
2009,NIGC,NIGC,1,2
2009,NMB,NMB,0,0
2009,NRPC,NRPC,17,10
2009,NSF,Foundation,1,0
2009,NSF,OIG,0,0
2009,OGE,OGE,0,0
2009,OMB,OMB,0,1
2009,ONDCP,OLC,0,0
2009,OPIC,OPIC,0,1
2009,OPM,OPM,93,39
2009,OSHRC,OSHRC,0,0
2009,OSTP,OSTP,9,1
2009,PC,FOIA Office,16,2
2009,PC,OIG,0,0
2009,PRC,PRC,0,0
2009,SBA,SBA,8,8
2009,SEC,HQ,770,196
2009,SIGIR,SIGIR,0,0
2009,SSA,SSA,147,90
2009,SSS,SSS,0,0
2009,State,DoS,4319,8783
2009,State,OIG,8,1
2009,STB,STB,0,0
2009,Treasury,BEP,0,0
2009,Treasury,BPD,0,0
2009,Treasury,DO,355,382
2009,Treasury,FinCEN,0,0
2009,Treasury,FMS,0,0
2009,Treasury,IRS,331,182
2009,Treasury,MINT,0,0
2009,Treasury,OCC,0,0
2009,Treasury,OTS,32,21
2009,Treasury,TIGTA,0,0
2009,Treasury,TTB,0,0
2009,TVA,TVA,0,0
2009,U.S. CPSC,U.S. CPSC,320,263
2009,U.S. DOL,ADJ BDS,0,0
2009,U.S. DOL,ALJ,3,1
2009,U.S. DOL,ASP,0,0
2009,U.S. DOL,BLS,0,2
2009,U.S. DOL,CFO,0,0
2009,U.S. DOL,EBSA,11,35
2009,U.S. DOL,ESA - OFCCP,14,9
2009,U.S. DOL,ESA - OLMS,0,3
2009,U.S. DOL,ESA - OMAP,2,0
2009,U.S. DOL,ESA - OWCP,0,0
2009,U.S. DOL,ESA - WHD,84,166
2009,U.S. DOL,ETA,37,37
2009,U.S. DOL,ILAB,1,0
2009,U.S. DOL,JOB CORP,0,0
2009,U.S. DOL,MSHA,29,41
2009,U.S. DOL,OASAM,12,57
2009,U.S. DOL,OCIA,0,0
2009,U.S. DOL,ODEP,0,0
2009,U.S. DOL,OIG,0,9
2009,U.S. DOL,OPA,0,0
2009,U.S. DOL,OSBP,2,0
2009,U.S. DOL,OSHA,216,249
2009,U.S. DOL,SOL,3,10
2009,U.S. DOL,VETS,2,0
2009,U.S. DOL,WB,0,0
2009,US RRB,OIG,5,0
2009,US RRB,RRB,0,0
2009,USITC,USITC,0,0
2009,USNRC,USNRC,6,5
2009,VA,Admin,0,0
2009,VA,BVA,0,0
2009,VA,C&LA,0,0
2009,VA,CFM,2,5
2009,VA,GC,0,3
2009,VA,HRM,0,0
2009,VA,IG,0,10
2009,VA,Mgmt,0,0
2009,VA,NCA,1,6
2009,VA,OAL,217,16
2009,VA,OASP&IA,0,0
2009,VA,ODASB,0,0
2009,VA,ODASIA,0,0
2009,VA,ODI,0,0
2009,VA,OF,0,4
2009,VA,OI&T,15,0
2009,VA,ORM,0,0
2009,VA,OSDBU,0,0
2009,VA,OSP,0,0
2009,VA,P&P,0,0
2009,VA,PA,0,0
2009,VA,SEC,0,1
2009,VA,VBA,2100,374
2009,VA,VCS,0,0
2009,VA,VHA,505,84
2010,ABMC,ABMC,1,0
2010,ACUS,ACUS,0,0
2010,BBG,BBG,2,0
2010,CEQ,CEQ,5,3
2010,CFTC,CFTC,6,16
2010,CIA,CIA,592,715
2010,CIGIE,CIGIE,0,0
2010,CNCS,CNCS,2,0
2010,CO,CO,2,1
2010,CPPBSD,CPPBSD,0,0
2010,CSB,CSB,26,41
2010,CSOSA,HQ,68,62
2010,DHS,CBP,88,601
2010,DHS,CRCL,11,6
2010,DHS,FEMA,803,810
2010,DHS,FLETC,36,12
2010,DHS,I&A,8,6
2010,DHS,ICE,10,27
2010,DHS,MGMT,4,1
2010,DHS,NPPD,11,33
2010,DHS,OGC,19,25
2010,DHS,OIG,7,1
2010,DHS,OPS,0,0
2010,DHS,PLCY,6,0
2010,DHS,PRIV,66,15
2010,DHS,S&T,2,1
2010,DHS,TSA,212,378
2010,DHS,US-VISIT,1,278
2010,DHS,USCG,385,407
2010,DHS,USCIS,16801,8209
2010,DHS,USSS,426,573
2010,DNFSB,OGC,0,0
2010,DNFSB,OGM,0,0
2010,DOC,BIS,8,1
2010,DOC,Census,1,20
2010,DOC,EDA,0,2
2010,DOC,ESA,0,0
2010,DOC,ITA,16,4
2010,DOC,MBDA,0,0
2010,DOC,NIST,29,39
2010,DOC,NOAA,98,106
2010,DOC,NTIA,0,10
2010,DOC,NTIS,0,0
2010,DOC,OIG,1,1
2010,DOC,OS,6,12
2010,DOC,PTO,0,0
2010,DoD,AF,725,626
2010,DoD,AFRICOM,1,7
2010,DoD,ARMY,3542,1141
2010,DoD,ASBCA,0,0
2010,DoD,CENTCOM,198,223
2010,DoD,DCAA,6,0
2010,DoD,DCMA,9,42
2010,DoD,DeCA,3,6
2010,DoD,DFAS,21,8
2010,DoD,DIA,2561,2259
2010,DoD,DISA,250,13
2010,DoD,DLA,65,62
2010,DoD,DoDEA,4,8
2010,DoD,DoDIG,32,82
2010,DoD,DSS,1,0
2010,DoD,DTIC,16,10
2010,DoD,DTRA,15,15
2010,DoD,EUCOM,59,63
2010,DoD,JFCOM,67,7
2010,DoD,NAVY,1139,975
2010,DoD,NGA,291,217
2010,DoD,NGB,3,2
2010,DoD,NORTHCOM,4,4
2010,DoD,NRO,66,46
2010,DoD,NSA,357,474
2010,DoD,OSD/JS,1225,1061
2010,DoD,PACOM,35,28
2010,DoD,SOCOM,179,148
2010,DoD,SOUTHCOM,81,67
2010,DoD,STRATCOM,1,17
2010,DoD,TRANSCOM,58,10
2010,DoD,TRICARE,11,36
2010,DOE,BPA,2,9
2010,DOE,CBFO,0,0
2010,DOE,CH,0,0
2010,DOE,EMCBC,4,0
2010,DOE,GFO,5,0
2010,DOE,HQ,128,158
2010,DOE,ID,0,0
2010,DOE,NETL,5,1
2010,DOE,NNSA,140,161
2010,DOE,NR,0,0
2010,DOE,NRLFO,0,1
2010,DOE,ORO,11,1
2010,DOE,OSTI,1,2
2010,DOE,ROO,1,0
2010,DOE,SEPA,0,0
2010,DOE,SPR,0,0
2010,DOE,SRO,0,1
2010,DOE,SWPA,0,0
2010,DOE,WAPA,0,0
2010,DOI,BIA,100,55
2010,DOI,BLM,47,80
2010,DOI,BOEMRE,9,99
2010,DOI,BOR,15,13
2010,DOI,FWS,71,106
2010,DOI,NPS,45,30
2010,DOI,OIG,253,163
2010,DOI,OS,154,90
2010,DOI,OSM,2,3
2010,DOI,SOL,61,38
2010,DOI,USGS,0,2
2010,DOJ,Office of the AG,121,154
2010,DOJ,Office of the DAG,81,99
2010,DOJ,Office of the Assoc. AG,12,22
2010,DOJ,Antitrust,29,26
2010,DOJ,ATF,45,44
2010,DOJ,BOP,381,370
2010,DOJ,Civil,20,31
2010,DOJ,Civil Rights,78,68
2010,DOJ,COPS,0,0
2010,DOJ,Criminal,111,73
2010,DOJ,CRS,0,0
2010,DOJ,DEA,439,826
2010,DOJ,ENRD,11,2
2010,DOJ,EOIR,183,264
2010,DOJ,EOUSA,1162,1124
2010,DOJ,EOUST,7,0
2010,DOJ,FBI,1758,1602
2010,DOJ,FCSC,0,0
2010,DOJ,JMD,43,33
2010,DOJ,NDIC,4,3
2010,DOJ,NSD,136,43
2010,DOJ,OCDETF,0,4
2010,DOJ,ODR,0,0
2010,DOJ,OFDT,2,0
2010,DOJ,OIG,10,0
2010,DOJ,OIP,9,54
2010,DOJ,OIPL,7,3
2010,DOJ,OJP,28,71
2010,DOJ,OLA,107,55
2010,DOJ,OLC,41,82
2010,DOJ,OLP,15,12
2010,DOJ,OPR,11,9
2010,DOJ,OSG,0,9
2010,DOJ,OVW,0,0
2010,DOJ,Pardon Attorney,0,1
2010,DOJ,Public Affairs,9,12
2010,DOJ,PRAO,0,1
2010,DOJ,TAX,4,2
2010,DOJ,USMS,15,16
2010,DOJ,USNCB,14,10
2010,DOJ,USPC,63,35
2010,DOT,FAA,857,347
2010,DOT,FHWA,29,42
2010,DOT,FMCSA,38,91
2010,DOT,FRA,126,72
2010,DOT,FTA,3,0
2010,DOT,MARAD,194,151
2010,DOT,NHTSA,3,35
2010,DOT,OIG,15,12
2010,DOT,OST,15,13
2010,DOT,PHMSA,4,23
2010,DOT,RITA,0,1
2010,DOT,SLSDC,0,0
2010,ED,FSA,49,26
2010,ED,IES,1,3
2010,ED,IES-NAGB,5,0
2010,ED,OCFO,4,3
2010,ED,OCFO-CAM,5,1
2010,ED,OCFO-FSS,1,0
2010,ED,OCIO,2,5
2010,ED,OCO,1,4
2010,ED,OCR,3,3
2010,ED,OCR-1 Boston,8,37
2010,ED,OCR-2 New York,15,12
2010,ED,OCR-3 Philadelphia,10,4
2010,ED,OCR-4 Atlanta,9,3
2010,ED,OCR-5 Chicago,1,1
2010,ED,OCR-6 Dallas,2,2
2010,ED,OCR-7 Kansas City,5,11
2010,ED,OCR-8 Denver,0,1
2010,ED,OCR-9 San Francisco,0,0
2010,ED,OCR-10 Seattle,0,0
2010,ED,OCR-12 Cleveland,0,2
2010,ED,OCR-Metro D.C.,8,3
2010,ED,OELA,3,4
2010,ED,OESE,18,4
2010,ED,OGC,8,9
2010,ED,OIG,2,1
2010,ED,OII,16,8
2010,ED,OLCA,5,0
2010,ED,OM,3,1
2010,ED,OM-RIMS,63,95
2010,ED,OPE,16,11
2010,ED,OPEPD,9,13
2010,ED,OS,7,13
2010,ED,OSDFS,13,48
2010,ED,OSERS,5,10
2010,ED,OUS,0,3
2010,ED,OVAE,1,0
2010,EEOC,ATLANTA,1,0
2010,EEOC,BIRMINGHAM,0,2
2010,EEOC,CHARLOTTE,3,0
2010,EEOC,CHICAGO,7,1
2010,EEOC,DALLAS,3,10
2010,EEOC,HOUSTON,0,1
2010,EEOC,INDIANAPOLIS,3,1
2010,EEOC,LOS ANGELES,0,0
2010,EEOC,MEMPHIS,0,0
2010,EEOC,MIAMI,88,2
2010,EEOC,NEW YORK,16,40
2010,EEOC,OLC/HDQ,4,12
2010,EEOC,PHILADELPHIA,5,16
2010,EEOC,PHOENIX,1,0
2010,EEOC,SAN FRANCISCO,1,2
2010,EEOC,ST. LOUIS,0,0
2010,EEOC,WFO,4,0
2010,EPA,HQ,282,285
2010,EPA,Region 1,5,0
2010,EPA,Region 2,19,30
2010,EPA,Region 3,0,0
2010,EPA,Region 4,0,0
2010,EPA,Region 5,2,0
2010,EPA,Region 6,21,11
2010,EPA,Region 7,0,0
2010,EPA,Region 8,0,0
2010,EPA,Region 9,0,0
2010,EPA,Region 10,3,3
2010,Ex-Im Bank,HQ,16,22
2010,FCA,FCA,0,0
2010,FCC,FCC,27,23
2010,FCSIC,FCSIC,0,0
2010,FDIC,FDIC,170,109
2010,FEC,FEC,11,10
2010,FERC,FERC,0,0
2010,FFIEC,FFIEC,0,0
2010,FHFA,FHFA,5,12
2010,FLRA,FSIP,0,0
2010,FLRA,Authority,1,0
2010,FLRA,IG,0,0
2010,FLRA,OGC,0,0
2010,FLRA,ATRO,0,0
2010,FLRA,BORO,0,0
2010,FLRA,CHRO,0,0
2010,FLRA,DARO,0,0
2010,FLRA,DERO,0,0
2010,FLRA,SFRO,0,0
2010,FLRA,WARO,0,0
2010,FMC,FMC,12,15
2010,FMCS,FMCS,0,0
2010,FMSHRC,FMSHRC,0,0
2010,FOMC,FOMC,0,1
2010,FRB,FRB,129,55
2010,FRTIB,FRTIB,1,0
2010,FTC,FTC,18,20
2010,GSA,GSA,10,26
2010,HHS,ACF,722,299
2010,HHS,AOA,0,0
2010,HHS,CMS,10312,3486
2010,HHS,OIG,21,11
2010,HHS,AHRQ,11,1
2010,HHS,CDC,488,245
2010,HHS,FDA,4880,4691
2010,HHS,HRSA,30,2
2010,HHS,IHS,31,35
2010,HHS,NIH,70,37
2010,HHS,SAMHSA,28,91
2010,HHS,OS,722,525
2010,HHS,OPHS/PSC,196,129
2010,HUD,HQ,192,145
2010,HUD,OIG,7,17
2010,HUD,R01,13,3
2010,HUD,R02,25,0
2010,HUD,R03,26,4
2010,HUD,R04,25,5
2010,HUD,R05,26,0
2010,HUD,R06,18,0
2010,HUD,R07,25,0
2010,HUD,R08,15,0
2010,HUD,R09,22,0
2010,HUD,R0X,12,8
2010,IMLS,IMLS,0,0
2010,LSC,LSC,7,32
2010,MCC,MCC,1,0
2010,MSPB,OCB,5,4
2010,NARA,NARA,6854,7064
2010,NASA,ARC,11,3
2010,NASA,DFRC,4,0
2010,NASA,GRC,6,2
2010,NASA,GSFC,100,15
2010,NASA,HQ,177,77
2010,NASA,JPL,1,0
2010,NASA,JSC,2,2
2010,NASA,KSC,1,5
2010,NASA,LaRC,71,8
2010,NASA,MSFC,2,0
2010,NASA,NSSC,0,1
2010,NASA,OGC,0,2
2010,NASA,OIG,5,0
2010,NASA,SSC,0,2
2010,NCPC,NCPC,0,0
2010,NCUA,NCUA,0,5
2010,NEA,NEA,6,10
2010,NEH,NEH,3,4
2010,NIGC,NIGC,2,4
2010,NLRB,NLRB,1,0
2010,NMB,NMB,0,1
2010,NRPC,NRPC,10,37
2010,NSF,OGC,0,24
2010,NSF,OIG,0,0
2010,NTSB,HQ,48,92
2010,ODNI,ODNI,66,129
2010,OGE,OGE,0,0
2010,OMB,OMB,1,2
2010,ONDCP,OLC,0,0
2010,ONHIR,ONHIR,0,0
2010,OPIC,OPIC,1,2
2010,OPM,OPM,39,8
2010,OSC,OSC,6,5
2010,OSHRC,OSHRC,0,0
2010,OSTP,OSTP,1,8
2010,PBGC,PBGC,0,0
2010,PC,FOIA Office,2,10
2010,PC,OIG,0,0
2010,SBA,SBA,8,3
2010,SEC,HQ,196,159
2010,SIGAR,SIGAR,0,4
2010,SIGIR,SIGIR,0,0
2010,SSA,SSA,90,68
2010,SSS,SSS,0,0
2010,State,DoS,8783,20518
2010,State,OIG,1,1
2010,STB,STB,0,1
2010,Treasury,BEP,0,0
2010,Treasury,BPD,0,0
2010,Treasury,DO,382,282
2010,Treasury,FinCEN,0,0
2010,Treasury,FMS,0,0
2010,Treasury,IRS,182,118
2010,Treasury,MINT,0,0
2010,Treasury,OCC,0,10
2010,Treasury,OTS,21,9
2010,Treasury,TIGTA,0,0
2010,Treasury,TTB,0,0
2010,TVA,TVA,0,0
2010,U.S. CPSC,U.S. CPSC,263,306
2010,U.S. DOL,ADJ BDS,0,1
2010,U.S. DOL,ALJ,1,0
2010,U.S. DOL,ASP,0,16
2010,U.S. DOL,BLS,2,0
2010,U.S. DOL,CFO,0,2
2010,U.S. DOL,EBSA,35,2
2010,U.S. DOL,ETA,37,10
2010,U.S. DOL,ILAB,0,0
2010,U.S. DOL,MSHA,41,112
2010,U.S. DOL,OASAM,57,21
2010,U.S. DOL,OCIA,0,0
2010,U.S. DOL,ODEP,0,0
2010,U.S. DOL,OFCCP,9,10
2010,U.S. DOL,OIG,9,9
2010,U.S. DOL,OLMS,3,2
2010,U.S. DOL,OPA,0,4
2010,U.S. DOL,OSHA,249,198
2010,U.S. DOL,OWCP,0,5
2010,U.S. DOL,SOL,10,20
2010,U.S. DOL,VETS,0,1
2010,U.S. DOL,WB,0,0
2010,U.S. DOL,WHD,166,90
2010,US ADF,US ADF,0,0
2010,US RRB,OIG,0,0
2010,US RRB,RRB,0,1
2010,USAID,USAID,223,306
2010,USCCR,USCCR,0,9
2010,USDA,AMS,8,11
2010,USDA,APHIS,387,219
2010,USDA,ASCR,2,0
2010,USDA,DM,8,6
2010,USDA,FAS,0,0
2010,USDA,FNCS,1,11
2010,USDA,FS,116,477
2010,USDA,FSA,4,12
2010,USDA,FSIS,132,254
2010,USDA,GIPSA,4,4
2010,USDA,NAD,0,1
2010,USDA,NRCS,0,0
2010,USDA,OBPA,0,0
2010,USDA,OCFO,0,0
2010,USDA,OGC,7,7
2010,USDA,OIG,22,5
2010,USDA,OSEC,8,20
2010,USDA,RD,60,107
2010,USDA,REE,1,0
2010,USDA,RMA,0,2
2010,USIBWC,USIBWC,0,1
2010,USITC,USITC,3,0
2010,USNRC,USNRC,5,6
2010,USPS,PS,27,29
2010,USPS,PS and PIS,1,0
2010,USPS,OIG,0,0
2010,USPS,PIS,0,2
2010,USTDA,USTDA,9,19
2010,USTR,USTR,24,12
2010,VA,Admin,0,0
2010,VA,BVA,0,1
2010,VA,C&LA,0,0
2010,VA,CFM,5,14
2010,VA,GC,3,6
2010,VA,HRM,0,12
2010,VA,IG,10,0
2010,VA,Mgmt,0,0
2010,VA,NCA,6,1
2010,VA,OAL,16,31
2010,VA,OASHRA,0,0
2010,VA,OASP&IA,0,0
2010,VA,ODASB,0,0
2010,VA,ODASIA,0,0
2010,VA,ODI,0,0
2010,VA,OF,4,2
2010,VA,OI&T,0,11
2010,VA,ORM,0,0
2010,VA,OSDBU,0,2
2010,VA,OSP,0,0
2010,VA,P&P,0,0
2010,VA,PA,0,0
2010,VA,SEC,1,5
2010,VA,VBA,374,252
2010,VA,VHA,84,311
2011,ABMC,ABMC,0,1
2011,ACUS,ACUS,0,0
2011,AFRH,AFRH,0,0
2011,BBG,BBG,0,0
2011,CEQ,CEQ,3,14
2011,CFTC,CFTC,13,29
2011,CIA,CIA,715,721
2011,CIGIE,CIGIE,0,0
2011,CNCS,CNCS,0,4
2011,CO,CO,1,2
2011,CPPBSD,CPPBSD,0,0
2011,CSB,CSB,41,41
2011,CSOSA,CSOSA,62,81
2011,DHS,CBP,601,4356
2011,DHS,CRCL,6,6
2011,DHS,FEMA,810,485
2011,DHS,FLETC,12,5
2011,DHS,I&A,5,21
2011,DHS,ICE,27,18
2011,DHS,MGMT,1,3
2011,DHS,NPPD,33,63
2011,DHS,OGC,20,5
2011,DHS,OIG,1,0
2011,DHS,OPS,0,0
2011,DHS,PLCY,0,0
2011,DHS,PRIV,15,4
2011,DHS,S&T,1,0
2011,DHS,TSA,378,580
2011,DHS,US-VISIT,118,2
2011,DHS,USCG,407,527
2011,DHS,USCIS,8209,35780
2011,DHS,USSS,573,562
2011,DNFSB,OGC,0,0
2011,DNFSB,OGM,0,0
2011,DOC,BIS,1,0
2011,DOC,Census,20,9
2011,DOC,EDA,2,0
2011,DOC,ESA,0,0
2011,DOC,ITA,4,27
2011,DOC,MBDA,0,2
2011,DOC,NIST,39,16
2011,DOC,NOAA,106,135
2011,DOC,NTIA,10,8
2011,DOC,NTIS,0,0
2011,DOC,OIG,1,0
2011,DOC,OS,12,6
2011,DOC,PTO,0,0
2011,DoD,AF,626,525
2011,DoD,AFRICOM,7,14
2011,DoD,ARMY,1141,1000
2011,DoD,ASBCA,0,0
2011,DoD,CENTCOM,223,173
2011,DoD,DCAA,0,0
2011,DoD,DCMA,42,63
2011,DoD,DeCA,6,5
2011,DoD,DFAS,8,5
2011,DoD,DIA,2259,1605
2011,DoD,DISA,13,19
2011,DoD,DLA,62,19
2011,DoD,DoD IG,82,189
2011,DoD,DoDEA,8,1
2011,DoD,DSS,0,1
2011,DoD,DTIC,10,5
2011,DoD,DTRA,15,6
2011,DoD,EUCOM,63,59
2011,DoD,JFCOM,7,0
2011,DoD,NAVY,975,1658
2011,DoD,NGA,217,135
2011,DoD,NGB,2,16
2011,DoD,NORTHCOM,4,9
2011,DoD,NRO,46,44
2011,DoD,NSA,474,484
2011,DoD,OSD/JS,1061,908
2011,DoD,PACOM,28,37
2011,DoD,SOCOM,148,162
2011,DoD,SOUTHCOM,67,98
2011,DoD,STRATCOM,17,0
2011,DoD,TRANSCOM,10,14
2011,DoD,TRICARE,36,6
2011,DOE,BPA,9,5
2011,DOE,CBFO,0,0
2011,DOE,CH,0,0
2011,DOE,EMCBC,1,3
2011,DOE,GFO,0,0
2011,DOE,HQ,158,197
2011,DOE,ID,0,0
2011,DOE,NETL,1,0
2011,DOE,NNSA,161,176
2011,DOE,NR,0,0
2011,DOE,NRLFO,0,3
2011,DOE,ORO,1,4
2011,DOE,OSTI,2,1
2011,DOE,ROO,0,1
2011,DOE,SEPA,0,0
2011,DOE,SPR,0,0
2011,DOE,SRO,1,0
2011,DOE,SWPA,0,0
2011,DOE,WAPA,0,0
2011,DOI,BIA,55,40
2011,DOI,BLM,80,90
2011,DOI,BOEMRE,99,21
2011,DOI,BOR,13,10
2011,DOI,FWS,106,88
2011,DOI,NPS,30,27
2011,DOI,OIG,163,77
2011,DOI,OS,90,92
2011,DOI,OSM,3,11
2011,DOI,SOL,38,48
2011,DOI,USGS,2,1
2011,DOJ,Office of the AG,154,194
2011,DOJ,Office of the DAG,99,138
2011,DOJ,Office of the Assoc. AG,22,40
2011,DOJ,Antitrust,26,28
2011,DOJ,ATF,44,50
2011,DOJ,BOP,370,317
2011,DOJ,Civil,31,39
2011,DOJ,Civil Rights,68,181
2011,DOJ,COPS,0,0
2011,DOJ,Criminal,73,40
2011,DOJ,CRS,0,0
2011,DOJ,DEA,826,616
2011,DOJ,ENRD,2,3
2011,DOJ,EOIR,264,205
2011,DOJ,EOUSA,1124,738
2011,DOJ,EOUST,0,0
2011,DOJ,FBI,1602,938
2011,DOJ,FCSC,0,0
2011,DOJ,JMD,33,10
2011,DOJ,NDIC,3,2
2011,DOJ,NSD,43,26
2011,DOJ,OCDETF,4,0
2011,DOJ,ODR,0,0
2011,DOJ,OFDT,0,1
2011,DOJ,OIG,0,8
2011,DOJ,OIP,54,26
2011,DOJ,OIPL,3,2
2011,DOJ,OJP,71,24
2011,DOJ,OLA,55,46
2011,DOJ,OLC,82,33
2011,DOJ,OLP,12,11
2011,DOJ,OPR,9,21
2011,DOJ,OSG,9,15
2011,DOJ,OVW,0,0
2011,DOJ,Pardon Attorney,1,0
2011,DOJ,Public Affairs,12,12
2011,DOJ,PRAO,1,0
2011,DOJ,TAX,2,1
2011,DOJ,USMS,16,30
2011,DOJ,USNCB,10,8
2011,DOJ,USPC,35,13
2011,DOT,FAA,347,251
2011,DOT,FHWA,42,28
2011,DOT,FMCSA,91,214
2011,DOT,FRA,72,51
2011,DOT,FTA,0,4
2011,DOT,MARAD,151,87
2011,DOT,NHTSA,35,10
2011,DOT,OIG,12,17
2011,DOT,OST,13,33
2011,DOT,PHMSA,23,29
2011,DOT,RITA,1,0
2011,DOT,SLSDC,0,0
2011,ED,FSA,26,1
2011,ED,IES,3,0
2011,ED,IES-NAGB,0,0
2011,ED,OCFO,3,1
2011,ED,OCFO-CAM,1,1
2011,ED,OCIO,5,0
2011,ED,OCO,4,0
2011,ED,OCR,3,0
2011,ED,OCR-1 Boston,37,32
2011,ED,OCR-2 New York,12,19
2011,ED,OCR-3 Philadelphia,4,6
2011,ED,OCR-4 Atlanta,3,2
2011,ED,OCR-5 Chicago,1,1
2011,ED,OCR-6 Dallas,2,0
2011,ED,OCR-7 Kansas City,11,9
2011,ED,OCR-8 Denver,1,4
2011,ED,OCR-9 San Francisco,0,2
2011,ED,OCR-10 Seattle,0,1
2011,ED,OCR-12 Cleveland,2,1
2011,ED,OCR-Metro D.C.,3,13
2011,ED,OELA,4,0
2011,ED,OESE,4,0
2011,ED,OGC,9,14
2011,ED,OIG,1,4
2011,ED,OII,8,0
2011,ED,OLCA,0,6
2011,ED,OM,1,1
2011,ED,OM-PIRMS,95,60
2011,ED,OPE,11,1
2011,ED,OPEPD,13,9
2011,ED,OS,13,41
2011,ED,OSDFS,48,2
2011,ED,OSERS,10,11
2011,ED,OUS,3,13
2011,ED,OVAE,0,0
2011,EEOC,ATLANTA,0,0
2011,EEOC,BIRMINGHAM,2,3
2011,EEOC,CHARLOTTE,0,6
2011,EEOC,CHICAGO,1,0
2011,EEOC,DALLAS,10,9
2011,EEOC,HOUSTON,1,0
2011,EEOC,INDIANAPOLIS,1,0
2011,EEOC,LOS ANGELES,0,0
2011,EEOC,MEMPHIS,0,24
2011,EEOC,MIAMI,2,1
2011,EEOC,NEW YORK,40,112
2011,EEOC,OLC/HDQ,12,8
2011,EEOC,PHILADELPHIA,16,11
2011,EEOC,PHOENIX,0,0
2011,EEOC,SAN FRANCISCO,2,2
2011,EEOC,ST. LOUIS,0,0
2011,EEOC,WFO,0,0
2011,EPA,HQ,285,223
2011,EPA,Region 1,0,0
2011,EPA,Region 2,30,37
2011,EPA,Region 3,0,1
2011,EPA,Region 4,0,13
2011,EPA,Region 5,0,0
2011,EPA,Region 6,11,52
2011,EPA,Region 7,0,0
2011,EPA,Region 8,0,0
2011,EPA,Region 9,0,0
2011,EPA,Region 10,3,0
2011,Ex-Im Bank,HQ,22,24
2011,FCA,FCA,0,0
2011,FCC,FCC,23,19
2011,FCSIC,FCSIC,0,0
2011,FDIC,FDIC,109,2
2011,FEC,FEC,10,13
2011,FERC,FERC,0,0
2011,FFIEC,FFIEC,0,0
2011,FHFA,FHFA FOIA,12,4
2011,FHFA,FHFA-OIG,0,0
2011,FLRA,FSIP,0,0
2011,FLRA,Authority,0,0
2011,FLRA,IG,0,0
2011,FLRA,OGC,0,0
2011,FLRA,ATRO,0,0
2011,FLRA,BORO,0,0
2011,FLRA,CHRO,0,0
2011,FLRA,DARO,0,0
2011,FLRA,DERO,0,0
2011,FLRA,SFRO,0,0
2011,FLRA,WARO,0,0
2011,FMC,FMC,15,33
2011,FMCS,FMCS,0,0
2011,FMSHRC,FMSHRC,0,0
2011,FOMC,FOMC,1,1
2011,FRB,FRB,55,20
2011,FRTIB,FRTIB,0,0
2011,FTC,FTC,20,7
2011,GSA,GSA,26,21
2011,HHS,ACF,299,160
2011,HHS,AOA,0,0
2011,HHS,CMS,3486,2008
2011,HHS,OIG,11,4
2011,HHS,AHRQ,1,0
2011,HHS,CDC,245,287
2011,HHS,FDA,4691,3421
2011,HHS,HRSA,2,2
2011,HHS,IHS,35,34
2011,HHS,NIH,37,25
2011,HHS,SAMHSA,91,114
2011,HHS,OS,525,309
2011,HHS,OASH,129,165
2011,HUD,HQ,145,107
2011,HUD,OIG,17,14
2011,HUD,R01,3,1
2011,HUD,R02,0,1
2011,HUD,R03,4,1
2011,HUD,R04,5,0
2011,HUD,R05,0,0
2011,HUD,R06,0,0
2011,HUD,R07,0,2
2011,HUD,R08,0,0
2011,HUD,R09,0,2
2011,HUD,R0X,8,0
2011,IAF,IAF,0,0
2011,IMLS,IMLS,0,0
2011,LSC,LSC,32,0
2011,MCC,MCC,0,0
2011,MSPB,MSPB,4,4
2011,NARA,NARA,7064,8011
2011,NASA,ARC,5,2
2011,NASA,DFRC,0,4
2011,NASA,GRC,2,3
2011,NASA,GSFC,15,4
2011,NASA,HQ,71,14
2011,NASA,JPL,0,0
2011,NASA,JSC,2,3
2011,NASA,KSC,4,2
2011,NASA,LaRC,8,1
2011,NASA,MSFC,0,0
2011,NASA,NSSC,1,0
2011,NASA,OGC,0,0
2011,NASA,OIG,0,1
2011,NASA,SSC,2,0
2011,NCPC,NCPC,0,0
2011,NCUA,NCUA,5,11
2011,NEA,NEA,10,4
2011,NEH,NEH,4,3
2011,NIGC,NIGC,4,14
2011,NLRB,NLRB,0,0
2011,NMB,NMB,1,5
2011,NRPC,NRPC,37,15
2011,NSF,OGC,24,42
2011,NSF,OIG,0,0
2011,NTSB,NTSB,92,81
2011,ODNI,ODNI,129,102
2011,OGE,OGE,0,0
2011,OMB,OMB,2,1
2011,ONDCP,ONDCP,0,0
2011,ONHIR,ONHIR,0,0
2011,OPIC,OPIC,4,0
2011,OPM,OPM,8,166
2011,OSC,OSC,6,39
2011,OSHRC,OSHRC,0,0
2011,OSTP,OSTP,8,4
2011,PBGC,PBGC,0,1
2011,PC,FOIA Office,10,22
2011,PC,OIG,0,2
2011,PRC,PRC,0,0
2011,RATB,RATB,0,0
2011,SBA,SBA,3,1
2011,SEC,SEC,159,81
2011,SIGAR,SIGAR,4,2
2011,SIGIR,SIGIR,0,0
2011,SSA,SSA,68,38
2011,SSS,SSS,0,0
2011,State,DoS,20518,8078
2011,State,OIG,1,0
2011,STB,STB,1,0
2011,Treasury,BEP,0,0
2011,Treasury,BPD,0,0
2011,Treasury,CFPB,0,3
2011,Treasury,DO,282,178
2011,Treasury,FinCEN,0,0
2011,Treasury,FMS,0,0
2011,Treasury,IRS,118,146
2011,Treasury,MINT,0,0
2011,Treasury,OCC,10,6
2011,Treasury,OTS,9,0
2011,Treasury,TIGTA,0,0
2011,Treasury,TTB,0,0
2011,TVA,TVA,0,0
2011,U.S. CPSC,U.S. CPSC,306,237
2011,U.S. DOL,ADJ BDS,1,1
2011,U.S. DOL,ALJ,0,2
2011,U.S. DOL,ASP,16,2
2011,U.S. DOL,BLS,0,0
2011,U.S. DOL,CFO,2,0
2011,U.S. DOL,EBSA,2,24
2011,U.S. DOL,ETA,10,45
2011,U.S. DOL,EXEC SEC,0,2
2011,U.S. DOL,ILAB,0,0
2011,U.S. DOL,MSHA,112,90
2011,U.S. DOL,OASAM,21,13
2011,U.S. DOL,OCIA,0,3
2011,U.S. DOL,ODEP,0,0
2011,U.S. DOL,OFCCP,10,29
2011,U.S. DOL,OIG,9,11
2011,U.S. DOL,OLMS,2,0
2011,U.S. DOL,OPA,4,1
2011,U.S. DOL,OSEC,0,1
2011,U.S. DOL,OSHA,198,134
2011,U.S. DOL,OWCP,5,9
2011,U.S. DOL,SOL,20,9
2011,U.S. DOL,VETS,1,1
2011,U.S. DOL,WB,0,0
2011,U.S. DOL,WHD,90,219
2011,US ADF,US ADF,0,0
2011,US RRB,OIG,0,0
2011,US RRB,RRB,1,1
2011,USAID,USAID,275,215
2011,USCCR,USCCR,11,0
2011,USDA,AMS,11,16
2011,USDA,APHIS,219,36
2011,USDA,ASCR,0,0
2011,USDA,DM,6,5
2011,USDA,FAS,0,1
2011,USDA,FNCS,11,18
2011,USDA,FS,100,125
2011,USDA,FSA,12,3
2011,USDA,FSIS,254,185
2011,USDA,GIPSA,4,1
2011,USDA,NAD,1,1
2011,USDA,NRCS,3,0
2011,USDA,OBPA,0,0
2011,USDA,OCFO,0,0
2011,USDA,OGC,7,10
2011,USDA,OIG,5,3
2011,USDA,OSEC/OCIO,20,59
2011,USDA,RD,15,179
2011,USDA,REE,0,0
2011,USDA,RMA,13,8
2011,USIBWC,USIBWC,1,0
2011,USITC,USITC,0,0
2011,USNRC,USNRC,6,44
2011,USPS,PS,29,75
2011,USPS,OIG,0,1
2011,USPS,PIS,2,3
2011,USTDA,USTDA,19,1
2011,USTR,USTR,12,13
2011,VA,Admin,0,2
2011,VA,BVA,1,0
2011,VA,C&LA,0,0
2011,VA,CFM,14,19
2011,VA,GC,6,3
2011,VA,HRM,11,11
2011,VA,IG,0,0
2011,VA,Mgmt,0,1
2011,VA,NCA,1,1
2011,VA,OAL,26,2
2011,VA,OASHRA,0,3
2011,VA,OASP&IA,0,1
2011,VA,ODASB,0,0
2011,VA,ODASIA,0,0
2011,VA,ODI,0,0
2011,VA,OF,2,1
2011,VA,OIT,10,15
2011,VA,ORM,0,0
2011,VA,OSDBU,2,5
2011,VA,OSP,0,0
2011,VA,P&P,0,1
2011,VA,PA,0,2
2011,VA,SEC,5,12
2011,VA,VBA,392,398
2011,VA,VHA,324,317
2012,ABMC,ABMC,0,1
2012,ACUS,ACUS,0,0
2012,AFRH,AFRH,5,0
2012,BBG,BBG,0,0
2012,CEQ,CEQ,14,11
2012,CFTC,CFTC,28,42
2012,CIA,CIA,721,887
2012,CIGIE,CIGIE,0,4
2012,CNCS,CNCS,4,11
2012,CO,CO,2,4
2012,CPPBSD,CPPBSD,0,0
2012,CSB,CSB,41,17
2012,CSOSA,CSOSA,81,7
2012,DHS,CBP,4356,10648
2012,DHS,CRCL,6,0
2012,DHS,FEMA,485,306
2012,DHS,FLETC,5,2
2012,DHS,I&A,22,3
2012,DHS,ICE,18,2443
2012,DHS,MGMT,3,13
2012,DHS,NPPD,65,2288
2012,DHS,OGC,5,5
2012,DHS,OIG,0,11
2012,DHS,OPS,0,0
2012,DHS,PLCY,0,0
2012,DHS,PRIV,4,5
2012,DHS,S&T,0,0
2012,DHS,TSA,580,542
2012,DHS,USCG,471,782
2012,DHS,USCIS,35780,10727
2012,DHS,USSS,571,778
2012,DNFSB,OGC,0,0
2012,DNFSB,OGM,0,0
2012,DOC,BIS,0,1
2012,DOC,Census,9,3
2012,DOC,EDA,0,0
2012,DOC,ESA,0,0
2012,DOC,ITA,27,23
2012,DOC,MBDA,2,1
2012,DOC,NIST,16,34
2012,DOC,NOAA,72,128
2012,DOC,NTIA,8,8
2012,DOC,NTIS,0,1
2012,DOC,OIG,0,0
2012,DOC,OS,6,28
2012,DOC,PTO,0,0
2012,DoD,AF,525,509
2012,DoD,AFRICOM,14,29
2012,DoD,ARMY,1000,625
2012,DoD,ASBCA,0,0
2012,DoD,CENTCOM,173,205
2012,DoD,DCAA,0,0
2012,DoD,DCMA,63,49
2012,DoD,DeCA,5,0
2012,DoD,DFAS,5,8
2012,DoD,DIA,1605,1132
2012,DoD,DISA,19,20
2012,DoD,DLA,19,23
2012,DoD,DoD IG,189,252
2012,DoD,DoDEA,1,1
2012,DoD,DSS,1,8
2012,DoD,DTIC,5,3
2012,DoD,DTRA,6,39
2012,DoD,EUCOM,59,37
2012,DoD,NAVY,1658,1202
2012,DoD,NGA,135,73
2012,DoD,NGB,16,17
2012,DoD,NORTHCOM,9,16
2012,DoD,NRO,44,33
2012,DoD,NSA,484,597
2012,DoD,OSD/JS,1196,1097
2012,DoD,PACOM,37,33
2012,DoD,SOCOM,162,148
2012,DoD,SOUTHCOM,98,170
2012,DoD,STRATCOM,0,1
2012,DoD,TRANSCOM,14,34
2012,DoD,TRICARE,6,10
2012,DOE,BPA,5,4
2012,DOE,CBFO,0,0
2012,DOE,CH,0,0
2012,DOE,EMCBC,4,5
2012,DOE,GFO,0,0
2012,DOE,HQ,192,221
2012,DOE,ID,0,0
2012,DOE,NETL,0,0
2012,DOE,NNSA,175,211
2012,DOE,NR,0,0
2012,DOE,NRLFO,3,2
2012,DOE,ORO,3,10
2012,DOE,OSTI,1,1
2012,DOE,ROO,1,1
2012,DOE,SEPA,0,0
2012,DOE,SPR,0,0
2012,DOE,SRO,0,1
2012,DOE,SWPA,0,0
2012,DOE,WAPA,0,0
2012,DOI,BIA,40,34
2012,DOI,BLM,90,86
2012,DOI,BOEM,13,15
2012,DOI,BOR,10,0
2012,DOI,BSEE,27,20
2012,DOI,FWS,88,68
2012,DOI,NPS,27,51
2012,DOI,OIG,77,61
2012,DOI,OS,92,54
2012,DOI,OSM,11,4
2012,DOI,SOL,48,56
2012,DOI,USGS,1,0
2012,DOJ,Office of the AG,192,170
2012,DOJ,Office of the DAG,139,129
2012,DOJ,Office of the Assoc. AG,40,26
2012,DOJ,Antitrust,28,33
2012,DOJ,ATF,50,164
2012,DOJ,BOP,317,417
2012,DOJ,Civil,39,79
2012,DOJ,Civil Rights,181,184
2012,DOJ,COPS,0,0
2012,DOJ,Criminal,40,92
2012,DOJ,CRS,0,0
2012,DOJ,DEA,616,368
2012,DOJ,ENRD,3,9
2012,DOJ,EOIR,205,179
2012,DOJ,EOUSA,738,1021
2012,DOJ,EOUST,0,2
2012,DOJ,FBI,938,1865
2012,DOJ,FCSC,0,1
2012,DOJ,JMD,10,29
2012,DOJ,NDIC,2,0
2012,DOJ,NSD,26,46
2012,DOJ,OCDETF,0,2
2012,DOJ,ODR,0,0
2012,DOJ,OFDT,1,1
2012,DOJ,OIG,8,34
2012,DOJ,OIP,26,27
2012,DOJ,OIPL,2,0
2012,DOJ,OJP,24,27
2012,DOJ,OLA,47,52
2012,DOJ,OLC,33,23
2012,DOJ,OLP,11,11
2012,DOJ,OPR,21,48
2012,DOJ,OSG,15,22
2012,DOJ,OVW,0,1
2012,DOJ,Pardon Attorney,0,0
2012,DOJ,Public Affairs,12,13
2012,DOJ,PRAO,0,1
2012,DOJ,TAX,1,3
2012,DOJ,USMS,30,108
2012,DOJ,USNCB,8,4
2012,DOJ,USPC,13,5
2012,DOT,FAA,251,307
2012,DOT,FHWA,28,19
2012,DOT,FMCSA,214,190
2012,DOT,FRA,51,38
2012,DOT,FTA,4,2
2012,DOT,MARAD,87,61
2012,DOT,NHTSA,10,37
2012,DOT,OIG,17,13
2012,DOT,OST,33,40
2012,DOT,PHMSA,29,29
2012,DOT,RITA,0,1
2012,DOT,SLSDC,0,0
2012,ED,FSA,1,24
2012,ED,IES,0,0
2012,ED,IES-NAGB,0,0
2012,ED,M,0,29
2012,ED,OCFO,1,2
2012,ED,OCFO-CAM,1,6
2012,ED,OCIO,0,1
2012,ED,OCO,0,1
2012,ED,OCR,0,2
2012,ED,OCR-1 Boston,32,17
2012,ED,OCR-2 New York,19,27
2012,ED,OCR-3 Philadelphia,6,1
2012,ED,OCR-4 Atlanta,2,12
2012,ED,OCR-5 Chicago,1,0
2012,ED,OCR-6 Dallas,0,1
2012,ED,OCR-7 Kansas City,9,8
2012,ED,OCR-8 Denver,4,0
2012,ED,OCR-9 San Francisco,2,0
2012,ED,OCR-10 Seattle,1,0
2012,ED,OCR-12 Cleveland,1,3
2012,ED,OCR-Metro D.C.,13,12
2012,ED,ODS,0,0
2012,ED,OELA,0,0
2012,ED,OESE,0,6
2012,ED,OGC,14,0
2012,ED,OIG,4,6
2012,ED,OII,0,1
2012,ED,OLCA,6,1
2012,ED,OM,1,3
2012,ED,OM-PIRMS,60,35
2012,ED,OPE,1,14
2012,ED,OPEPD,9,2
2012,ED,OS,41,23
2012,ED,OSDFS,2,0
2012,ED,OSERS,11,1
2012,ED,OUS,13,0
2012,ED,OVAE,0,0
2012,EEOC,ATLANTA,0,7
2012,EEOC,BIRMINGHAM,3,1
2012,EEOC,CHARLOTTE,6,11
2012,EEOC,CHICAGO,0,0
2012,EEOC,DALLAS,9,26
2012,EEOC,HOUSTON,0,0
2012,EEOC,INDIANAPOLIS,0,1
2012,EEOC,LOS ANGELES,0,0
2012,EEOC,MEMPHIS,24,1
2012,EEOC,MIAMI,1,2
2012,EEOC,NEW YORK,112,11
2012,EEOC,OLC/HDQ,8,3
2012,EEOC,PHILADELPHIA,11,36
2012,EEOC,PHOENIX,0,0
2012,EEOC,SAN FRANCISCO,2,22
2012,EEOC,ST. LOUIS,0,10
2012,EEOC,WFO,0,0
2012,EPA,HQ,223,372
2012,EPA,Region 1,0,2
2012,EPA,Region 2,37,33
2012,EPA,Region 3,1,1
2012,EPA,Region 4,13,21
2012,EPA,Region 5,0,8
2012,EPA,Region 6,52,9
2012,EPA,Region 7,0,1
2012,EPA,Region 8,0,0
2012,EPA,Region 9,0,0
2012,EPA,Region 10,0,21
2012,Ex-Im Bank,HQ,24,38
2012,FCA,FCA,0,0
2012,FCC,FCC,19,38
2012,FCSIC,FCSIC,0,0
2012,FDIC,FDIC,2,0
2012,FEC,FEC,13,5
2012,FERC,FERC,4,6
2012,FFIEC,FFIEC,0,0
2012,FHFA,FHFA FOIA,4,6
2012,FHFA,FHFA-OIG,0,0
2012,FLRA,FSIP,0,0
2012,FLRA,Authority,0,0
2012,FLRA,IG,0,0
2012,FLRA,OGC,0,0
2012,FLRA,ATRO,0,0
2012,FLRA,BORO,0,0
2012,FLRA,CHRO,0,0
2012,FLRA,DARO,0,0
2012,FLRA,DERO,0,0
2012,FLRA,SFRO,0,0
2012,FLRA,WARO,0,0
2012,FMC,FMC,33,15
2012,FMCS,FMCS,0,0
2012,FMSHRC,FMSHRC,0,0
2012,FOMC,FOMC,1,8
2012,FRB,FRB,20,30
2012,FRTIB,FRTIB,0,2
2012,FTC,FTC,7,1
2012,GSA,GSA,21,56
2012,HHS,ACF,162,220
2012,HHS,CMS,2008,1706
2012,HHS,OIG,4,9
2012,HHS,AHRQ,0,0
2012,HHS,CDC,288,501
2012,HHS,FDA,3469,2575
2012,HHS,HRSA,2,58
2012,HHS,IHS,31,6
2012,HHS,NIH,25,33
2012,HHS,SAMHSA,22,73
2012,HHS,OS,309,365
2012,HHS,OASH,163,194
2012,HHS,ACL,0,0
2012,HUD,HQ,107,187
2012,HUD,OIG,14,13
2012,HUD,R01,1,5
2012,HUD,R02,1,9
2012,HUD,R03,1,6
2012,HUD,R04,0,12
2012,HUD,R05,0,18
2012,HUD,R06,0,6
2012,HUD,R07,2,2
2012,HUD,R08,0,2
2012,HUD,R09,2,12
2012,HUD,R0X,0,6
2012,IAF,IAF,0,0
2012,IMLS,IMLS,0,0
2012,LSC,OLA,0,0
2012,LSC,OIG,0,0
2012,MCC,MCC,0,0
2012,MSPB,MSPB,4,0
2012,NARA,NARA,8011,7610
2012,NASA,ARC,2,1
2012,NASA,DFRC,3,1
2012,NASA,GRC,3,2
2012,NASA,GSFC,4,4
2012,NASA,HQ,14,6
2012,NASA,JPL,0,0
2012,NASA,JSC,2,4
2012,NASA,KSC,2,3
2012,NASA,LaRC,1,1
2012,NASA,MSFC,0,0
2012,NASA,NSSC,0,0
2012,NASA,OGC,0,0
2012,NASA,OIG,1,0
2012,NASA,SSC,0,0
2012,NCPC,NCPC,0,0
2012,NCUA,NCUA,11,5
2012,NEA,NEA,4,10
2012,NEH,NEH,3,0
2012,NIGC,NIGC,14,29
2012,NLRB,NLRB,0,17
2012,NMB,NMB,5,1
2012,NRPC,NRPC,15,6
2012,NSF,OGC,42,36
2012,NSF,OIG,0,0
2012,NTSB,NTSB,81,62
2012,ODNI,ODNI,102,132
2012,OGE,OGE,0,0
2012,OMB,OMB,1,6
2012,ONDCP,ONDCP,0,3
2012,ONHIR,ONHIR,0,0
2012,OPIC,OPIC,0,1
2012,OPM,OPM,166,42
2012,OSC,OSC,39,97
2012,OSHRC,OSHRC,0,0
2012,OSTP,OSTP,4,0
2012,PBGC,PBGC,1,0
2012,PC,FOIA Office,22,15
2012,PC,OIG,1,2
2012,PRC,PRC,0,0
2012,RATB,RATB,0,0
2012,SBA,SBA,1,14
2012,SEC,SEC,81,172
2012,SIGAR,SIGAR,2,1
2012,SIGIR,SIGIR,0,0
2012,SSA,SSA,38,30
2012,SSS,SSS,0,0
2012,State,DoS,8078,10464
2012,State,OIG,0,0
2012,STB,STB,0,0
2012,Treasury,BEP,0,0
2012,Treasury,BPD,0,0
2012,Treasury,CFPB,3,6
2012,Treasury,DO,178,155
2012,Treasury,FinCEN,0,0
2012,Treasury,FMS,0,3
2012,Treasury,IRS,146,118
2012,Treasury,MINT,0,0
2012,Treasury,OCC,6,0
2012,Treasury,TIGTA,0,0
2012,Treasury,TTB,0,0
2012,TVA,TVA,0,12
2012,U.S. CPSC,U.S. CPSC,237,232
2012,U.S. DOL,ADJ BDS,0,0
2012,U.S. DOL,ALJ,3,0
2012,U.S. DOL,ASP,1,1
2012,U.S. DOL,BLS,6,3
2012,U.S. DOL,CFO,1,1
2012,U.S. DOL,EBSA,28,17
2012,U.S. DOL,ETA,164,16
2012,U.S. DOL,EXEC SEC,5,0
2012,U.S. DOL,ILAB,0,0
2012,U.S. DOL,MSHA,83,42
2012,U.S. DOL,OASAM,42,24
2012,U.S. DOL,OCIA,4,5
2012,U.S. DOL,ODEP,1,1
2012,U.S. DOL,OFCCP,24,18
2012,U.S. DOL,OIG,9,8
2012,U.S. DOL,OLMS,1,0
2012,U.S. DOL,OPA,22,22
2012,U.S. DOL,OSEC,2,0
2012,U.S. DOL,OSHA,439,174
2012,U.S. DOL,OWCP,17,7
2012,U.S. DOL,SOL,20,21
2012,U.S. DOL,VETS,114,54
2012,U.S. DOL,WB,2,2
2012,U.S. DOL,WHD,442,319
2012,US ADF,US ADF,0,0
2012,US RRB,OIG,0,0
2012,US RRB,RRB,1,0
2012,USAID,USAID,215,201
2012,USCCR,USCCR,0,0
2012,USDA,AMS,16,16
2012,USDA,APHIS,36,129
2012,USDA,ASCR,0,0
2012,USDA,DM,5,20
2012,USDA,FAS,1,0
2012,USDA,FNCS,18,1
2012,USDA,FS,125,215
2012,USDA,FSA,3,12
2012,USDA,FSIS,185,74
2012,USDA,GIPSA,1,4
2012,USDA,NAD,1,0
2012,USDA,NRCS,0,15
2012,USDA,OBPA,0,0
2012,USDA,OCFO,0,2
2012,USDA,OGC,10,12
2012,USDA,OIG,3,20
2012,USDA,OSEC/OCIO,59,23
2012,USDA,RD,179,189
2012,USDA,REE,0,1
2012,USDA,RMA,8,8
2012,USIBWC,USIBWC,0,1
2012,USITC,USITC,0,0
2012,USNRC,USNRC,44,87
2012,USPS,PS,66,52
2012,USPS,OIG,1,0
2012,USPS,PIS,1,1
2012,USTDA,USTDA,1,1
2012,USTR,USTR,13,20
2012,VA,Admin,2,0
2012,VA,BVA,0,0
2012,VA,C&LA,0,3
2012,VA,CFM,19,48
2012,VA,GC,3,11
2012,VA,HRM,11,10
2012,VA,IG,0,4
2012,VA,Mgmt,1,5
2012,VA,NCA,1,18
2012,VA,OAL,2,21
2012,VA,OASHRA,3,2
2012,VA,OASP&IA,1,6
2012,VA,ODASB,0,1
2012,VA,ODASIA,0,1
2012,VA,ODI,0,1
2012,VA,OF,0,2
2012,VA,OIT,16,11
2012,VA,ORM,0,1
2012,VA,OSDBU,5,2
2012,VA,OSP,0,0
2012,VA,P&P,1,2
2012,VA,PA,2,3
2012,VA,SEC,11,23
2012,VA,VBA,394,196
2012,VA,VHA,454,244
2013,ABMC,ABMC,1,1
2013,AFRH,AFRH,0,0
2013,BBG,BBG,0,11
2013,CEQ,CEQ,11,39
2013,CFPB,CFPB,6,2
2013,CFTC,CFTC,42,15
2013,CIA,CIA,887,692
2013,CIGIE,CIGIE,4,7
2013,CNCS,CNCS,11,4
2013,CO,CO,4,3
2013,CPPBSD,CPPBSD,0,0
2013,CSB,CSB,17,0
2013,CSOSA,CSOSA,7,56
2013,DHS,CBP,10648,37848
2013,DHS,CRCL,0,0
2013,DHS,FEMA,306,496
2013,DHS,FLETC,2,1
2013,DHS,I&A,3,12
2013,DHS,ICE,2903,4714
2013,DHS,NPPD,2288,3099
2013,DHS,OIG,11,34
2013,DHS,OPS,0,0
2013,DHS,PRIV,23,20
2013,DHS,S&T,0,1
2013,DHS,TSA,542,546
2013,DHS,USCG,782,877
2013,DHS,USCIS,10727,3394
2013,DHS,USSS,778,719
2013,DNFSB,DNFSB,0,3
2013,DOC,BIS,1,1
2013,DOC,Census,3,3
2013,DOC,EDA,0,0
2013,DOC,ESA,0,0
2013,DOC,ITA,23,38
2013,DOC,MBDA,1,0
2013,DOC,NIST,34,24
2013,DOC,NOAA,113,103
2013,DOC,NTIA,8,8
2013,DOC,NTIS,1,0
2013,DOC,OIG,0,2
2013,DOC,OS,28,57
2013,DOC,PTO,0,2
2013,DoD,AF,509,654
2013,DoD,AFRICOM,29,41
2013,DoD,ARMY,625,515
2013,DoD,ASBCA,0,0
2013,DoD,CENTCOM,205,177
2013,DoD,DCAA,0,0
2013,DoD,DCMA,49,37
2013,DoD,DeCA,0,0
2013,DoD,DFAS,8,13
2013,DoD,DIA,1132,809
2013,DoD,DISA,20,30
2013,DoD,DLA,23,1
2013,DoD,DoD IG,252,426
2013,DoD,DoDEA,1,0
2013,DoD,DSS,8,5
2013,DoD,DTIC,3,15
2013,DoD,DTRA,39,30
2013,DoD,EUCOM,37,35
2013,DoD,JPRA,1,0
2013,DoD,NAVY,1202,1163
2013,DoD,NGA,73,51
2013,DoD,NGB,17,45
2013,DoD,NORTHCOM,16,11
2013,DoD,NRO,33,48
2013,DoD,NSA,597,805
2013,DoD,OSD/JS,1097,1183
2013,DoD,PACOM,33,84
2013,DoD,SOCOM,148,169
2013,DoD,SOUTHCOM,170,188
2013,DoD,STRATCOM,1,11
2013,DoD,TRANSCOM,34,34
2013,DoD,TRICARE,10,13
2013,DOE,BPA,4,26
2013,DOE,CBFO,0,0
2013,DOE,CH,0,0
2013,DOE,EMCBC,4,11
2013,DOE,GFO,0,0
2013,DOE,HQ,222,142
2013,DOE,ID,0,0
2013,DOE,NETL,0,1
2013,DOE,NNSA,210,244
2013,DOE,NR,0,0
2013,DOE,NRLFO,0,0
2013,DOE,ORO,10,7
2013,DOE,OSTI,1,3
2013,DOE,ROO,1,3
2013,DOE,SEPA,0,0
2013,DOE,SPR,0,0
2013,DOE,SRO,1,1
2013,DOE,SWPA,0,0
2013,DOE,WAPA,0,0
2013,DOI,BIA,30,44
2013,DOI,BLM,84,66
2013,DOI,BOEM,15,11
2013,DOI,BOR,0,4
2013,DOI,BSEE,40,21
2013,DOI,FWS,75,79
2013,DOI,NPS,49,60
2013,DOI,OIG,61,45
2013,DOI,OS,50,44
2013,DOI,OSM,5,3
2013,DOI,SOL,53,43
2013,DOI,USGS,1,3
2013,DOJ,Office of the AG,170,168
2013,DOJ,Office of the DAG,129,121
2013,DOJ,Office of the Assoc. AG,26,20
2013,DOJ,Antitrust,33,49
2013,DOJ,ATF,164,592
2013,DOJ,BOP,417,872
2013,DOJ,Civil,79,34
2013,DOJ,Civil Rights,184,141
2013,DOJ,COPS,0,0
2013,DOJ,Criminal,92,170
2013,DOJ,CRS,0,0
2013,DOJ,DEA,368,164
2013,DOJ,ENRD,9,9
2013,DOJ,EOIR,179,180
2013,DOJ,EOUSA,1021,1208
2013,DOJ,EOUST,2,0
2013,DOJ,FBI,1865,2696
2013,DOJ,FCSC,1,0
2013,DOJ,JMD,29,17
2013,DOJ,NSD,46,147
2013,DOJ,OCDETF,2,1
2013,DOJ,OFDT,1,0
2013,DOJ,OIG,34,45
2013,DOJ,OIP,27,24
2013,DOJ,OJP,27,34
2013,DOJ,OLA,52,60
2013,DOJ,OLC,23,34
2013,DOJ,OLP,11,5
2013,DOJ,OPR,48,25
2013,DOJ,OSG,22,15
2013,DOJ,OVW,1,0
2013,DOJ,Pardon Attorney,0,0
2013,DOJ,Public Affairs,13,23
2013,DOJ,PRAO,1,1
2013,DOJ,TAX,3,2
2013,DOJ,USMS,108,120
2013,DOJ,USNCB,4,0
2013,DOJ,USPC,5,13
2013,DOT,FAA,307,352
2013,DOT,FHWA,19,23
2013,DOT,FMCSA,190,255
2013,DOT,FRA,38,83
2013,DOT,FTA,2,13
2013,DOT,MARAD,61,51
2013,DOT,NHTSA,37,24
2013,DOT,OIG,13,19
2013,DOT,OST,40,58
2013,DOT,PHMSA,29,58
2013,DOT,RITA,1,2
2013,DOT,SLSDC,0,0
2013,ED,FSA,22,45
2013,ED,IES,0,1
2013,ED,IES-NAGB,0,0
2013,ED,M,32,47
2013,ED,OCFO,0,0
2013,ED,OCFO-CAM,5,4
2013,ED,OCIO,0,1
2013,ED,OCO,0,0
2013,ED,OCR,2,7
2013,ED,OCR-1 Boston,3,0
2013,ED,OCR-2 New York,8,32
2013,ED,OCR-3 Philadelphia,1,1
2013,ED,OCR-4 Atlanta,4,12
2013,ED,OCR-5 Chicago,0,0
2013,ED,OCR-6 Dallas,0,1
2013,ED,OCR-7 Kansas City,3,9
2013,ED,OCR-8 Denver,0,0
2013,ED,OCR-9 San Francisco,0,0
2013,ED,OCR-10 Seattle,0,0
2013,ED,OCR-12 Cleveland,1,2
2013,ED,OCR-Metro D.C.,6,8
2013,ED,ODS,0,2
2013,ED,OELA,0,0
2013,ED,OESE,2,0
2013,ED,OGC,0,1
2013,ED,OIG,3,2
2013,ED,OII,4,0
2013,ED,OLCA,0,1
2013,ED,OM,1,1
2013,ED,OM-PIRMS,13,20
2013,ED,OPE,1,5
2013,ED,OPEPD,0,1
2013,ED,OS,17,20
2013,ED,OSDFS,0,0
2013,ED,OSERS,0,0
2013,ED,OUS,1,1
2013,ED,OVAE,0,0
2013,EEOC,ATLANTA,7,4
2013,EEOC,BIRMINGHAM,1,0
2013,EEOC,CHARLOTTE,11,0
2013,EEOC,CHICAGO,0,2
2013,EEOC,DALLAS,26,102
2013,EEOC,HOUSTON,0,0
2013,EEOC,INDIANAPOLIS,1,0
2013,EEOC,LOS ANGELES,0,0
2013,EEOC,MEMPHIS,1,8
2013,EEOC,MIAMI,2,8
2013,EEOC,NEW YORK,11,11
2013,EEOC,OLC/HDQ,3,4
2013,EEOC,PHILADELPHIA,36,9
2013,EEOC,PHOENIX,0,0
2013,EEOC,SAN FRANCISCO,22,42
2013,EEOC,ST. LOUIS,10,0
2013,EEOC,WFO,0,0
2013,EPA,HQ,372,790
2013,EPA,Region 1,2,9
2013,EPA,Region 2,33,115
2013,EPA,Region 3,1,89
2013,EPA,Region 4,21,25
2013,EPA,Region 5,8,15
2013,EPA,Region 6,9,61
2013,EPA,Region 7,1,10
2013,EPA,Region 8,0,26
2013,EPA,Region 9,0,9
2013,EPA,Region 10,21,116
2013,Ex-Im Bank,HQ,38,32
2013,FCA,FCA,0,0
2013,FCC,FCC,38,28
2013,FCSIC,FCSIC,0,0
2013,FDIC,FDIC,0,0
2013,FEC,FEC,5,12
2013,FERC,FERC,6,3
2013,FFIEC,FFIEC,0,0
2013,FHFA,FHFA-HQ,6,9
2013,FHFA,FHFA-OIG,0,4
2013,FLRA,FSIP,0,0
2013,FLRA,Authority,0,0
2013,FLRA,IG,0,0
2013,FLRA,OGC,0,0
2013,FLRA,ATRO,0,0
2013,FLRA,BORO,0,0
2013,FLRA,CHRO,0,0
2013,FLRA,DARO,0,0
2013,FLRA,DERO,0,0
2013,FLRA,SFRO,0,0
2013,FLRA,WARO,0,0
2013,FMC,FMC,15,18
2013,FMCS,FMCS,0,0
2013,FMSHRC,FMSHRC,0,0
2013,FOMC,FOMC,8,8
2013,FRB,FRB,30,19
2013,FRTIB,FRTIB,2,2
2013,FTC,FTC,1,3
2013,GSA,GSA,56,60
2013,HHS,ACF,220,141
2013,HHS,CMS,1706,1426
2013,HHS,OIG,9,2
2013,HHS,AHRQ,0,0
2013,HHS,CDC,501,494
2013,HHS,FDA,2575,2334
2013,HHS,HRSA,58,71
2013,HHS,IHS,6,22
2013,HHS,NIH,33,26
2013,HHS,SAMHSA,73,91
2013,HHS,OS,365,364
2013,HHS,OASH,194,128
2013,HHS,ACL,0,0
2013,HUD,HQ,187,130
2013,HUD,OIG,13,3
2013,HUD,R01,5,3
2013,HUD,R02,9,11
2013,HUD,R03,6,12
2013,HUD,R04,12,23
2013,HUD,R05,18,18
2013,HUD,R06,6,11
2013,HUD,R07,2,2
2013,HUD,R08,2,22
2013,HUD,R09,12,28
2013,HUD,R0X,6,3
2013,IAF,IAF,0,0
2013,IMLS,IMLS,0,0
2013,LSC,OLA,0,0
2013,LSC,OIG,0,0
2013,MCC,MCC,0,0
2013,MSPB,MSPB,0,0
2013,NARA,NARA,7610,6600
2013,NASA,ARC,1,3
2013,NASA,DFRC,1,0
2013,NASA,GRC,2,0
2013,NASA,GSFC,4,2
2013,NASA,HQ,6,0
2013,NASA,JPL,0,0
2013,NASA,JSC,4,4
2013,NASA,KSC,3,2
2013,NASA,LaRC,1,0
2013,NASA,MSFC,0,0
2013,NASA,NSSC,0,0
2013,NASA,OGC,0,0
2013,NASA,OIG,0,0
2013,NASA,SSC,0,0
2013,NCPC,NCPC,0,0
2013,NCUA,NCUA,5,0
2013,NEA,NEA,10,4
2013,NEH,NEH,0,1
2013,NIGC,NIGC,28,28
2013,NLRB,NLRB,17,5
2013,NMB,NMB,1,0
2013,NRPC,NRPC,6,25
2013,NSF,OGC,36,125
2013,NSF,OIG,0,0
2013,NTSB,NTSB,62,147
2013,ODNI,ODNI,132,155
2013,OGE,OGE,0,1
2013,OMB,OMB,6,41
2013,ONDCP,ONDCP,3,6
2013,ONHIR,ONHIR,0,0
2013,OPIC,OPIC,0,2
2013,OPM,OPM,42,78
2013,OSC,OSC,97,122
2013,OSHRC,OSHRC,0,0
2013,OSTP,OSTP,0,1
2013,PBGC,PBGC,0,8
2013,PC,FOIA Office,15,41
2013,PC,OIG,2,0
2013,PRC,PRC,0,0
2013,RATB,RATB,0,0
2013,SBA,SBA,14,1
2013,SEC,SEC,172,151
2013,SIGAR,SIGAR,1,1
2013,SSA,SSA,30,67
2013,SSS,SSS,0,0
2013,State,DoS,10464,8665
2013,State,OIG,0,4
2013,STB,STB,0,0
2013,Treasury,BEP,0,0
2013,Treasury,BPD,0,0
2013,Treasury,DO,155,197
2013,Treasury,FinCEN,0,0
2013,Treasury,FMS,3,1
2013,Treasury,IRS,118,217
2013,Treasury,MINT,0,0
2013,Treasury,OCC,0,2
2013,Treasury,TIGTA,0,0
2013,Treasury,TTB,0,0
2013,TVA,TVA,12,10
2013,U.S. CPSC,U.S. CPSC,232,230
2013,U.S. DOL,ADJ BDS,0,0
2013,U.S. DOL,ALJ,0,1
2013,U.S. DOL,ASP,1,0
2013,U.S. DOL,BLS,3,0
2013,U.S. DOL,CFO,1,1
2013,U.S. DOL,EBSA,17,24
2013,U.S. DOL,ETA,16,11
2013,U.S. DOL,EXEC SEC,5,0
2013,U.S. DOL,ILAB,0,1
2013,U.S. DOL,MSHA,42,38
2013,U.S. DOL,OASAM,24,25
2013,U.S. DOL,OCIA,5,8
2013,U.S. DOL,ODEP,1,0
2013,U.S. DOL,OFCCP,18,23
2013,U.S. DOL,OIG,8,17
2013,U.S. DOL,OLMS,0,1
2013,U.S. DOL,OPA,22,16
2013,U.S. DOL,OSEC,0,4
2013,U.S. DOL,OSHA,174,158
2013,U.S. DOL,OWCP,7,19
2013,U.S. DOL,SOL,21,15
2013,U.S. DOL,VETS,54,7
2013,U.S. DOL,WB,2,0
2013,U.S. DOL,WHD,319,251
2013,US ADF,US ADF,0,0
2013,US RRB,OIG,0,3
2013,US RRB,RRB,0,0
2013,USAID,USAID,197,233
2013,USCCR,USCCR,0,0
2013,USDA,AMS,16,27
2013,USDA,APHIS,129,233
2013,USDA,ASCR,0,0
2013,USDA,FAS,0,1
2013,USDA,FNCS,1,3
2013,USDA,FS,215,223
2013,USDA,FSA,12,17
2013,USDA,FSIS,74,91
2013,USDA,GIPSA,4,0
2013,USDA,NAD,0,0
2013,USDA,NRCS,15,94
2013,USDA,OBPA,0,0
2013,USDA,OCFO,2,5
2013,USDA,OGC,12,12
2013,USDA,OIG,20,69
2013,USDA,OSEC/OCIO/DM,43,66
2013,USDA,RD,189,296
2013,USDA,REE,1,0
2013,USDA,RMA,8,0
2013,USIBWC,USIBWC,1,0
2013,USITC,USITC,0,0
2013,USNRC,USNRC,87,77
2013,USPS,PS,59,90
2013,USPS,OIG,0,1
2013,USPS,PIS,1,6
2013,USTDA,USTDA,1,2
2013,USTR,USTR,20,35
2013,VA,Admin,31,3
2013,VA,BVA,0,1
2013,VA,C&LA,3,1
2013,VA,CFM,41,68
2013,VA,GC,10,12
2013,VA,HRM,10,19
2013,VA,IG,0,2
2013,VA,Mgmt,6,5
2013,VA,NCA,16,7
2013,VA,OAL,21,4
2013,VA,OASHRA,1,5
2013,VA,OASP&IA,6,9
2013,VA,ODASB,1,4
2013,VA,ODASIA,1,29
2013,VA,ODI,1,1
2013,VA,OF,1,0
2013,VA,OIT,12,15
2013,VA,ORM,1,2
2013,VA,OSDBU,2,2
2013,VA,OSP,0,0
2013,VA,P&P,2,1
2013,VA,PA,3,4
2013,VA,SEC,17,37
2013,VA,VBA,422,519
2013,VA,VHA,727,207
2014,ABMC,ABMC,1,0
2014,ACUS,ACUS,0,0
2014,AFRH,AFRH,0,0
2014,BBG,BBG,11,7
2014,CEQ,CEQ,39,35
2014,CFPB,CFPB,2,0
2014,CFTC,CFTC,15,27
2014,CIA,CIA,692,672
2014,CIGIE,CIGIE,7,6
2014,CNCS,CNCS,4,7
2014,CO,CO,3,3
2014,CPPBSD,CPPBSD,0,0
2014,CSB,CSB,1,11
2014,CSOSA,CSOSA,56,58
2014,DHS,CBP,37848,34307
2014,DHS,CRCL,0,3
2014,DHS,FEMA,496,709
2014,DHS,FLETC,1,1
2014,DHS,I&A,12,22
2014,DHS,ICE,4714,56863
2014,DHS,NPPD,3099,3592
2014,DHS,OIG,34,48
2014,DHS,OPS,0,0
2014,DHS,PRIV,20,64
2014,DHS,S&T,1,1
2014,DHS,TSA,546,924
2014,DHS,USCG,877,1261
2014,DHS,USCIS,3394,5026
2014,DHS,USSS,533,659
2014,DNFSB,DNFSB,3,2
2014,DOC,BIS,1,6
2014,DOC,Census,3,2
2014,DOC,EDA,0,2
2014,DOC,ESA,0,0
2014,DOC,ITA,38,68
2014,DOC,MBDA,0,0
2014,DOC,NIST,24,28
2014,DOC,NOAA,103,138
2014,DOC,NTIA,8,9
2014,DOC,NTIS,0,1
2014,DOC,OIG,2,3
2014,DOC,OS,57,103
2014,DOC,PTO,2,2
2014,DoD,AF,654,699
2014,DoD,AFRICOM,41,63
2014,DoD,ARMY,515,736
2014,DoD,ASBCA,0,0
2014,DoD,CENTCOM,177,151
2014,DoD,DCAA,0,0
2014,DoD,DCMA,37,31
2014,DoD,DeCA,0,2
2014,DoD,DFAS,13,7
2014,DoD,DHA,13,34
2014,DoD,DIA,809,723
2014,DoD,DISA,30,32
2014,DoD,DLA,1,3
2014,DoD,DoD IG,426,546
2014,DoD,DoDEA,0,0
2014,DoD,DSS,5,1
2014,DoD,DTIC,15,0
2014,DoD,DTRA,30,31
2014,DoD,EUCOM,35,34
2014,DoD,JPRA,0,0
2014,DoD,NAVY,1163,2183
2014,DoD,NGA,51,64
2014,DoD,NGB,45,66
2014,DoD,NORTHCOM,11,12
2014,DoD,NRO,48,47
2014,DoD,NSA,805,1209
2014,DoD,OSD/JS,1183,1177
2014,DoD,PACOM,84,41
2014,DoD,SOCOM,169,276
2014,DoD,SOUTHCOM,188,173
2014,DoD,STRATCOM,11,33
2014,DoD,TRANSCOM,34,70
2014,DOE,BPA,26,2
2014,DOE,CBFO,0,0
2014,DOE,CH,0,1
2014,DOE,EMCBC,11,17
2014,DOE,GFO,0,0
2014,DOE,HQ,142,119
2014,DOE,ID,0,0
2014,DOE,NETL,1,1
2014,DOE,NNSA,244,190
2014,DOE,NR,0,0
2014,DOE,NRLFO,0,0
2014,DOE,ORO,7,3
2014,DOE,OSTI,3,6
2014,DOE,ROO,3,1
2014,DOE,SEPA,0,0
2014,DOE,SPR,0,0
2014,DOE,SRO,1,0
2014,DOE,SWPA,0,1
2014,DOE,WAPA,0,0
2014,DOI,BIA,36,36
2014,DOI,BLM,66,67
2014,DOI,BOEM,8,8
2014,DOI,BOR,4,5
2014,DOI,BSEE,16,14
2014,DOI,FWS,93,192
2014,DOI,NPS,60,112
2014,DOI,OIG,38,16
2014,DOI,OS,43,43
2014,DOI,OSM,3,13
2014,DOI,SOL,32,48
2014,DOI,USGS,3,24
2014,DOJ,Office of the AG,168,236
2014,DOJ,Office of the DAG,121,163
2014,DOJ,Office of the Assoc. AG,20,41
2014,DOJ,Antitrust,49,53
2014,DOJ,ATF,592,1157
2014,DOJ,BOP,872,688
2014,DOJ,Civil,34,24
2014,DOJ,Civil Rights,141,141
2014,DOJ,COPS,0,0
2014,DOJ,Criminal,170,145
2014,DOJ,CRS,0,1
2014,DOJ,DEA,164,216
2014,DOJ,ENRD,9,2
2014,DOJ,EOIR,180,983
2014,DOJ,EOUSA,1208,1783
2014,DOJ,EOUST,0,1
2014,DOJ,FBI,2696,2656
2014,DOJ,FCSC,0,1
2014,DOJ,JMD,17,19
2014,DOJ,NSD,147,92
2014,DOJ,OCDETF,1,2
2014,DOJ,OIG,45,46
2014,DOJ,OIP,24,42
2014,DOJ,OJP,34,57
2014,DOJ,OLA,60,72
2014,DOJ,OLC,34,35
2014,DOJ,OLP,5,6
2014,DOJ,OPR,25,10
2014,DOJ,OSG,15,19
2014,DOJ,OVW,0,0
2014,DOJ,Pardon Attorney,0,8
2014,DOJ,Public Affairs,23,33
2014,DOJ,PRAO,1,1
2014,DOJ,TAX,2,6
2014,DOJ,USMS,120,167
2014,DOJ,USNCB,0,0
2014,DOJ,USPC,13,32
2014,DOT,FAA,352,645
2014,DOT,FHWA,23,6
2014,DOT,FMCSA,255,597
2014,DOT,FRA,83,93
2014,DOT,FTA,13,5
2014,DOT,MARAD,51,31
2014,DOT,NHTSA,24,58
2014,DOT,OIG,19,21
2014,DOT,OST,58,95
2014,DOT,PHMSA,58,73
2014,DOT,RITA,2,0
2014,DOT,SLSDC,0,0
2014,ED,OSHS,0,0
2014,ED,OCTAE,0,0
2014,ED,FSA,23,12
2014,ED,IES,1,3
2014,ED,IES-NAGB,0,0
2014,ED,M,55,49
2014,ED,OCFO,0,0
2014,ED,OCFO-CAM,4,7
2014,ED,OCIO,1,0
2014,ED,OCO,0,2
2014,ED,OCR,7,15
2014,ED,OCR-1 Boston,0,3
2014,ED,OCR-2 New York,34,61
2014,ED,OCR-3 Philadelphia,1,2
2014,ED,OCR-4 Atlanta,6,13
2014,ED,OCR-5 Chicago,0,1
2014,ED,OCR-6 Dallas,1,3
2014,ED,OCR-7 Kansas City,8,14
2014,ED,OCR-8 Denver,0,0
2014,ED,OCR-9 San Francisco,0,1
2014,ED,OCR-10 Seattle,0,0
2014,ED,OCR-12 Cleveland,2,4
2014,ED,OCR-Metro D.C.,8,35
2014,ED,ODS,3,5
2014,ED,OESE,0,1
2014,ED,OGC,1,0
2014,ED,OIG,2,2
2014,ED,OII,0,0
2014,ED,OLCA,1,0
2014,ED,OM,1,4
2014,ED,OM-PIRMS,6,9
2014,ED,OPE,6,9
2014,ED,OPEPD,2,3
2014,ED,OS,17,23
2014,ED,OSERS,0,1
2014,ED,OUS,1,1
2014,EEOC,ATLANTA,4,2
2014,EEOC,BIRMINGHAM,0,0
2014,EEOC,CHARLOTTE,0,1
2014,EEOC,CHICAGO,2,5
2014,EEOC,DALLAS,102,51
2014,EEOC,HOUSTON,0,8
2014,EEOC,INDIANAPOLIS,0,0
2014,EEOC,LOS ANGELES,0,0
2014,EEOC,MEMPHIS,8,0
2014,EEOC,MIAMI,8,7
2014,EEOC,NEW YORK,11,7
2014,EEOC,OLC/HDQ,4,12
2014,EEOC,PHILADELPHIA,9,19
2014,EEOC,PHOENIX,0,13
2014,EEOC,SAN FRANCISCO,42,70
2014,EEOC,ST. LOUIS,0,0
2014,EEOC,WFO,0,0
2014,EPA,HQ,790,828
2014,EPA,Region 1,9,4
2014,EPA,Region 2,115,192
2014,EPA,Region 3,89,419
2014,EPA,Region 4,25,36
2014,EPA,Region 5,15,24
2014,EPA,Region 6,61,33
2014,EPA,Region 7,10,5
2014,EPA,Region 8,26,32
2014,EPA,Region 9,9,5
2014,EPA,Region 10,116,110
2014,Ex-Im Bank,OIG,0,0
2014,Ex-Im Bank,HQ,32,31
2014,FCA,FCA,0,0
2014,FCC,FCC,28,28
2014,FCSIC,FCSIC,0,0
2014,FDIC,FDIC,0,0
2014,FEC,FEC,12,30
2014,FERC,FERC,3,7
2014,FFIEC,FFIEC,0,0
2014,FHFA,FHFA-HQ,9,5
2014,FHFA,FHFA-OIG,4,2
2014,FLRA,FSIP,0,0
2014,FLRA,Authority,0,0
2014,FLRA,IG,0,0
2014,FLRA,OGC,0,0
2014,FLRA,ATRO,0,0
2014,FLRA,BORO,0,0
2014,FLRA,CHRO,0,0
2014,FLRA,DARO,0,0
2014,FLRA,DERO,0,0
2014,FLRA,SFRO,0,0
2014,FLRA,WARO,0,0
2014,FMC,FMC,18,14
2014,FMCS,FMCS,0,2
2014,FMSHRC,FMSHRC,0,0
2014,FOMC,FOMC,8,8
2014,FRB,FRB,19,10
2014,FRTIB,FRTIB,2,1
2014,FTC,FTC,3,7
2014,GSA,GSA,160,84
2014,HHS,ACF,141,721
2014,HHS,CMS,1426,2714
2014,HHS,OIG,2,16
2014,HHS,CDC,494,598
2014,HHS,FDA,2334,2617
2014,HHS,HRSA,66,64
2014,HHS,IHS,22,17
2014,HHS,NIH,26,28
2014,HHS,SAMHSA,86,45
2014,HHS,OS,364,281
2014,HHS,OASH,124,92
2014,HHS,ACL,0,2
2014,HUD,HQ,130,219
2014,HUD,OIG,3,0
2014,HUD,R01,3,0
2014,HUD,R02,11,1
2014,HUD,R03,12,2
2014,HUD,R04,23,0
2014,HUD,R05,18,4
2014,HUD,R06,11,1
2014,HUD,R07,2,0
2014,HUD,R08,22,0
2014,HUD,R09,28,10
2014,HUD,R0X,3,0
2014,IAF,IAF,0,0
2014,IMLS,IMLS,0,0
2014,LSC,OLA,0,0
2014,LSC,OIG,0,0
2014,MCC,MCC,0,23
2014,MSPB,MSPB,0,10
2014,NARA,NARA,6600,9361
2014,NASA,AFRC,0,0
2014,NASA,ARC,3,4
2014,NASA,GRC,0,0
2014,NASA,GSFC,2,1
2014,NASA,HQ,0,0
2014,NASA,JPL,0,0
2014,NASA,JSC,4,1
2014,NASA,KSC,2,5
2014,NASA,LaRC,0,0
2014,NASA,MSFC,0,0
2014,NASA,NSSC,0,0
2014,NASA,OGC,0,0
2014,NASA,OIG,0,0
2014,NASA,SSC,0,0
2014,NCPC,NCPC,0,0
2014,NCUA,NCUA,0,0
2014,NEA,NEA,6,3
2014,NEH,NEH,1,0
2014,NIGC,NIGC,28,8
2014,NLRB,NLRB,5,5
2014,NRPC,NRPC,25,10
2014,NSF,OGC,125,150
2014,NSF,OIG,0,0
2014,NTSB,NTSB,158,288
2014,ODNI,ODNI,155,210
2014,OGE,OGE,1,1
2014,OMB,OMB,41,27
2014,ONDCP,ONDCP,6,7
2014,ONHIR,ONHIR,0,0
2014,OPIC,OPIC,2,2
2014,OPM,OPM,78,66
2014,OSC,OSC,122,195
2014,OSHRC,OSHRC,0,0
2014,OSTP,OSTP,1,2
2014,PBGC,PBGC,8,0
2014,PC,FOIA Office,25,132
2014,PC,OIG,0,0
2014,PCLOB,PCLOB,0,1
2014,PRC,PRC,0,0
2014,RATB,RATB,0,0
2014,SBA,SBA,1,0
2014,SEC,SEC,151,149
2014,SIGAR,SIGAR,1,2
2014,SSA,SSA,67,84
2014,SSS,SSS,0,0
2014,State,DoS,8665,10041
2014,State,OIG,4,4
2014,STB,STB,0,0
2014,Treasury,BEP,0,6
2014,Treasury,DO,437,267
2014,Treasury,FinCEN,0,1
2014,Treasury,IRS,217,317
2014,Treasury,MINT,0,0
2014,Treasury,OCC,2,5
2014,Treasury,TIGTA,0,2
2014,Treasury,TTB,0,1
2014,Treasury,Fiscal Service,1,2
2014,TVA,TVA,10,9
2014,U.S. CPSC,U.S. CPSC,230,214
2014,U.S. DOL,ADJ BDS,0,0
2014,U.S. DOL,ALJ,1,3
2014,U.S. DOL,ASP,0,3
2014,U.S. DOL,BLS,0,0
2014,U.S. DOL,CFO,1,0
2014,U.S. DOL,EBSA,24,32
2014,U.S. DOL,ETA,11,5
2014,U.S. DOL,EXEC SEC,0,0
2014,U.S. DOL,ILAB,1,0
2014,U.S. DOL,MSHA,38,59
2014,U.S. DOL,OASAM,25,23
2014,U.S. DOL,OCIA,8,3
2014,U.S. DOL,ODEP,0,0
2014,U.S. DOL,OFCCP,23,14
2014,U.S. DOL,OIG,17,15
2014,U.S. DOL,OLMS,1,6
2014,U.S. DOL,OPA,16,4
2014,U.S. DOL,OSEC,4,5
2014,U.S. DOL,OSHA,158,109
2014,U.S. DOL,OWCP,19,7
2014,U.S. DOL,SOL,15,10
2014,U.S. DOL,VETS,7,0
2014,U.S. DOL,WB,0,1
2014,U.S. DOL,WHD,251,262
2014,US ADF,US ADF,0,0
2014,US RRB,OIG,3,9
2014,US RRB,RRB,0,0
2014,USAID,USAID,233,265
2014,USCCR,USCCR,0,0
2014,USDA,AMS,27,26
2014,USDA,APHIS,233,425
2014,USDA,ASCR,0,2
2014,USDA,FAS,1,0
2014,USDA,FNCS,3,16
2014,USDA,FS,223,260
2014,USDA,FSA,17,30
2014,USDA,FSIS,91,133
2014,USDA,GIPSA,0,0
2014,USDA,NAD,0,8
2014,USDA,NRCS,94,13
2014,USDA,OBPA,0,0
2014,USDA,OCFO,5,10
2014,USDA,OGC,12,15
2014,USDA,OIG,69,88
2014,USDA,OSEC/OCIO/DM,66,20
2014,USDA,RD,296,258
2014,USDA,REE,0,0
2014,USDA,RMA,0,10
2014,USIBWC,USIBWC,2,3
2014,USITC,USITC,0,0
2014,USNRC,USNRC,77,21
2014,USPS,PS,86,144
2014,USPS,OIG,1,2
2014,USPS,PIS,6,12
2014,USTDA,USTDA,1,6
2014,USTR,USTR,28,23
2014,VA,Admin,3,6
2014,VA,BVA,1,2
2014,VA,C&LA,1,3
2014,VA,CFM,66,68
2014,VA,GC,12,15
2014,VA,HRM,18,6
2014,VA,IG,0,6
2014,VA,Mgmt,2,3
2014,VA,NCA,2,27
2014,VA,OAL,5,18
2014,VA,OASHRA,5,10
2014,VA,OASP&IA,9,16
2014,VA,ODASB,2,0
2014,VA,ODASIA,28,2
2014,VA,ODI,0,1
2014,VA,OF,0,0
2014,VA,OIT,15,27
2014,VA,ORM,1,0
2014,VA,OSDBU,1,2
2014,VA,OSP,0,0
2014,VA,P&P,1,1
2014,VA,PA,3,8
2014,VA,SEC,35,18
2014,VA,VBA,912,380
2014,VA,VHA,285,724
2015,ABMC,ABMC,0,0
2015,ACUS,ACUS,0,0
2015,AFRH,AFRH,0,0
2015,BBG,BBG,7,4
2015,CEQ,CEQ,35,56
2015,CFPB,CFPB,0,0
2015,CFTC,CFTC,29,53
2015,CIA,CIA,672,1115
2015,CIGIE,CIGIE,6,6
2015,CNCS,CNCS,7,0
2015,CO,CO,3,1
2015,CPPBSD,CPPBSD,0,1
2015,CSB,CSB,11,21
2015,CSOSA,CSOSA,58,21
2015,DHS,CBP,34308,9280
2015,DHS,CRCL,3,14
2015,DHS,FEMA,769,760
2015,DHS,FLETC,1,22
2015,DHS,I&A,20,32
2015,DHS,ICE,56863,555
2015,DHS,NPPD,3880,4749
2015,DHS,OIG,48,91
2015,DHS,PRIV,64,52
2015,DHS,S&T,1,1
2015,DHS,TSA,875,876
2015,DHS,USCG,1261,1904
2015,DHS,USCIS,5026,16247
2015,DHS,USSS,659,791
2015,DNFSB,DNFSB,2,1
2015,DOC,BIS,6,8
2015,DOC,Census,1,2
2015,DOC,EDA,2,5
2015,DOC,ESA,0,0
2015,DOC,ITA,68,135
2015,DOC,MBDA,0,1
2015,DOC,NIST,28,28
2015,DOC,NOAA,138,70
2015,DOC,NTIA,9,13
2015,DOC,NTIS,1,5
2015,DOC,OIG,3,2
2015,DOC,OS,103,72
2015,DOC,PTO,1,2
2015,DOC,AGC/Admin,0,0
2015,DoD,AF,699,593
2015,DoD,AFRICOM,63,130
2015,DoD,ARMY,736,1122
2015,DoD,ASBCA,0,0
2015,DoD,CENTCOM,151,215
2015,DoD,DCAA,0,0
2015,DoD,DCMA,31,44
2015,DoD,DeCA,2,0
2015,DoD,DFAS,7,15
2015,DoD,DHA,34,41
2015,DoD,DIA,723,855
2015,DoD,DISA,32,55
2015,DoD,DLA,3,4
2015,DoD,DoD IG,546,645
2015,DoD,DoDEA,0,1
2015,DoD,DSS,1,0
2015,DoD,DTIC,0,0
2015,DoD,DTRA,29,44
2015,DoD,EUCOM,34,11
2015,DoD,JPRA,0,0
2015,DoD,NAVY,2183,2101
2015,DoD,NGA,108,61
2015,DoD,NGB,66,76
2015,DoD,NORTHCOM,12,33
2015,DoD,NRO,47,39
2015,DoD,NSA,1209,1495
2015,DoD,OSD/JS,1194,1359
2015,DoD,PACOM,41,4
2015,DoD,SOCOM,276,312
2015,DoD,SOUTHCOM,173,186
2015,DoD,STRATCOM,33,13
2015,DoD,TRANSCOM,77,39
2015,DOE,BPA,2,0
2015,DOE,CBFO,0,7
2015,DOE,CH,1,0
2015,DOE,EMCBC,17,12
2015,DOE,GFO,0,0
2015,DOE,HQ,119,91
2015,DOE,ID,0,1
2015,DOE,NETL,1,2
2015,DOE,NNSA,190,162
2015,DOE,NR,0,0
2015,DOE,NRLFO,0,0
2015,DOE,ORO,3,2
2015,DOE,OSTI,6,4
2015,DOE,ROO,1,0
2015,DOE,SEPA,0,0
2015,DOE,SPR,0,0
2015,DOE,SRO,0,0
2015,DOE,SWPA,1,0
2015,DOE,WAPA,0,0
2015,DOI,BIA,36,54
2015,DOI,BLM,67,120
2015,DOI,BOEM,8,19
2015,DOI,BOR,5,6
2015,DOI,BSEE,14,19
2015,DOI,FWS,192,151
2015,DOI,NPS,112,91
2015,DOI,OIG,16,14
2015,DOI,OS,43,39
2015,DOI,OSM,13,10
2015,DOI,SOL,48,30
2015,DOI,USGS,24,18
2015,DOJ,Office of the AG,236,321
2015,DOJ,Office of the DAG,163,228
2015,DOJ,Office of the Assoc. AG,41,51
2015,DOJ,Antitrust,53,40
2015,DOJ,ATF,1157,1610
2015,DOJ,BOP,688,624
2015,DOJ,Civil,24,22
2015,DOJ,Civil Rights,141,180
2015,DOJ,COPS,0,0
2015,DOJ,Criminal,145,130
2015,DOJ,CRS,1,1
2015,DOJ,DEA,216,244
2015,DOJ,ENRD,2,5
2015,DOJ,EOIR,983,768
2015,DOJ,EOUSA,1783,1876
2015,DOJ,EOUST,1,1
2015,DOJ,FBI,2656,2614
2015,DOJ,FCSC,1,0
2015,DOJ,JMD,19,50
2015,DOJ,NSD,92,110
2015,DOJ,OCDETF,2,2
2015,DOJ,OIG,46,32
2015,DOJ,OIP,42,54
2015,DOJ,OJP,57,99
2015,DOJ,OLA,72,114
2015,DOJ,OLC,35,49
2015,DOJ,OLP,6,12
2015,DOJ,OPR,10,4
2015,DOJ,OSG,19,32
2015,DOJ,OVW,0,3
2015,DOJ,Pardon Attorney,8,28
2015,DOJ,Public Affairs,33,47
2015,DOJ,PRAO,1,0
2015,DOJ,TAX,6,5
2015,DOJ,USMS,167,370
2015,DOJ,USNCB,0,3
2015,DOJ,USPC,32,15
2015,DOT,FAA,645,761
2015,DOT,FHWA,6,0
2015,DOT,FMCSA,597,584
2015,DOT,FRA,93,240
2015,DOT,FTA,5,3
2015,DOT,MARAD,31,14
2015,DOT,NHTSA,58,73
2015,DOT,OIG,21,13
2015,DOT,OST,95,78
2015,DOT,PHMSA,73,99
2015,DOT,RITA,0,0
2015,DOT,SLSDC,0,0
2015,ED,OCTAE,0,0
2015,ED,OM-OCPO,9,20
2015,ED,OSHS,0,0
2015,ED,FSA,12,38
2015,ED,IES,3,0
2015,ED,IES-NAGB,0,0
2015,ED,M,49,38
2015,ED,OCFO,0,0
2015,ED,OCFO-CAM,7,1
2015,ED,OCIO,0,0
2015,ED,OCO,2,0
2015,ED,OCR,15,15
2015,ED,OCR-1 Boston,3,14
2015,ED,OCR-2 New York,61,30
2015,ED,OCR-3 Philadelphia,2,2
2015,ED,OCR-4 Atlanta,13,17
2015,ED,OCR-5 Chicago,1,0
2015,ED,OCR-6 Dallas,3,5
2015,ED,OCR-7 Kansas City,14,10
2015,ED,OCR-8 Denver,0,2
2015,ED,OCR-9 San Francisco,1,0
2015,ED,OCR-10 Seattle,0,0
2015,ED,OCR-12 Cleveland,4,5
2015,ED,OCR-Metro D.C.,35,6
2015,ED,ODS,5,0
2015,ED,OESE,1,0
2015,ED,OGC,0,4
2015,ED,OIG,2,1
2015,ED,OII,0,2
2015,ED,OLCA,0,0
2015,ED,OM,4,4
2015,ED,OPE,9,6
2015,ED,OPEPD,3,3
2015,ED,OS,23,38
2015,ED,OSERS,1,3
2015,ED,OUS,1,1
2015,EEOC,ATLANTA,2,0
2015,EEOC,BIRMINGHAM,0,26
2015,EEOC,CHARLOTTE,1,3
2015,EEOC,CHICAGO,5,1
2015,EEOC,DALLAS,51,112
2015,EEOC,HOUSTON,8,81
2015,EEOC,INDIANAPOLIS,0,0
2015,EEOC,LOS ANGELES,0,0
2015,EEOC,MEMPHIS,0,1
2015,EEOC,MIAMI,7,21
2015,EEOC,NEW YORK,7,22
2015,EEOC,OLC/HDQ,12,10
2015,EEOC,PHILADELPHIA,19,136
2015,EEOC,PHOENIX,13,32
2015,EEOC,SAN FRANCISCO,70,3
2015,EEOC,ST. LOUIS,0,3
2015,EEOC,WFO,0,0
2015,EPA,HQ,828,834
2015,EPA,Region 1,4,3
2015,EPA,Region 2,192,204
2015,EPA,Region 3,419,107
2015,EPA,Region 4,36,65
2015,EPA,Region 5,24,16
2015,EPA,Region 6,33,26
2015,EPA,Region 7,5,4
2015,EPA,Region 8,32,31
2015,EPA,Region 9,5,14
2015,EPA,Region 10,110,51
2015,Ex-Im Bank,OIG,0,0
2015,Ex-Im Bank,HQ,31,33
2015,FCA,FCA,0,0
2015,FCC,FCC,28,25
2015,FCSIC,FCSIC,0,0
2015,FDIC,FDIC,0,13
2015,FEC,FEC,30,37
2015,FERC,FERC,7,11
2015,FFIEC,FFIEC,0,0
2015,FHFA,FHFA-HQ,5,5
2015,FHFA,FHFA-OIG,2,7
2015,FLRA,FSIP,0,0
2015,FLRA,Authority,0,0
2015,FLRA,IG,0,0
2015,FLRA,OGC,0,0
2015,FLRA,ATRO,0,0
2015,FLRA,BORO,0,0
2015,FLRA,CHRO,0,0
2015,FLRA,DARO,0,0
2015,FLRA,DERO,0,0
2015,FLRA,SFRO,0,0
2015,FLRA,WARO,0,0
2015,FMC,FMC,14,10
2015,FMCS,FMCS,2,2
2015,FMSHRC,FMSHRC,0,0
2015,FOMC,FOMC,8,1
2015,FRB,FRB,10,14
2015,FRTIB,FRTIB,1,2
2015,FTC,FTC,7,8
2015,GSA,GSA,84,49
2015,HHS,ACF,721,514
2015,HHS,CMS,2714,1801
2015,HHS,OIG,16,3
2015,HHS,CDC,598,673
2015,HHS,FDA,2617,2337
2015,HHS,HRSA,64,36
2015,HHS,IHS,17,36
2015,HHS,NIH,28,24
2015,HHS,SAMHSA,45,41
2015,HHS,OS,281,245
2015,HHS,OASH,92,35
2015,HHS,ACL,2,0
2015,HUD,HQ,219,222
2015,HUD,OIG,0,0
2015,HUD,R01,0,0
2015,HUD,R02,1,2
2015,HUD,R03,2,1
2015,HUD,R04,0,11
2015,HUD,R05,4,5
2015,HUD,R06,1,0
2015,HUD,R07,0,3
2015,HUD,R08,0,0
2015,HUD,R09,10,11
2015,HUD,R0X,0,1
2015,IAF,IAF,0,0
2015,IMLS,IMLS,0,0
2015,LSC,OLA,0,3
2015,LSC,OIG,0,0
2015,MCC,MCC,23,0
2015,MSPB,MSPB,10,44
2015,NARA,NARA,9361,8325
2015,NASA,AFRC,0,0
2015,NASA,ARC,4,0
2015,NASA,GRC,0,0
2015,NASA,GSFC,1,0
2015,NASA,HQ,0,0
2015,NASA,JPL,0,0
2015,NASA,JSC,1,6
2015,NASA,KSC,5,1
2015,NASA,LaRC,0,1
2015,NASA,MSFC,0,0
2015,NASA,NSSC,0,0
2015,NASA,OGC,0,0
2015,NASA,OIG,0,2
2015,NASA,SSC,0,0
2015,NCPC,NCPC,0,0
2015,NCUA,NCUA,0,0
2015,NEA,NEA,3,1
2015,NEH,NEH,0,0
2015,NIGC,NIGC,8,17
2015,NLRB,NLRB,10,266
2015,NMB,NMB,0,0
2015,NRPC,NRPC,10,33
2015,NSF,OGC,150,166
2015,NSF,OIG,0,0
2015,NTSB,NTSB,289,679
2015,ODNI,ODNI,210,272
2015,OGE,OGE,1,1
2015,OMB,OMB,27,42
2015,ONDCP,ONDCP,7,1
2015,ONHIR,ONHIR,0,0
2015,OPIC,OPIC,2,5
2015,OPM,OPM,66,77
2015,OSC,OSC,187,222
2015,OSHRC,OSHRC,0,0
2015,OSTP,OSTP,2,7
2015,PBGC,PBGC,0,0
2015,PC,FOIA Office,132,130
2015,PC,OIG,0,0
2015,PCLOB,PCLOB,1,0
2015,PRC,PRC,0,0
2015,SBA,SBA,0,7
2015,SEC,SEC,178,432
2015,SIGAR,SIGAR,2,1
2015,SSA,SSA,84,146
2015,SSS,SSS,0,0
2015,State,DoS,10041,20622
2015,State,OIG,4,4
2015,STB,STB,0,0
2015,Treasury,BEP,6,4
2015,Treasury,DO,267,396
2015,Treasury,FinCEN,1,8
2015,Treasury,IRS,317,348
2015,Treasury,MINT,0,0
2015,Treasury,OCC,5,8
2015,Treasury,TIGTA,2,0
2015,Treasury,TTB,1,0
2015,Treasury,Fiscal Service,2,3
2015,TVA,TVA,9,11
2015,U.S. CPSC,U.S. CPSC,214,188
2015,U.S. DOL,ADJ BDS,0,0
2015,U.S. DOL,ALJ,3,3
2015,U.S. DOL,ASP,3,2
2015,U.S. DOL,BLS,0,1
2015,U.S. DOL,CFO,0,1
2015,U.S. DOL,EBSA,32,41
2015,U.S. DOL,ETA,5,9
2015,U.S. DOL,EXEC SEC,0,0
2015,U.S. DOL,ILAB,0,1
2015,U.S. DOL,MSHA,59,42
2015,U.S. DOL,OASAM,23,27
2015,U.S. DOL,OCIA,3,19
2015,U.S. DOL,ODEP,0,1
2015,U.S. DOL,OFCCP,14,18
2015,U.S. DOL,OIG,15,39
2015,U.S. DOL,OLMS,6,6
2015,U.S. DOL,OPA,4,4
2015,U.S. DOL,OSEC,5,7
2015,U.S. DOL,OSHA,109,97
2015,U.S. DOL,OWCP,7,8
2015,U.S. DOL,SOL,10,7
2015,U.S. DOL,VETS,0,0
2015,U.S. DOL,WB,1,1
2015,U.S. DOL,WHD,262,259
2015,US ADF,US ADF,0,0
2015,US RRB,OIG,9,10
2015,US RRB,RRB,0,0
2015,USAB,USAB,0,0
2015,USAID,USAID,265,301
2015,USCCR,USCCR,0,0
2015,USDA,AMS,26,19
2015,USDA,APHIS,425,436
2015,USDA,ASCR,2,0
2015,USDA,FAS,0,7
2015,USDA,FNCS,16,30
2015,USDA,FS,260,280
2015,USDA,FSA,30,29
2015,USDA,FSIS,133,109
2015,USDA,GIPSA,0,1
2015,USDA,NAD,8,10
2015,USDA,NRCS,13,46
2015,USDA,OBPA,0,0
2015,USDA,OCFO,10,15
2015,USDA,OGC,15,20
2015,USDA,OIG,88,97
2015,USDA,OSEC/OCIO/DM,20,16
2015,USDA,RD,258,23
2015,USDA,REE,0,0
2015,USDA,RMA,10,10
2015,USIBWC,USIBWC,3,0
2015,USITC,USITC,0,0
2015,USNRC,USNRC,21,8
2015,USPS,PS,134,51
2015,USPS,OIG,2,2
2015,USPS,PIS,10,29
2015,USTDA,USTDA,6,21
2015,USTR,USTR,23,15
2015,VA,Admin,6,2
2015,VA,BVA,1,0
2015,VA,C&LA,3,14
2015,VA,CFM,65,18
2015,VA,GC,15,29
2015,VA,HRM,5,20
2015,VA,IG,6,0
2015,VA,Mgmt,2,6
2015,VA,NCA,13,34
2015,VA,OAL,15,20
2015,VA,OASHRA,9,12
2015,VA,OASP&IA,15,20
2015,VA,ODASB,0,0
2015,VA,ODASIA,2,20
2015,VA,ODI,1,2
2015,VA,OIT,18,6
2015,VA,ORM,0,1
2015,VA,OSDBU,2,0
2015,VA,OSP,0,0
2015,VA,P&P,1,2
2015,VA,PA,8,3
2015,VA,SEC,13,14
2015,VA,VBA,1101,379
2015,VA,VHA,1005,330
