,Number  of Full Grants,Number of Partial Grants/ Partial Denials  ,Number of Full Denials Based on Exemptions,Number of Full Denials Based on Reasons Other than Exemptions ,,,,,,,,,
,                                 ,,,No Records,All Records Referred to Another Component    or Agency,Request Withdrawn,              Fee-Related Reason,,Improper FOIA Request for Other Reason,        Not Agency Record,Duplicate Request,                 ,TOTAL
,,,,,,,,Records     not Reasonably Described,,,,Other,
,,,,,,,,,,,,*Explain in chart below,
AGENCY   OVERALL - FCC,207,127,21,94,1,74,47,74,2,11,1,0,659
